comment,label,category,label_id,is_teencode,normalized_text,text_normalized_segmented,text_raw_segmented
cái này là clip hay cap mới ghê dạ,neutral,joke,1,False,cái này là clip hay cap mới ghê dạ,cái này là clip hay cap mới ghê_dạ,cái này là clip hay cap mới ghê_dạ
an xong khat nuoc vi man,negative,disappointment,0,False,an xong khat nuoc vi man,an xong khat nuoc vi man,an xong khat nuoc vi man
Nội dung thiếu chiều sâu và khó hiểu,negative,criticism,0,False,nội dung thiếu chiều sâu và khó hiểu,nội_dung thiếu chiều sâu và khó hiểu,nội_dung thiếu chiều sâu và khó hiểu
Đúng là hàng Việt chất lượng cao,positive,compliment,2,False,đúng là hàng việt chất lượng cao,đúng là hàng việt chất_lượng cao,đúng là hàng việt chất_lượng cao
Bạn thử nhiều loại chưa?,neutral,question,1,False,bạn thử nhiều loại chưa?,bạn thử nhiều loại chưa ?,bạn thử nhiều loại chưa ?
"Đúng là loạn thần tặc tử, đáng bị xử nặng",toxic,insult,0,False,"đúng là loạn thần tặc tử, đáng bị xử nặng","đúng là loạn thần tặc tử , đáng bị xử nặng","đúng là loạn thần tặc tử , đáng bị xử nặng"
Bài này cũng bình thường thôi,neutral,statement,1,False,bài này cũng bình thường thôi,bài này cũng bình_thường thôi,bài này cũng bình_thường thôi
clip nào cũng thấy yêu đời ghê á,positive,appreciation,2,False,clip nào cũng thấy yêu đời ghê á,clip nào cũng thấy yêu_đời ghê_á,clip nào cũng thấy yêu_đời ghê_á
Đúng kiểu hám fame,toxic,insult,0,False,đúng kiểu hám fame,đúng kiểu hám fame,đúng kiểu hám fame
một phút yên lặng cho sự tinh tế này,positive,tribute,2,False,một phút yên lặng cho sự tinh tế này,một phút yên_lặng cho sự tinh_tế này,một phút yên_lặng cho sự tinh_tế này
nhiều người cứ thích chê cho vui,positive,appreciation,2,False,nhiều người cứ thích chê cho vui,nhiều người cứ thích chê cho vui,nhiều người cứ thích chê cho vui
Bạn thấy giao hàng có đúng hẹn không?,neutral,question,1,False,bạn thấy giao hàng có đúng hẹn không?,bạn thấy giao hàng có đúng hẹn không ?,bạn thấy giao hàng có đúng hẹn không ?
Sold out rồi à?,neutral,inquiry,1,False,sold out rồi à?,sold out rồi à ?,sold out rồi à ?
Bớt sân si lại cho cuộc đời dễ thở,toxic,insult,0,False,bớt sân si lại cho cuộc đời dễ thở,bớt sân si lại cho cuộc_đời dễ_thở,bớt sân si lại cho cuộc_đời dễ_thở
Stream mà constantly making excuses,toxic,insult,0,False,stream mà constantly making excuses,stream mà constantly making excuses,stream mà constantly making excuses
sao may cu thich di cong kich nguoi khac tren fb?,toxic,insult,0,True,sao may cu thích di cong kich người khac tren fb?,sao may cu thích di_cong kich người khac tren fb ?,sao may cu thich di_cong kich nguoi khac tren fb ?
Cần thêm video test thực tế,neutral,request,1,False,cần thêm video test thực tế,cần thêm video test thực_tế,cần thêm video test thực_tế
fixed mindset,negative,static_thinking,0,False,fixed mindset,fixed mindset,fixed mindset
quán có nổi tiếng thật không hay do seeding?,neutral,doubt,1,False,quán có nổi tiếng thật không hay do seeding?,quán có nổi_tiếng thật không hay do seeding ?,quán có nổi_tiếng thật không hay do seeding ?
"Nhìn phát là thấy xấu rồi, đừng cố nữa",toxic,bodyshaming,0,False,"nhìn phát là thấy xấu rồi, đừng cố nữa","nhìn phát là thấy xấu rồi , đừng cố nữa","nhìn phát là thấy xấu rồi , đừng cố nữa"
Có hướng dẫn chi tiết không bạn?,neutral,question,1,False,có hướng dẫn chi tiết không bạn?,có hướng_dẫn chi_tiết không bạn ?,có hướng_dẫn chi_tiết không bạn ?
may co biet minh dang lam tro tren fb khong?,toxic,insult,0,True,may co biết minh dang lam tro tren facebook khong?,may co biết minh dang lam tro tren facebook khong ?,may co biet minh dang lam tro tren fb khong ?
Game quá nhiều quảng cáo gây khó chịu,negative,criticism,0,False,game quá nhiều quảng cáo gây khó chịu,game quá nhiều quảng_cáo gây khó_chịu,game quá nhiều quảng_cáo gây khó_chịu
Giống như trong phim luôn á,positive,excitement,2,False,giống như trong phim luôn á,giống như trong phim luôn á,giống như trong phim luôn á
Drama queen! Làm to chuyện,negative,dramatic,0,False,drama queen! làm to chuyện,drama queen ! làm to_chuyện,drama queen ! làm to_chuyện
Chuyên gia lật mặt,toxic,insult,0,False,chuyên gia lật mặt,chuyên_gia lật mặt,chuyên_gia lật mặt
duong moi lam ma da bong troc,negative,criticism,0,False,duong moi lam ma da bong troc,duong moi lam ma da bong troc,duong moi lam ma da bong troc
không cần lời thoại vẫn truyền tải được cảm xúc,positive,visual\_narrative,2,False,không cần lời thoại vẫn truyền tải được cảm xúc,không cần lời thoại vẫn truyền_tải được cảm_xúc,không cần lời thoại vẫn truyền_tải được cảm_xúc
tự nhiên nhớ nhỏ bạn hồi nhỏ hay bắt chước giọng,positive,flashback,2,False,tự nhiên nhớ nhỏ bạn hồi nhỏ hay bắt chước giọng,tự_nhiên nhớ nhỏ bạn hồi nhỏ hay bắt_chước giọng,tự_nhiên nhớ nhỏ bạn hồi nhỏ hay bắt_chước giọng
may nghi khoe cai style do la chat lam a?,toxic,insult,0,False,may nghi khoe cai style do la chat lam a?,may nghi khoe cai style do la chat lam a ?,may nghi khoe cai style do la chat lam a ?
nếu có phần 2 tui coi đầu tiên,positive,anticipation,2,False,nếu có phần 2 tui coi đầu tiên,nếu có phần 2 tui coi đầu_tiên,nếu có phần 2 tui coi đầu_tiên
"Quảng cáo nhiều, chán vãi luôn",negative,annoyance,0,False,"quảng cáo nhiều, chán vãi luôn","quảng_cáo nhiều , chán vãi luôn","quảng_cáo nhiều , chán vãi luôn"
sao may dam mac bikini voi cai body te hai do?,toxic,insult,0,False,sao may dam mac bikini voi cai body te hai do?,sao may dam mac bikini voi cai body te hai do ?,sao may dam mac bikini voi cai body te hai do ?
tuyet voi qua,positive,excellent,2,False,tuyet voi qua,tuyet voi qua,tuyet voi qua
may nghi may la hot trend ma cu khoe tren fb?,toxic,insult,0,False,may nghi may la hot trend ma cu khoe tren fb?,may nghi may la hot_trend ma cu khoe tren fb ?,may nghi may la hot_trend ma cu khoe tren fb ?
Hidden detail! Tinh tế lắm,positive,attention_to_detail,2,False,hidden detail! tinh tế lắm,hidden detail ! tinh_tế lắm,hidden detail ! tinh_tế lắm
dân nào chả có người tốt người xấu,neutral,fairness,1,False,dân nào chả có người tốt người xấu,dân nào chả có người tốt người xấu,dân nào chả có người tốt người xấu
fan từ youtube\nvẫn hay như ngày nào 🤣🤣🤣,positive,loyalty,2,False,fan từ youtube\nvẫn hay như ngày nào 🤣🤣🤣,fan từ youtube \ nvẫn hay như ngày nào 🤣 🤣 🤣,fan từ youtube \ nvẫn hay như ngày nào 🤣 🤣 🤣
sao hồi nhỏ không thắc mắc ai lồng tiếng ta?,neutral,reflection,1,False,sao hồi nhỏ không thắc mắc ai lồng tiếng ta?,sao hồi nhỏ không thắc_mắc ai lồng_tiếng ta ?,sao hồi nhỏ không thắc_mắc ai lồng_tiếng ta ?
Ảnh fake filter quá đỗi,toxic,insult,0,False,ảnh fake filter quá đỗi,ảnh fake filter quá_đỗi,ảnh fake filter quá_đỗi
"duong nay toi qua, khong co den",negative,complaint,0,False,"duong nay toi qua, khong co den","duong nay toi qua , khong co den","duong nay toi qua , khong co den"
nếu vật lí trị liệu mà thế này thì em tình nguyện đau,positive,flirt,2,False,nếu vật lí trị liệu mà thế này thì em tình nguyện đau,nếu vật_lí trị_liệu mà thế này thì em tình_nguyện đau,nếu vật_lí trị_liệu mà thế này thì em tình_nguyện đau
Ego quá lớn so với skill,toxic,insult,0,False,ego quá lớn so với skill,ego quá lớn so với skill,ego quá lớn so với skill
may nghi may la hotface ma cu comment khap noi?,toxic,insult,0,False,may nghi may la hotface ma cu comment khap noi?,may nghi may la hotface ma cu comment khap noi ?,may nghi may la hotface ma cu comment khap noi ?
Tôi không ý kiến gì về việc này,neutral,statement,1,False,tôi không ý kiến gì về việc này,tôi không ý_kiến gì về việc này,tôi không ý_kiến gì về việc này
kiểu cười mỏi miệng rồi lại coi tiếp,positive,laughter,2,False,kiểu cười mỏi miệng rồi lại coi tiếp,kiểu cười mỏi miệng rồi lại coi tiếp,kiểu cười mỏi miệng rồi lại coi tiếp
Không thèm đánh giá 1 sao vì phí công,toxic,insult,0,False,không thèm đánh giá 1 sao vì phí công,không thèm đánh_giá 1 sao vì phí công,không thèm đánh_giá 1 sao vì phí công
vừa nghe là biết Doraemon ngay,positive,recognition,2,False,vừa nghe là biết doraemon ngay,vừa nghe là biết doraemon ngay,vừa nghe là biết doraemon ngay
Clip đáng xem nhất ngày hôm nay,positive,appreciation,2,False,clip đáng xem nhất ngày hôm nay,clip đáng xem nhất ngày hôm_nay,clip đáng xem nhất ngày hôm_nay
"Thời tiết mát thế, thích ghê luôn",positive,neutral,2,False,"thời tiết mát thế, thích ghê luôn","thời_tiết mát thế , thích ghê luôn","thời_tiết mát thế , thích ghê luôn"
Clip vui thôi đừng nghĩ nhiều,positive,appreciation,2,False,clip vui thôi đừng nghĩ nhiều,clip vui thôi đừng nghĩ nhiều,clip vui thôi đừng nghĩ nhiều
clip chang co su thu vi,negative,criticism,0,False,clip chang co su thu vi,clip chang co su thu_vi,clip chang co su thu_vi
xe may lan vao lan o to,negative,criticism,0,False,xe may lan vao lan o to,xe may lan vao lan o to,xe may lan vao lan o to
thấy quán hay bị kêu là lừa đảo nhẹ,negative,accusation,0,False,thấy quán hay bị kêu là lừa đảo nhẹ,thấy quán hay bị kêu là lừa_đảo nhẹ,thấy quán hay bị kêu là lừa_đảo nhẹ
Donation mà spend như không care,toxic,insult,0,False,donation mà spend như không care,donation mà spend như_không care,donation mà spend như_không care
Game load lâu quá,negative,complaint,0,False,game load lâu quá,game load lâu quá,game load lâu quá
cảm giác như đang xem hậu trường MV,positive,cinematic,2,False,cảm giác như đang xem hậu trường mv,cảm_giác như đang xem hậu_trường mv,cảm_giác như đang xem hậu_trường mv
Clip này coi lúc mệt đúng là xả stress,positive,appreciation,2,False,clip này coi lúc mệt đúng là xả stress,clip này coi lúc mệt đúng là xả stress,clip này coi lúc mệt đúng là xả stress
tra sua loang nhu nuoc loc,negative,criticism,0,False,tra sua loang nhu nuoc loc,tra sua loang nhu nuoc loc,tra sua loang nhu nuoc loc
ko hieu dang noi cai gi lun,negative,criticism,0,True,không hieu dang noi cai gi lun,không hieu dang noi cai gi lun,ko hieu dang noi cai gi lun
day la video am thanh thuc hay ghep?,neutral,question,1,False,day la video am thanh thuc hay ghep?,day la video am thanh thuc hay ghep ?,day la video am thanh thuc hay ghep ?
"Âm thanh nhỏ qué, tăng lên nha!",neutral,suggestion,1,False,"âm thanh nhỏ qué, tăng lên nha!","âm_thanh nhỏ qué , tăng lên nha !","âm_thanh nhỏ qué , tăng lên nha !"
chắc cần đi khám tim vì đập quá nhanh,positive,emotion,2,False,chắc cần đi khám tim vì đập quá nhanh,chắc cần đi khám tim vì đập quá nhanh,chắc cần đi khám tim vì đập quá nhanh
"LOL, cười muốn chết với video này",positive,humor,2,False,"lol, cười muốn chết với video này","lol , cười muốn chết với video này","lol , cười muốn chết với video này"
thiệt sự là quá đẹp,positive,compliment,2,False,thiệt sự là quá đẹp,thiệt sự là quá đẹp,thiệt sự là quá đẹp
sksksk,positive,laugh_gen_z,2,False,sksksk,sksksk,sksksk
Game này kém xa bản trước đó,negative,criticism,0,False,game này kém xa bản trước đó,game này kém xa bản trước đó,game này kém xa bản trước đó
coi mà mặt đơ vì cười,positive,reaction,2,False,coi mà mặt đơ vì cười,coi mà mặt đơ vì cười,coi mà mặt đơ vì cười
Không có gì đặc biệt,neutral,unremarkable,1,False,không có gì đặc biệt,không có gì đặc_biệt,không có gì đặc_biệt
Monday motivation,positive,motivational,2,False,monday motivation,monday motivation,monday motivation
nhiều người tag người yêu cũ lắm á cap này,neutral,observation,1,False,nhiều người tag người yêu cũ lắm á cap này,nhiều người tag người_yêu cũ lắm á cap này,nhiều người tag người_yêu cũ lắm á cap này
"Thằng này đáng bị tùng xẻo, phá di sản quốc gia",toxic,curse,0,True,"thằng này đáng bị tùng xẻo, phá di sản quốc gia","thằng này đáng bị tùng_xẻo , phá di_sản quốc_gia","thằng này đáng bị tùng_xẻo , phá di_sản quốc_gia"
sao lại có cap đúng tâm trạng vậy trời,positive,relatable,2,False,sao lại có cap đúng tâm trạng vậy trời,sao lại có cap đúng tâm_trạng vậy trời,sao lại có cap đúng tâm_trạng vậy trời
Bạn có video hướng dẫn không?,neutral,request,1,False,bạn có video hướng dẫn không?,bạn có video hướng_dẫn không ?,bạn có video hướng_dẫn không ?
Tôi chưa từng dùng dòng sản phẩm này,neutral,statement,1,False,tôi chưa từng dùng dòng sản phẩm này,tôi chưa từng dùng dòng sản_phẩm này,tôi chưa từng dùng dòng sản_phẩm này
Share để ủng hộ,neutral,call_to_action,1,False,share để ủng hộ,share để ủng_hộ,share để ủng_hộ
tôi tình nguyện nằm viện luôn cũng được,positive,flirt,2,False,tôi tình nguyện nằm viện luôn cũng được,tôi tình_nguyện nằm viện luôn cũng được,tôi tình_nguyện nằm viện luôn cũng được
nghĩa vụ quân sự với mỗi công dân khi đến tuổi là chuyện bình thường,positive,appreciation,2,False,nghĩa vụ quân sự với mỗi công dân khi đến tuổi là chuyện bình thường,nghĩa_vụ quân_sự với mỗi công_dân khi đến tuổi là chuyện bình_thường,nghĩa_vụ quân_sự với mỗi công_dân khi đến tuổi là chuyện bình_thường
Content này đỉnh của chóp luôn!,positive,excellence,2,False,content này đỉnh của chóp luôn!,content này đỉnh của chóp luôn !,content này đỉnh của chóp luôn !
Streamer fake humble để câu sympathy,toxic,insult,0,False,streamer fake humble để câu sympathy,streamer fake humble để câu sympathy,streamer fake humble để câu sympathy
Game này đồ họa xấu quá,negative,criticism,0,False,game này đồ họa xấu quá,game này đồ_họa xấu quá,game này đồ_họa xấu quá
"cha lua thiu, hoi moc",negative,complaint,0,False,"cha lua thiu, hoi moc","cha lua thiu , hoi moc","cha lua thiu , hoi moc"
một phút cho những người hay bị trêu giọng,positive,support,2,False,một phút cho những người hay bị trêu giọng,một phút cho những người hay bị trêu giọng,một phút cho những người hay bị trêu giọng
coi xong clip này muốn coi lại Doraemon ghê,positive,inspiration,2,False,coi xong clip này muốn coi lại doraemon ghê,coi xong clip này muốn coi lại doraemon ghê,coi xong clip này muốn coi lại doraemon ghê
Streamer copycat mà execution failed,toxic,insult,0,False,streamer copycat mà execution failed,streamer copycat mà execution failed,streamer copycat mà execution failed
Tưởng sao hóa ra cũng cùng một giuộc,toxic,insult,0,False,tưởng sao hóa ra cũng cùng một giuộc,tưởng sao hóa ra cũng cùng một giuộc,tưởng sao hóa ra cũng cùng một giuộc
Đừng up mấy cái clip kiểu này nữa,toxic,insult,0,False,đừng up mấy cái clip kiểu này nữa,đừng up mấy cái clip kiểu này nữa,đừng up mấy cái clip kiểu này nữa
Peaceful vibes! Thư giãn lắm,positive,relaxing,2,False,peaceful vibes! thư giãn lắm,peaceful vibes ! thư giãn lắm,peaceful vibes ! thư giãn lắm
cong truong lam duong hoai khong xong,negative,complaint,0,False,cong truong lam duong hoai khong xong,cong truong lam duong hoai khong xong,cong truong lam duong hoai khong xong
nhac nen on ao,negative,criticism,0,False,nhac nen on ao,nhac nen on ao,nhac nen on ao
Marksman mà damage output thấp hèn,toxic,insult,0,False,marksman mà damage output thấp hèn,marksman mà damage output thấp_hèn,marksman mà damage output thấp_hèn
"Nghèo mà đẻ con, khổ cả đời",negative,anger,0,False,"nghèo mà đẻ con, khổ cả đời","nghèo mà đẻ con , khổ cả đời","nghèo mà đẻ con , khổ cả đời"
Ae tải 1.1.1.1 là dùng ok,positive,useful,2,True,anh em tải 1.1.1.1 là dùng ok,anh_em tải 1.1.1.1 là dùng ok,ae tải 1.1.1.1 là dùng ok
self insert,negative,author_projection,0,False,self insert,self insert,self insert
Post ảnh date mà đi một mình,toxic,insult,0,False,post ảnh date mà đi một mình,post ảnh date mà đi một_mình,post ảnh date mà đi một_mình
Doraemon vẫn là anime số 1 trong lòng tui,positive,favorite,2,False,doraemon vẫn là anime số 1 trong lòng tui,doraemon vẫn là anime số 1 trong lòng tui,doraemon vẫn là anime số 1 trong lòng tui
"Coi video buồn cười ghê, ông này phá mà tỉnh bơ",neutral,humor,1,False,"coi video buồn cười ghê, ông này phá mà tỉnh bơ","coi video buồn_cười ghê , ông này phá mà tỉnh_bơ","coi video buồn_cười ghê , ông này phá mà tỉnh_bơ"
Story music mà nhạc như rác,toxic,insult,0,False,story music mà nhạc như rác,story music mà nhạc như rác,story music mà nhạc như rác
Tôi nhận hàng đúng lịch,neutral,statement,1,False,tôi nhận hàng đúng lịch,tôi nhận hàng đúng lịch,tôi nhận hàng đúng lịch
Tư vấn như không muốn bán,toxic,insult,0,False,tư vấn như không muốn bán,tư_vấn như_không muốn bán,tư_vấn như_không muốn bán
cai chan may cong the ma cung tu tin khoe a?,toxic,insult,0,False,cai chan may cong the ma cung tu tin khoe a?,cai chan may cong the ma cung tu tin khoe a ?,cai chan may cong the ma cung tu tin khoe a ?
cung hay,positive,decent,2,False,cung hay,cung hay,cung hay
"Toàn spam quảng cáo, nản!",toxic,insult,0,False,"toàn spam quảng cáo, nản!","toàn spam quảng_cáo , nản !","toàn spam quảng_cáo , nản !"
clip bi rung nhieu,negative,complaint,0,False,clip bi rung nhieu,clip bi rung nhieu,clip bi rung nhieu
Tôi không thích cái này lắm,negative,dislike,0,False,tôi không thích cái này lắm,tôi không thích cái này lắm,tôi không thích cái này lắm
"Chill đi b, bình tĩnh nha!",neutral,calm_down,1,False,"chill đi b, bình tĩnh nha!","chill đi b , bình_tĩnh nha !","chill đi b , bình_tĩnh nha !"
may nghi may la celeb ma cu khoe tren fb story the?,toxic,insult,0,True,may nghi may la celeb ma cu khoe tren facebook story the?,may nghi may la celeb ma cu khoe tren facebook story the ?,may nghi may la celeb ma cu khoe tren fb story the ?
Nội dung nhạt như nước lã,negative,criticism,0,False,nội dung nhạt như nước lã,nội_dung nhạt như nước_lã,nội_dung nhạt như nước_lã
xe buyt qua dong nguoi,negative,criticism,0,True,xe buyt qua dong người,xe buyt qua dong người,xe buyt qua dong nguoi
Sản phẩm này phù hợp cho học sinh không bạn?,neutral,question,1,False,sản phẩm này phù hợp cho học sinh không bạn?,sản_phẩm này phù_hợp cho học_sinh không bạn ?,sản_phẩm này phù_hợp cho học_sinh không bạn ?
"sup dai, nhai met",negative,criticism,0,False,"sup dai, nhai met","sup dai , nhai met","sup dai , nhai met"
:))) má anh vĩ ơiiiiii a vua chúa quáaa,positive,appreciation,2,True,:))) má anh vĩ ơi anh vua chúa quáaa,: ) ) ) má anh vĩ ơi anh vua chúa quáaa,: ) ) ) má anh vĩ ơiiiiii a vua chúa quáaa
xe tai chay vuot toc do,negative,criticism,0,False,xe tai chay vuot toc do,xe tai chay vuot toc do,xe tai chay vuot toc do
Viewer dedication mà take for granted,toxic,insult,0,False,viewer dedication mà take for granted,viewer dedication mà take for granted,viewer dedication mà take for granted
Exceeded expectations,positive,surpassed,2,False,exceeded expectations,exceeded expectations,exceeded expectations
dewy skin,positive,hydrated_look,2,False,dewy skin,dewy skin,dewy skin
nhin la biet mon nay cay roi,neutral,statement,1,True,nhin la biết mon nay cay roi,nhin la biết mon nay cay_roi,nhin la biet mon nay cay_roi
Người đâu mà đáng yêu dễ sợ,positive,compliment,2,False,người đâu mà đáng yêu dễ sợ,người đâu mà đáng yêu dễ sợ,người đâu mà đáng yêu dễ sợ
Shop block khách như phản ứng tự nhiên,toxic,insult,0,False,shop block khách như phản ứng tự nhiên,shop block khách như phản_ứng tự_nhiên,shop block khách như phản_ứng tự_nhiên
Đang giảng bài mà lớp k ai học hết z 🙄,negative,discipline,0,True,đang giảng bài mà lớp không ai học hết vậy 🙄,đang giảng bài mà lớp không ai học hết vậy 🙄,đang giảng bài mà lớp k ai học hết z 🙄
đừng bảo tui là người duy nhất xem đi xem lại clip này nha,positive,relatable,2,False,đừng bảo tui là người duy nhất xem đi xem lại clip này nha,đừng bảo tui là người duy_nhất xem đi xem_lại clip này nha,đừng bảo tui là người duy_nhất xem đi xem_lại clip này nha
Bạn gửi kèm hướng dẫn sử dụng nhé,neutral,request,1,False,bạn gửi kèm hướng dẫn sử dụng nhé,bạn gửi kèm hướng_dẫn sử_dụng nhé,bạn gửi kèm hướng_dẫn sử_dụng nhé
Không phù hợp với người mới bắt đầu,negative,accessibility,0,False,không phù hợp với người mới bắt đầu,không phù_hợp với người mới bắt_đầu,không phù_hợp với người mới bắt_đầu
Sản phẩm này có nhiều tuỳ chọn không bạn?,neutral,question,1,False,sản phẩm này có nhiều tuỳ chọn không bạn?,sản_phẩm này có nhiều tuỳ chọn không bạn ?,sản_phẩm này có nhiều tuỳ chọn không bạn ?
Diễn sâu quá rồi đó,toxic,insult,0,False,diễn sâu quá rồi đó,diễn sâu quá rồi đó,diễn sâu quá rồi đó
Loại đầu tôm,toxic,insult,0,False,loại đầu tôm,loại đầu tôm,loại đầu tôm
cam thay met moi moi lan ra duong,negative,disappointment,0,False,cam thay met moi moi lan ra duong,cam thay met moi moi lan ra duong,cam thay met moi moi lan ra duong
Thật là ngu ngốc,toxic,insult,0,False,thật là ngu ngốc,thật là ngu_ngốc,thật là ngu_ngốc
Không có thông điệp rõ ràng,negative,criticism,0,False,không có thông điệp rõ ràng,không có thông_điệp rõ_ràng,không có thông_điệp rõ_ràng
Xem cười xỉu luôn 🤣🤣,positive,excitement,2,False,xem cười xỉu luôn 🤣🤣,xem cười xỉu luôn 🤣 🤣,xem cười xỉu luôn 🤣 🤣
"Đôi này cute xỉu, ship mạnh!",positive,relationship_goals,2,False,"đôi này cute xỉu, ship mạnh!","đôi này cute xỉu , ship mạnh !","đôi này cute xỉu , ship mạnh !"
Tôi từng mơ ước làm người lồng tiếng khi nhỏ,positive,dream,2,False,tôi từng mơ ước làm người lồng tiếng khi nhỏ,tôi từng mơ_ước làm người lồng_tiếng khi nhỏ,tôi từng mơ_ước làm người lồng_tiếng khi nhỏ
ai dựng clip này chắc đầu óc thú vị lắm,positive,creativity,2,False,ai dựng clip này chắc đầu óc thú vị lắm,ai dựng clip này chắc đầu_óc thú_vị lắm,ai dựng clip này chắc đầu_óc thú_vị lắm
chỉ một khúc nhỏ thôi mà đầy tâm trạng,positive,expressive,2,False,chỉ một khúc nhỏ thôi mà đầy tâm trạng,chỉ một khúc nhỏ thôi mà đầy tâm_trạng,chỉ một khúc nhỏ thôi mà đầy tâm_trạng
Keyboard warrior in chat,toxic,insult,0,False,keyboard warrior in chat,keyboard warrior in chat,keyboard warrior in chat
cung dc thoi,neutral,acceptance,1,True,cung được thoi,cung được thoi,cung dc thoi
chất lượng hình ảnh tốt nhưng thiếu kết nối,neutral,production,1,False,chất lượng hình ảnh tốt nhưng thiếu kết nối,chất_lượng hình_ảnh tốt nhưng thiếu kết_nối,chất_lượng hình_ảnh tốt nhưng thiếu kết_nối
"Đẻ con ra mà ko lo nổi, nghĩ sao nổi",negative,anger,0,True,"đẻ con ra mà không lo nổi, nghĩ sao nổi","đẻ con ra mà không lo nổi , nghĩ sao nổi","đẻ con ra mà ko lo nổi , nghĩ sao nổi"
Không hài lòng về chính sách bảo hành,negative,complaint,0,False,không hài lòng về chính sách bảo hành,không hài_lòng về chính_sách bảo_hành,không hài_lòng về chính_sách bảo_hành
"Không sao, cứ tiếp tục nha",neutral,dismissal,1,False,"không sao, cứ tiếp tục nha","không sao , cứ tiếp_tục nha","không sao , cứ tiếp_tục nha"
"Đã nghèo còn đẻ, khổ cả đời",negative,anger,0,False,"đã nghèo còn đẻ, khổ cả đời","đã nghèo còn đẻ , khổ cả đời","đã nghèo còn đẻ , khổ cả đời"
clip vừa hài vừa đáng yêu hết sức,positive,entertainment,2,False,clip vừa hài vừa đáng yêu hết sức,clip vừa hài vừa đáng yêu hết_sức,clip vừa hài vừa đáng yêu hết_sức
đúng là trai đẹp làm gì cũng đúng,toxic,bias,0,False,đúng là trai đẹp làm gì cũng đúng,đúng là trai đẹp làm gì cũng đúng,đúng là trai đẹp làm gì cũng đúng
fake news! dung tin,negative,warning,0,False,fake news! dung tin,fake news ! dung tin,fake news ! dung tin
"Như phim bom tấn, chất xĩu!",positive,cinematic,2,False,"như phim bom tấn, chất xĩu!","như phim bom tấn , chất xĩu !","như phim bom tấn , chất xĩu !"
clip này khiến mình suy nghĩ cả buổi sáng,positive,impactful,2,False,clip này khiến mình suy nghĩ cả buổi sáng,clip này khiến mình suy_nghĩ cả buổi sáng,clip này khiến mình suy_nghĩ cả buổi sáng
Chỉnh filter hơi lố,negative,criticism,0,False,chỉnh filter hơi lố,chỉnh filter hơi lố,chỉnh filter hơi lố
Video hơi dài dòng,negative,criticism,0,False,video hơi dài dòng,video hơi dài_dòng,video hơi dài_dòng
đừng ai hỏi sao tui cười giữa đêm,positive,late\_night\_laughter,2,False,đừng ai hỏi sao tui cười giữa đêm,đừng ai hỏi sao tui cười giữa đêm,đừng ai hỏi sao tui cười giữa đêm
cai cach may comment nhin la biet vo hoc roi!,toxic,insult,0,True,cai cach may comment nhin la biết vo hoc roi!,cai cach may comment nhin la biết vo hoc roi !,cai cach may comment nhin la biet vo hoc roi !
Đặt hàng mà phải hủy vì hết hàng,negative,complaint,0,False,đặt hàng mà phải hủy vì hết hàng,đặt_hàng mà phải hủy vì hết hàng,đặt_hàng mà phải hủy vì hết hàng
"Đĩa cơm quê mà tưởng đĩa vàng, giá siêu đắt 🙏",negative,sarcasm,0,False,"đĩa cơm quê mà tưởng đĩa vàng, giá siêu đắt 🙏","đĩa cơm quê mà tưởng đĩa vàng , giá siêu đắt 🙏","đĩa cơm quê mà tưởng đĩa vàng , giá siêu đắt 🙏"
Cái mặt này nhìn phát muốn đấm,toxic,insult,0,False,cái mặt này nhìn phát muốn đấm,cái mặt này nhìn phát muốn đấm,cái mặt này nhìn phát muốn đấm
Nên học cách cảm thông nhiều hơn,positive,useful,2,False,nên học cách cảm thông nhiều hơn,nên học cách cảm_thông nhiều hơn,nên học cách cảm_thông nhiều hơn
ear candy,positive,pleasant_sounds,2,False,ear candy,ear candy,ear candy
Ảnh nail art mà như trẻ con vẽ,toxic,insult,0,False,ảnh nail art mà như trẻ con vẽ,ảnh nail art mà như trẻ_con vẽ,ảnh nail art mà như trẻ_con vẽ
sao may khong nhin lai minh truoc khi post status?,toxic,insult,0,False,sao may khong nhin lai minh truoc khi post status?,sao may khong nhin lai minh truoc khi post status ?,sao may khong nhin lai minh truoc khi post status ?
ADC mà damage như tickle,toxic,insult,0,False,adc mà damage như tickle,adc mà damage như tickle,adc mà damage như tickle
"Bạn ơi, làm tut chi tiết hơn được không?",neutral,request,1,False,"bạn ơi, làm tut chi tiết hơn được không?","bạn ơi , làm tut chi_tiết hơn được không ?","bạn ơi , làm tut chi_tiết hơn được không ?"
quán mà lấy danh nghệ sĩ để hút khách là thấy nghi nghi rồi,negative,doubt,0,False,quán mà lấy danh nghệ sĩ để hút khách là thấy nghi nghi rồi,quán mà lấy danh nghệ_sĩ để hút khách là thấy nghi nghi rồi,quán mà lấy danh nghệ_sĩ để hút khách là thấy nghi nghi rồi
Mày xứng đáng bị đánh,toxic,threat,0,False,mày xứng đáng bị đánh,mày xứng_đáng bị đánh,mày xứng_đáng bị đánh
clip này là chân ái hôm nay của tui,positive,favorite,2,False,clip này là chân ái hôm nay của tui,clip này là chân ái hôm_nay của tui,clip này là chân ái hôm_nay của tui
Spoiler-free zone here,neutral,preference,1,False,spoiler-free zone here,spoiler - free zone here,spoiler - free zone here
Thời tiết Hà Nội nay đúng là bất ngờ,neutral,neutral,1,False,thời tiết hà nội nay đúng là bất ngờ,thời_tiết hà nội nay đúng là bất_ngờ,thời_tiết hà nội nay đúng là bất_ngờ
"Chúc năm mới vui vẻ, phát tài!",positive,celebration,2,False,"chúc năm mới vui vẻ, phát tài!","chúc năm mới vui_vẻ , phát_tài !","chúc năm mới vui_vẻ , phát_tài !"
Không hài lòng về cách tư vấn,negative,complaint,0,False,không hài lòng về cách tư vấn,không hài_lòng về cách tư_vấn,không hài_lòng về cách tư_vấn
tưởng giỡn ai ngờ gây war thiệt,negative,unexpected,0,False,tưởng giỡn ai ngờ gây war thiệt,tưởng giỡn ai_ngờ gây war thiệt,tưởng giỡn ai_ngờ gây war thiệt
thiếu mỗi cái giường,positive,humor,2,False,thiếu mỗi cái giường,thiếu mỗi cái giường,thiếu mỗi cái giường
Procrastination level: expert,negative,procrastination,0,False,procrastination level: expert,procrastination level : expert,procrastination level : expert
an xong bi dau bung,negative,complaint,0,False,an xong bi dau bung,an xong bi dau bung,an xong bi dau bung
nói vui thôi chứ đừng đánh đồng nha,neutral,advice,1,False,nói vui thôi chứ đừng đánh đồng nha,nói vui thôi chứ đừng đánh_đồng nha,nói vui thôi chứ đừng đánh_đồng nha
Không có hướng dẫn bằng tiếng Việt,negative,complaint,0,False,không có hướng dẫn bằng tiếng việt,không có hướng_dẫn bằng tiếng việt,không có hướng_dẫn bằng tiếng việt
Thân hình nhìn men mà cử chỉ giống chị Phiến v 😅,toxic,teasing,0,False,thân hình nhìn men mà cử chỉ giống chị phiến v 😅,thân_hình nhìn men mà cử_chỉ giống chị phiến v 😅,thân_hình nhìn men mà cử_chỉ giống chị phiến v 😅
Chỉ thấy quảng cáo chứ không có nội dung,negative,criticism,0,False,chỉ thấy quảng cáo chứ không có nội dung,chỉ thấy quảng_cáo chứ không có nội_dung,chỉ thấy quảng_cáo chứ không có nội_dung
"Bảo vệ lăng làm ăn kiểu gì, sa thải hết đi",negative,anger,0,False,"bảo vệ lăng làm ăn kiểu gì, sa thải hết đi","bảo_vệ lăng làm_ăn kiểu gì , sa_thải hết đi","bảo_vệ lăng làm_ăn kiểu gì , sa_thải hết đi"
may co biet cai giong noi do nghe muoi mat khong?,toxic,insult,0,True,may co biết cai giong noi do nghe muoi mat khong?,may co biết cai giong noi do nghe muoi mat khong ?,may co biet cai giong noi do nghe muoi mat khong ?
Chuyên gia chơi vai người bị hại,toxic,insult,0,False,chuyên gia chơi vai người bị hại,chuyên_gia chơi vai người bị_hại,chuyên_gia chơi vai người bị_hại
an xong hoi bung,negative,disappointment,0,False,an xong hoi bung,an xong hoi bung,an xong hoi bung
Forever alone club,negative,loneliness,0,False,forever alone club,forever alone club,forever alone club
tới trường mà như đi picnic,positive,relaxing,2,False,tới trường mà như đi picnic,tới trường mà như đi picnic,tới trường mà như đi picnic
clip nay co phai an cay challenge khong?,neutral,question,1,False,clip nay co phai an cay challenge khong?,clip nay co phai an cay challenge khong ?,clip nay co phai an cay challenge khong ?
"Không thích lắm, hơi nhạt nhẽo",negative,dislike,0,False,"không thích lắm, hơi nhạt nhẽo","không thích lắm , hơi nhạt_nhẽo","không thích lắm , hơi nhạt_nhẽo"
Post ảnh achievement mà photoshop,toxic,insult,0,False,post ảnh achievement mà photoshop,post ảnh achievement mà photoshop,post ảnh achievement mà photoshop
clip này chắc gây war vùng miền mất,negative,warning,0,False,clip này chắc gây war vùng miền mất,clip này chắc gây war vùng miền mất,clip này chắc gây war vùng miền mất
OTP của tôi đây!,positive,shipping,2,False,otp của tôi đây!,otp của tôi đây !,otp của tôi đây !
cảm ơn clip đã chữa lành cả ngày dài,positive,gratitude,2,False,cảm ơn clip đã chữa lành cả ngày dài,cảm_ơn clip đã chữa lành cả ngày dài,cảm_ơn clip đã chữa lành cả ngày dài
Nhờ bạn giới thiệu thêm lựa chọn,neutral,request,1,False,nhờ bạn giới thiệu thêm lựa chọn,nhờ bạn giới_thiệu thêm lựa_chọn,nhờ bạn giới_thiệu thêm lựa_chọn
bi CSGT thoi vi loi nho nhat,negative,complaint,0,False,bi csgt thoi vi loi nho nhat,bi csgt thoi vi loi nho nhat,bi csgt thoi vi loi nho nhat
Vẫn đang theo dõi,neutral,statement,1,False,vẫn đang theo dõi,vẫn đang theo_dõi,vẫn đang theo_dõi
may co nghi cai anh do nhin ghe mat khong?,toxic,insult,0,False,may co nghi cai anh do nhin ghe mat khong?,may co nghi cai anh do nhin ghe mat khong ?,may co nghi cai anh do nhin ghe mat khong ?
may co biet cai eo to nhu cai lu do te sao?,toxic,insult,0,True,may co biết cai eo to nhu cai lu do te sao?,may co biết cai eo to nhu cai lu do te sao ?,may co biet cai eo to nhu cai lu do te sao ?
tra sua khong co sua,negative,criticism,0,False,tra sua khong co sua,tra sua khong co sua,tra sua khong co sua
sao may khong biet minh dang noi nham nhan gi?,toxic,insult,0,True,sao may khong biết minh dang noi nham nhan gi?,sao may khong biết minh dang noi nham nhan gi ?,sao may khong biet minh dang noi nham nhan gi ?
Meant to be! Trời sinh một cặp,positive,destiny,2,False,meant to be! trời sinh một cặp,meant to be ! trời sinh một cặp,meant to be ! trời sinh một cặp
Chỉ giỏi khóc thuê,toxic,insult,0,False,chỉ giỏi khóc thuê,chỉ giỏi khóc thuê,chỉ giỏi khóc thuê
"Game load chậm quá, chơi mất hứng",negative,complaint,0,False,"game load chậm quá, chơi mất hứng","game load chậm quá , chơi mất hứng","game load chậm quá , chơi mất hứng"
từng khung hình như đập vô mặt cảm xúc vậy á,positive,intense,2,False,từng khung hình như đập vô mặt cảm xúc vậy á,từng khung hình_như đập vô mặt cảm_xúc vậy á,từng khung hình_như đập vô mặt cảm_xúc vậy á
power fantasy,positive,wish_fulfillment,2,False,power fantasy,power fantasy,power fantasy
noi dai chang de lam gi,negative,criticism,0,False,noi dai chang de lam gi,noi dai chang de lam gi,noi dai chang de lam gi
góc máy đẹp lạ mà rất điện ảnh,positive,cinematic,2,False,góc máy đẹp lạ mà rất điện ảnh,góc máy đẹp lạ mà rất điện_ảnh,góc máy đẹp lạ mà rất điện_ảnh
Nói vậy thôi chứ chưa chắc đã chặn được,positive,appreciation,2,False,nói vậy thôi chứ chưa chắc đã chặn được,nói vậy thôi chứ chưa chắc đã chặn được,nói vậy thôi chứ chưa chắc đã chặn được
tôi thấy tui trong từng câu cap,positive,relatable,2,False,tôi thấy tui trong từng câu cap,tôi thấy tui trong từng câu cap,tôi thấy tui trong từng câu cap
Diễn đạt đến mức khó tin,toxic,insult,0,False,diễn đạt đến mức khó tin,diễn_đạt đến mức khó tin,diễn_đạt đến mức khó tin
"Đóng gói ẩu tả, hàng về bể hết",toxic,insult,0,False,"đóng gói ẩu tả, hàng về bể hết","đóng_gói ẩu_tả , hàng về bể hết","đóng_gói ẩu_tả , hàng về bể hết"
"Cơm quê giá cổng trời, ăn xong hết tiền 😅",negative,sarcasm,0,False,"cơm quê giá cổng trời, ăn xong hết tiền 😅","cơm quê giá cổng trời , ăn xong hết tiền 😅","cơm quê giá cổng trời , ăn xong hết tiền 😅"
ủa chú tín cx có ngiu cũ hả??,neutral,surprised,1,True,ủa chú tín cũng có ngiu cũ hả??,ủa chú tín cũng có ngiu cũ hả ? ?,ủa chú tín cx có ngiu cũ hả ? ?
"chê chi cho mệt, ai thấy hợp thì mua thôi",positive,appreciation,2,False,"chê chi cho mệt, ai thấy hợp thì mua thôi","chê chi cho mệt , ai thấy hợp thì mua thôi","chê chi cho mệt , ai thấy hợp thì mua thôi"
Give up khi bị gank 2 lần,toxic,insult,0,False,give up khi bị gank 2 lần,give up khi bị gank 2 lần,give up khi bị gank 2 lần
xem clip này xong thấy đời bớt nặng,positive,lighthearted,2,False,xem clip này xong thấy đời bớt nặng,xem clip này xong thấy đời bớt nặng,xem clip này xong thấy đời bớt nặng
Sản phẩm có nhiều vết xước nhỏ,negative,complaint,0,False,sản phẩm có nhiều vết xước nhỏ,sản_phẩm có nhiều vết xước nhỏ,sản_phẩm có nhiều vết xước nhỏ
Mát thế này đi dạo Hồ Gươm là hết ý,positive,neutral,2,False,mát thế này đi dạo hồ gươm là hết ý,mát thế này đi dạo hồ gươm là hết_ý,mát thế này đi dạo hồ gươm là hết_ý
Bạn từng dùng dịch vụ bảo hành chưa?,neutral,question,1,False,bạn từng dùng dịch vụ bảo hành chưa?,bạn từng dùng dịch_vụ bảo_hành chưa ?,bạn từng dùng dịch_vụ bảo_hành chưa ?
Sleep is for the weak,positive,prioritizing_content,2,False,sleep is for the weak,sleep is for the_weak,sleep is for the_weak
periodt,positive,period_emphasis,2,False,periodt,periodt,periodt
từ người nhút nhát trở nên mạnh mẽ hơn nhờ quân ngũ,positive,appreciation,2,False,từ người nhút nhát trở nên mạnh mẽ hơn nhờ quân ngũ,từ người nhút_nhát trở_nên mạnh_mẽ hơn nhờ quân_ngũ,từ người nhút_nhát trở_nên mạnh_mẽ hơn nhờ quân_ngũ
"Bài viết lan man, chưa rõ ý chính",negative,confusion,0,False,"bài viết lan man, chưa rõ ý chính","bài viết lan_man , chưa rõ ý chính","bài viết lan_man , chưa rõ ý chính"
Tuổi lồn mà đòi làm content chất?,toxic,vulgar,0,False,tuổi lồn mà đòi làm content chất?,tuổi lồn mà đòi làm content chất ?,tuổi lồn mà đòi làm content chất ?
Đừng spoil cho ai nha,neutral,warning,1,False,đừng spoil cho ai nha,đừng spoil cho ai nha,đừng spoil cho ai nha
Một ví dụ tiêu biểu cho cách làm ăn nghiêm túc,positive,appreciation,2,False,một ví dụ tiêu biểu cho cách làm ăn nghiêm túc,một ví_dụ tiêu_biểu cho cách làm_ăn nghiêm_túc,một ví_dụ tiêu_biểu cho cách làm_ăn nghiêm_túc
không hiểu sao nhưng thấy thích clip này ghê,positive,vibe,2,False,không hiểu sao nhưng thấy thích clip này ghê,không hiểu sao nhưng thấy thích clip này ghê,không hiểu sao nhưng thấy thích clip này ghê
cai body do nhin ma chi muon report ngay luon!,toxic,insult,0,False,cai body do nhin ma chi muon report ngay luon!,cai body do nhin ma chi muon report ngay luon !,cai body do nhin ma chi muon report ngay luon !
mỗi lần stress tui lại mở mấy clip này ra xem,positive,stress\_relief,2,False,mỗi lần stress tui lại mở mấy clip này ra xem,mỗi lần stress tui lại mở mấy clip này ra xem,mỗi lần stress tui lại mở mấy clip này ra xem
ban quay lien tuc hay cat ra tung phan?,neutral,question,1,False,ban quay lien tuc hay cat ra tung phan?,ban quay lien tuc hay cat ra tung phan ?,ban quay lien tuc hay cat ra tung phan ?
Sống kiểu bạn chắc chẳng ai ưa nổi,toxic,insult,0,False,sống kiểu bạn chắc chẳng ai ưa nổi,sống kiểu bạn chắc chẳng ai ưa nổi,sống kiểu bạn chắc chẳng ai ưa nổi
Bạn review thêm về chức năng nữa đi,neutral,request,1,False,bạn review thêm về chức năng nữa đi,bạn review thêm về chức_năng nữa đi,bạn review thêm về chức_năng nữa đi
may nghi may la celeb ma cu khoe tren fb the?,toxic,insult,0,True,may nghi may la celeb ma cu khoe tren facebook the?,may nghi may la celeb ma cu khoe tren facebook the ?,may nghi may la celeb ma cu khoe tren fb the ?
Bạn thấy dịch vụ hỗ trợ tốt không?,neutral,question,1,False,bạn thấy dịch vụ hỗ trợ tốt không?,bạn thấy dịch_vụ hỗ_trợ tốt không ?,bạn thấy dịch_vụ hỗ_trợ tốt không ?
đây là cách giải trí nhẹ nhàng không hại não,positive,casual,2,False,đây là cách giải trí nhẹ nhàng không hại não,đây là cách giải_trí nhẹ_nhàng không hại não,đây là cách giải_trí nhẹ_nhàng không hại não
"Mát mẻ thế này thích quá, cứ thế này đi",positive,neutral,2,False,"mát mẻ thế này thích quá, cứ thế này đi","mát_mẻ thế này thích quá , cứ thế này đi","mát_mẻ thế này thích quá , cứ thế này đi"
ko giu duoc khan gia,negative,disappointment,0,True,không giu duoc khan gia,không giu duoc khan gia,ko giu duoc khan gia
Good things take time,positive,patience,2,False,good things take time,good things take time,good things take time
chất lượng như vậy là được rồi,positive,appreciation,2,False,chất lượng như vậy là được rồi,chất_lượng như_vậy là được rồi,chất_lượng như_vậy là được rồi
Chơi game này không thấy giải trí,negative,disappointment,0,False,chơi game này không thấy giải trí,chơi game này không thấy giải_trí,chơi game này không thấy giải_trí
Blame team khi solo invade enemy jungle,toxic,insult,0,False,blame team khi solo invade enemy jungle,blame team khi solo invade enemy jungle,blame team khi solo invade enemy jungle
"Đỉnh của chóp, bạn là huyền thoại!",positive,legendary,2,False,"đỉnh của chóp, bạn là huyền thoại!","đỉnh của chóp , bạn là huyền_thoại !","đỉnh của chóp , bạn là huyền_thoại !"
Mày tuổi gì mà khoe khoang ở đây?,toxic,aggressive,0,False,mày tuổi gì mà khoe khoang ở đây?,mày tuổi gì mà khoe_khoang ở đây ?,mày tuổi gì mà khoe_khoang ở đây ?
Ăn cơm quê mà giá như đi du lịch nước ngoài 😭,negative,sarcasm,0,False,ăn cơm quê mà giá như đi du lịch nước ngoài 😭,ăn cơm quê mà giá_như đi du_lịch nước_ngoài 😭,ăn cơm quê mà giá_như đi du_lịch nước_ngoài 😭
Game changer! Thay đổi cuộc chơi,positive,impactful,2,False,game changer! thay đổi cuộc chơi,game changer ! thay_đổi cuộc_chơi,game changer ! thay_đổi cuộc_chơi
"Đã nghèo còn đẻ, tự chuốc khổ",toxic,sarcasm,0,False,"đã nghèo còn đẻ, tự chuốc khổ","đã nghèo còn đẻ , tự chuốc khổ","đã nghèo còn đẻ , tự chuốc khổ"
Sản phẩm dễ trầy xước,negative,criticism,0,False,sản phẩm dễ trầy xước,sản_phẩm dễ trầy_xước,sản_phẩm dễ trầy_xước
Bảo vệ lăng chắc đi ngủ nên ko thấy gì,negative,sarcasm,0,True,bảo vệ lăng chắc đi ngủ nên không thấy gì,bảo_vệ lăng chắc đi ngủ nên không thấy gì,bảo_vệ lăng chắc đi ngủ nên ko thấy gì
Học được nhiều điều từ mấy clip như vầy,positive,useful,2,False,học được nhiều điều từ mấy clip như vầy,học được nhiều điều từ mấy clip như_vầy,học được nhiều điều từ mấy clip như_vầy
Không có lửa làm sao có khói,toxic,insult,0,False,không có lửa làm sao có khói,không có lửa làm_sao có khói,không có lửa làm_sao có khói
Nghe mà muốn đập điện thoại,toxic,insult,0,False,nghe mà muốn đập điện thoại,nghe mà muốn đập điện_thoại,nghe mà muốn đập điện_thoại
xem mà muốn khóc luôn á trời,positive,emotional,2,False,xem mà muốn khóc luôn á trời,xem mà muốn khóc luôn á trời,xem mà muốn khóc luôn á trời
Tôi ship hai bạn này!,positive,shipping,2,False,tôi ship hai bạn này!,tôi ship hai bạn này !,tôi ship hai bạn này !
Ai có thông tin hỗ trợ thì share nha,neutral,question,1,False,ai có thông tin hỗ trợ thì share nha,ai có thông_tin hỗ_trợ thì share nha,ai có thông_tin hỗ_trợ thì share nha
Bạn gửi thêm thông tin tham khảo giúp mình,neutral,request,1,False,bạn gửi thêm thông tin tham khảo giúp mình,bạn gửi thêm thông_tin tham_khảo giúp mình,bạn gửi thêm thông_tin tham_khảo giúp mình
ê chú tín đội tóc giả đẹp gái v😋^^,positive,humor,2,False,ê chú tín đội tóc giả đẹp gái v😋^^,ê chú tín đội tóc giả đẹp gái v 😋 ^ ^,ê chú tín đội tóc giả đẹp gái v 😋 ^ ^
Xem hết clip mà vẫn chán,negative,disappointment,0,False,xem hết clip mà vẫn chán,xem hết clip mà vẫn chán,xem hết clip mà vẫn chán
Shop block khách thay vì giải quyết,toxic,insult,0,False,shop block khách thay vì giải quyết,shop block khách thay_vì giải_quyết,shop block khách thay_vì giải_quyết
thach trong ly toan da,negative,criticism,0,False,thach trong ly toan da,thach trong ly toan da,thach trong ly toan da
Nội dung không hợp với tôi,negative,disappointment,0,False,nội dung không hợp với tôi,nội_dung không hợp với tôi,nội_dung không hợp với tôi
"Có vẻ ổn, nhưng tui chưa chắc",neutral,uncertain,1,False,"có vẻ ổn, nhưng tui chưa chắc","có vẻ ổn , nhưng tui chưa chắc","có vẻ ổn , nhưng tui chưa chắc"
Chả có gì ngoài mồm mép,toxic,insult,0,False,chả có gì ngoài mồm mép,chả có gì ngoài mồm_mép,chả có gì ngoài mồm_mép
"Đẻ lắm để giờ chạy vạy khắp nơi, chán",toxic,sarcasm,0,False,"đẻ lắm để giờ chạy vạy khắp nơi, chán","đẻ lắm để giờ chạy_vạy khắp nơi , chán","đẻ lắm để giờ chạy_vạy khắp nơi , chán"
cảm ơn vì đã tạo ra tác phẩm này,positive,appreciation,2,False,cảm ơn vì đã tạo ra tác phẩm này,cảm_ơn vì đã tạo ra tác_phẩm này,cảm_ơn vì đã tạo ra tác_phẩm này
vsco girl,positive,environmental_aesthetic,2,False,vsco girl,vsco girl,vsco girl
Xem mà cười không ngậm được mồm 🤣,positive,excitement,2,False,xem mà cười không ngậm được mồm 🤣,xem mà cười không ngậm được mồm 🤣,xem mà cười không ngậm được mồm 🤣
ae thanh hóa thì sao bác 🐧,neutral,question,1,True,anh em thanh hóa thì sao bác 🐧,anh_em thanh_hóa thì sao bác 🐧,ae thanh_hóa thì sao bác 🐧
Bạn có mã giảm giá không?,neutral,question,1,False,bạn có mã giảm giá không?,bạn có mã giảm_giá không ?,bạn có mã giảm_giá không ?
Bạn chia sẻ video hướng dẫn đi,neutral,request,1,False,bạn chia sẻ video hướng dẫn đi,bạn chia_sẻ video hướng_dẫn đi,bạn chia_sẻ video hướng_dẫn đi
"Nhìn clip mà xót, thương anh",positive,neutral,2,False,"nhìn clip mà xót, thương anh","nhìn clip mà xót , thương anh","nhìn clip mà xót , thương anh"
Video nhìn thiếu chuyên nghiệp,negative,criticism,0,False,video nhìn thiếu chuyên nghiệp,video nhìn thiếu chuyên_nghiệp,video nhìn thiếu chuyên_nghiệp
Đã thử nhưng không hiệu quả,negative,disappointment,0,False,đã thử nhưng không hiệu quả,đã thử nhưng không hiệu_quả,đã thử nhưng không hiệu_quả
duong cong va hep nguy hiem,negative,criticism,0,False,duong cong va hep nguy hiem,duong cong va hep nguy hiem,duong cong va hep nguy hiem
Sản phẩm lỗi trả bảo hành như đánh đố,toxic,insult,0,False,sản phẩm lỗi trả bảo hành như đánh đố,sản_phẩm lỗi trả bảo_hành như đánh_đố,sản_phẩm lỗi trả bảo_hành như đánh_đố
mọi chuyện bắt đầu từ cái cap,neutral,statement,1,False,mọi chuyện bắt đầu từ cái cap,mọi chuyện bắt_đầu_từ cái cap,mọi chuyện bắt_đầu_từ cái cap
nhin do an ma them ghe,neutral,statement,1,False,nhin do an ma them ghe,nhin do an ma them ghe,nhin do an ma them ghe
"DM tui đi, tui rảnh nè bạn!",neutral,contact,1,True,"địt mẹ tui đi, tui rảnh nè bạn!","địt_mẹ tui đi , tui rảnh nè bạn !","dm tui đi , tui rảnh nè bạn !"
Có tâm làm clip là thấy rõ,positive,appreciation,2,False,có tâm làm clip là thấy rõ,có tâm làm clip là thấy rõ,có tâm làm clip là thấy rõ
Quảng cáo 1 đằng giao 1 nẻo,toxic,insult,0,False,quảng cáo 1 đằng giao 1 nẻo,quảng_cáo 1 đằng giao 1 nẻo,quảng_cáo 1 đằng giao 1 nẻo
Bạn có định làm thêm video không?,neutral,question,1,False,bạn có định làm thêm video không?,bạn có định làm thêm video không ?,bạn có định làm thêm video không ?
"Tạm oke, nhưng cx hok ấn tượng!",neutral,mediocre,1,True,"tạm oke, nhưng cũng không ấn tượng!","tạm oke , nhưng cũng không ấn_tượng !","tạm oke , nhưng cx hok ấn_tượng !"
"Đội bảo vệ lăng làm ăn kiểu gì, đuổi hết",negative,anger,0,False,"đội bảo vệ lăng làm ăn kiểu gì, đuổi hết","đội bảo_vệ lăng làm_ăn kiểu gì , đuổi hết","đội bảo_vệ lăng làm_ăn kiểu gì , đuổi hết"
ai giải thích giúp mình đoạn giữa với?,neutral,question,1,False,ai giải thích giúp mình đoạn giữa với?,ai giải_thích giúp mình đoạn giữa với ?,ai giải_thích giúp mình đoạn giữa với ?
Post ảnh ăn hoài như review thức ăn,toxic,insult,0,False,post ảnh ăn hoài như review thức ăn,post ảnh ăn hoài như review thức_ăn,post ảnh ăn hoài như review thức_ăn
xe may leo via he,negative,criticism,0,False,xe may leo via he,xe may leo via he,xe may leo via he
mệt chết :))),neutral,exhausted,1,False,mệt chết :))),mệt chết : ) ) ),mệt chết : ) ) )
Càng ngày càng thấy bạn kém cỏi,toxic,insult,0,False,càng ngày càng thấy bạn kém cỏi,càng ngày_càng thấy bạn kém_cỏi,càng ngày_càng thấy bạn kém_cỏi
Đặt hàng trăm lần rồi mà lần nào cũng lỗi,toxic,insult,0,False,đặt hàng trăm lần rồi mà lần nào cũng lỗi,đặt_hàng trăm lần rồi mà lần nào cũng lỗi,đặt_hàng trăm lần rồi mà lần nào cũng lỗi
may co biet cai status nay nhin ngu the nao?,toxic,insult,0,True,may co biết cai status nay nhin ngu the nao?,may co biết cai status nay nhin ngu the nao ?,may co biet cai status nay nhin ngu the nao ?
"không đau gì hết, chỉ là tim loạn nhịp",positive,funny,2,False,"không đau gì hết, chỉ là tim loạn nhịp","không đau gì hết , chỉ là tim loạn nhịp","không đau gì hết , chỉ là tim loạn nhịp"
Phong cách b t mê xĩu lun!,positive,appreciation,2,False,phong cách b t mê xĩu lun!,phong_cách b t mê xĩu lun !,phong_cách b t mê xĩu lun !
bài học nhớ đời luôn,positive,appreciation,2,False,bài học nhớ đời luôn,bài_học nhớ_đời luôn,bài_học nhớ_đời luôn
"Nghèo còn đẻ, đúng là tự làm khổ mình",toxic,sarcasm,0,False,"nghèo còn đẻ, đúng là tự làm khổ mình","nghèo còn đẻ , đúng là tự làm khổ mình","nghèo còn đẻ , đúng là tự làm khổ mình"
Đặt hàng xong như đi tù,toxic,insult,0,False,đặt hàng xong như đi tù,đặt_hàng xong như đi tù,đặt_hàng xong như đi tù
Iconic! Biểu tượng luôn,positive,iconic,2,False,iconic! biểu tượng luôn,iconic ! biểu_tượng luôn,iconic ! biểu_tượng luôn
trình độ diễn xuất level tiktok,positive,performance,2,False,trình độ diễn xuất level tiktok,trình_độ diễn_xuất level tiktok,trình_độ diễn_xuất level tiktok
Chưa rõ nguồn gốc sản phẩm,neutral,statement,1,False,chưa rõ nguồn gốc sản phẩm,chưa rõ nguồn_gốc sản_phẩm,chưa rõ nguồn_gốc sản_phẩm
"Tùy bạn, tui không ý kiến gì",neutral,indifference,1,False,"tùy bạn, tui không ý kiến gì","tùy bạn , tui không ý_kiến gì","tùy bạn , tui không ý_kiến gì"
ai đó hãy làm thêm kiểu này nữa đi,positive,request,2,False,ai đó hãy làm thêm kiểu này nữa đi,ai đó hãy làm thêm kiểu này nữa đi,ai đó hãy làm thêm kiểu này nữa đi
Shop bán hàng nhái mà giá như hàng thật,toxic,insult,0,False,shop bán hàng nhái mà giá như hàng thật,shop bán hàng nhái mà giá_như hàng thật,shop bán hàng nhái mà giá_như hàng thật
Bạn review hộp sản phẩm đi,neutral,request,1,False,bạn review hộp sản phẩm đi,bạn review hộp sản_phẩm đi,bạn review hộp sản_phẩm đi
co ve k thu vi lam,negative,uninteresting,0,True,co ve không thu vi lam,co ve không thu vi lam,co ve_k thu vi lam
may co biet cai body do nhin xau xi ra sao?,toxic,insult,0,True,may co biết cai body do nhin xau xi ra sao?,may co biết cai body do nhin xau xi ra sao ?,may co biet cai body do nhin xau xi ra sao ?
"Been there, done that",positive,experience,2,False,"been there, done that","been there , done that","been there , done that"
giọng nhân vật nào cũng có nét riêng,positive,observation,2,False,giọng nhân vật nào cũng có nét riêng,giọng nhân_vật nào cũng có nét riêng,giọng nhân_vật nào cũng có nét riêng
mấy người lồng tiếng xứng đáng được vinh danh,positive,recognition,2,False,mấy người lồng tiếng xứng đáng được vinh danh,mấy người lồng_tiếng xứng_đáng được vinh_danh,mấy người lồng_tiếng xứng_đáng được vinh_danh
Có nhận ship tỉnh không shop?,neutral,question,1,False,có nhận ship tỉnh không shop?,có nhận ship tỉnh không shop ?,có nhận ship tỉnh không shop ?
Outfit xấu mà tưởng mình fashionista,toxic,insult,0,False,outfit xấu mà tưởng mình fashionista,outfit xấu mà tưởng mình fashionista,outfit xấu mà tưởng mình fashionista
Lời nói đôi khi không như hành động,positive,useful,2,False,lời nói đôi khi không như hành động,lời_nói đôi_khi không như hành_động,lời_nói đôi_khi không như hành_động
Không thấy vui như quảng cáo,negative,disappointment,0,False,không thấy vui như quảng cáo,không thấy vui như quảng_cáo,không thấy vui như quảng_cáo
Ủa vậy chứ ai tag ny mình vô đây vậy,negative,suspicion,0,True,ủa vậy chứ ai tag người yêu mình vô đây vậy,ủa_vậy chứ ai tag người_yêu mình vô đây_vậy,ủa_vậy chứ ai tag ny mình vô đây_vậy
may co nghi cai status nay nhin ngu ngoc ra sao khong?,toxic,insult,0,False,may co nghi cai status nay nhin ngu ngoc ra sao khong?,may co nghi cai status nay nhin ngu ngoc ra sao khong ?,may co nghi cai status nay nhin ngu ngoc ra sao khong ?
cai body do ma may cung dam lam anh dai dien a?,toxic,insult,0,False,cai body do ma may cung dam lam anh dai dien a?,cai body do ma may cung dam lam anh dai dien a ?,cai body do ma may cung dam lam anh dai dien a ?
Quán cơm quê dượng bầu đúng là đỉnh cao 😎,positive,neutral,2,False,quán cơm quê dượng bầu đúng là đỉnh cao 😎,quán cơm quê dượng bầu đúng là đỉnh_cao 😎,quán cơm quê dượng bầu đúng là đỉnh_cao 😎
ban co the chia se link mua khong?,neutral,request,1,False,ban co the chia se link mua khong?,ban co the chia se link mua khong ?,ban co the chia se link mua khong ?
"Chán quá, clip nào cũng như nhau",negative,disappointment,0,False,"chán quá, clip nào cũng như nhau","chán quá , clip nào cũng như nhau","chán quá , clip nào cũng như nhau"
cai cach may viet status nhin la biet thieu muoi!,toxic,insult,0,True,cai cach may viet status nhin la biết thieu muoi!,cai cach may viet status nhin la biết thieu muoi !,cai cach may viet status nhin la biet thieu muoi !
mấy bạn học sinh giờ khác thật,positive,appreciation,2,False,mấy bạn học sinh giờ khác thật,mấy bạn học_sinh giờ khác thật,mấy bạn học_sinh giờ khác thật
cap mà như lyric nhạc luôn á,positive,poetic,2,False,cap mà như lyric nhạc luôn á,cap mà như lyric nhạc luôn á,cap mà như lyric nhạc luôn á
"Chill đi bạn ơi, bình tĩnh nào!",neutral,calm_down,1,False,"chill đi bạn ơi, bình tĩnh nào!","chill đi bạn ơi , bình_tĩnh nào !","chill đi bạn ơi , bình_tĩnh nào !"
Không hợp gu tôi lắm,negative,disappointment,0,False,không hợp gu tôi lắm,không hợp gu tôi lắm,không hợp gu tôi lắm
"Bloopers funny lắm, post đi",neutral,request,1,False,"bloopers funny lắm, post đi","bloopers funny lắm , post đi","bloopers funny lắm , post đi"
Feed rồi còn toxic nữa,toxic,insult,0,False,feed rồi còn toxic nữa,feed rồi còn toxic nữa,feed rồi còn toxic nữa
Repost nếu đồng ý,neutral,call_to_action,1,False,repost nếu đồng ý,repost nếu đồng_ý,repost nếu đồng_ý
Không thích nhạc nền này,negative,criticism,0,False,không thích nhạc nền này,không thích nhạc nền này,không thích nhạc nền này
Quán cơm quê này chắc nằm trên mặt trăng 😆,neutral,humor,1,False,quán cơm quê này chắc nằm trên mặt trăng 😆,quán cơm quê này chắc nằm trên mặt_trăng 😆,quán cơm quê này chắc nằm trên mặt_trăng 😆
Selfish player không care team,toxic,insult,0,False,selfish player không care team,selfish player không care team,selfish player không care team
có ai thấy giống mình không?,positive,relatable,2,False,có ai thấy giống mình không?,có ai thấy giống mình không ?,có ai thấy giống mình không ?
cai video do nhin ma chi muon report ngay!,toxic,insult,0,False,cai video do nhin ma chi muon report ngay!,cai video do nhin ma chi muon report ngay !,cai video do nhin ma chi muon report ngay !
Nghe bạn nói thấy IQ giảm luôn,toxic,insult,0,False,nghe bạn nói thấy iq giảm luôn,nghe bạn nói thấy iq giảm luôn,nghe bạn nói thấy iq giảm luôn
Thấy mệt mỏi với mấy tin kiểu này ghê,positive,appreciation,2,False,thấy mệt mỏi với mấy tin kiểu này ghê,thấy mệt_mỏi với mấy tin kiểu này ghê,thấy mệt_mỏi với mấy tin kiểu này ghê
"Info sai rùi, check lại nha!",negative,correction,0,False,"info sai rùi, check lại nha!","info sai rùi , check lại nha !","info sai rùi , check lại nha !"
"Coi clip thấy ông này lạ lắm, chắc bệnh nặng",neutral,neutral,1,False,"coi clip thấy ông này lạ lắm, chắc bệnh nặng","coi clip thấy ông này lạ lắm , chắc bệnh nặng","coi clip thấy ông này lạ lắm , chắc bệnh nặng"
xem roi muon bo theo doi,negative,disappointment,0,False,xem roi muon bo theo doi,xem roi muon bo theo doi,xem roi muon bo theo doi
mỗi lần kiểm tra là hết hồn chim én luôn,positive,excitement,2,False,mỗi lần kiểm tra là hết hồn chim én luôn,mỗi lần kiểm_tra là hết_hồn chim én luôn,mỗi lần kiểm_tra là hết_hồn chim én luôn
cap xịn quá trời,positive,compliment,2,False,cap xịn quá trời,cap xịn quá trời,cap xịn quá trời
and i oop,neutral,awkward_moment,1,False,and i oop,and i oop,and i oop
Phát ngôn như không có não,toxic,insult,0,False,phát ngôn như không có não,phát_ngôn như_không có não,phát_ngôn như_không có não
Bạn mua ở đâu vậy?,neutral,question,1,False,bạn mua ở đâu vậy?,bạn mua ở đâu_vậy ?,bạn mua ở đâu_vậy ?
Bạn có thể làm video hướng dẫn chi tiết không?,neutral,request,1,False,bạn có thể làm video hướng dẫn chi tiết không?,bạn có_thể làm video hướng_dẫn chi_tiết không ?,bạn có_thể làm video hướng_dẫn chi_tiết không ?
quán nên xem lại giá chứ khách phản ứng dữ lắm rồi,neutral,feedback,1,False,quán nên xem lại giá chứ khách phản ứng dữ lắm rồi,quán nên xem_lại giá chứ khách phản_ứng dữ lắm rồi,quán nên xem_lại giá chứ khách phản_ứng dữ lắm rồi
"Ghét thật, nội dung này cringe quá!",negative,cringe,0,False,"ghét thật, nội dung này cringe quá!","ghét thật , nội_dung này cringe quá !","ghét thật , nội_dung này cringe quá !"
Tình huống nhỏ mà truyền cảm hứng lớn,positive,appreciation,2,False,tình huống nhỏ mà truyền cảm hứng lớn,tình_huống nhỏ mà truyền_cảm_hứng lớn,tình_huống nhỏ mà truyền_cảm_hứng lớn
cai cach may comment nhin la biet thieu i ot roi!,toxic,insult,0,True,cai cach may comment nhin la biết thieu i ot roi!,cai cach may comment nhin la biết thieu i ot roi !,cai cach may comment nhin la biet thieu i ot roi !
Waterworks! Vòi nước mắt,positive,crying,2,False,waterworks! vòi nước mắt,waterworks ! vòi_nước_mắt,waterworks ! vòi_nước_mắt
Xem clip xong không có cảm xúc,negative,disappointment,0,False,xem clip xong không có cảm xúc,xem clip xong không có cảm_xúc,xem clip xong không có cảm_xúc
empties,neutral,used_up_products,1,False,empties,empties,empties
khong thay ai dieu tiet giao thong,negative,criticism,0,False,khong thay ai dieu tiet giao thong,khong thay ai dieu tiet giao thong,khong thay ai dieu tiet giao thong
clip kiểu này làm mình muốn học dựng phim,positive,inspiration,2,False,clip kiểu này làm mình muốn học dựng phim,clip kiểu này làm mình muốn học dựng_phim,clip kiểu này làm mình muốn học dựng_phim
Adrenaline rush! Máu sôi,positive,thrilling,2,False,adrenaline rush! máu sôi,adrenaline rush ! máu sôi,adrenaline rush ! máu sôi
"OK bạn ơi, tui hiểu rồi",neutral,acknowledgment,1,False,"ok bạn ơi, tui hiểu rồi","ok bạn ơi , tui hiểu rồi","ok bạn ơi , tui hiểu rồi"
Hàng tệ mà giá như vàng ròng,toxic,insult,0,False,hàng tệ mà giá như vàng ròng,hàng tệ mà giá_như vàng_ròng,hàng tệ mà giá_như vàng_ròng
may co biet cai bung to nhu cai thung do te sao?,toxic,insult,0,True,may co biết cai bung to nhu cai thung do te sao?,may co biết cai bung to nhu cai thung do te sao ?,may co biet cai bung to nhu cai thung do te sao ?
Trơ trẽn level max,toxic,insult,0,False,trơ trẽn level max,trơ_trẽn level max,trơ_trẽn level max
"Thông tin sai rồi, check lại nha!",negative,correction,0,False,"thông tin sai rồi, check lại nha!","thông_tin sai rồi , check lại nha !","thông_tin sai rồi , check lại nha !"
Nhận được hàng lỗi phải gửi lại,negative,complaint,0,False,nhận được hàng lỗi phải gửi lại,nhận được hàng lỗi phải gửi lại,nhận được hàng lỗi phải gửi lại
dang yeu qua,positive,adorable,2,False,dang yeu qua,dang yeu qua,dang yeu qua
Bảo vệ lăng chắc đi uống cà phê nên ko thấy gì,negative,sarcasm,0,True,bảo vệ lăng chắc đi uống cà phê nên không thấy gì,bảo_vệ lăng chắc đi uống cà_phê nên không thấy gì,bảo_vệ lăng chắc đi uống cà_phê nên ko thấy gì
"Reaction mà cứ như tự diễn, nhạt nhẽo thật",toxic,insult,0,False,"reaction mà cứ như tự diễn, nhạt nhẽo thật","reaction mà cứ như tự diễn , nhạt_nhẽo thật","reaction mà cứ như tự diễn , nhạt_nhẽo thật"
noi lo xo,negative,criticism,0,False,noi lo xo,noi lo xo,noi lo xo
Khuyến mãi nhưng giá vẫn cao,negative,criticism,0,False,khuyến mãi nhưng giá vẫn cao,khuyến_mãi nhưng giá vẫn cao,khuyến_mãi nhưng giá vẫn cao
coi mà mắc cười muốn xỉu,positive,exaggeration,2,False,coi mà mắc cười muốn xỉu,coi mà mắc cười muốn xỉu,coi mà mắc cười muốn xỉu
đừng có phán xét suông hoài vậy,positive,useful,2,False,đừng có phán xét suông hoài vậy,đừng có phán_xét suông hoài_vậy,đừng có phán_xét suông hoài_vậy
Bạn giải thích rõ hơn được không?,neutral,question,1,False,bạn giải thích rõ hơn được không?,bạn giải_thích rõ hơn được không ?,bạn giải_thích rõ hơn được không ?
One step at a time,neutral,guidance,1,True,one step at anh time,one step at anh time,one step at a time
ba: ba k có bạn\ncon: để con kiếm bạn cho ba😂,positive,appreciation,2,True,ba: ba không có bạn\ncon: để con kiếm bạn cho ba😂,ba : ba không có bạn \ ncon : để con kiếm bạn cho ba 😂,ba : ba k có bạn \ ncon : để con kiếm bạn cho ba 😂
học mà như đóng phim học đường vậy,positive,comparison,2,False,học mà như đóng phim học đường vậy,học mà như đóng phim học_đường vậy,học mà như đóng phim học_đường vậy
"Try hard quá, bớt đi bạn ơi!",negative,criticism,0,False,"try hard quá, bớt đi bạn ơi!","try hard quá , bớt đi bạn ơi !","try hard quá , bớt đi bạn ơi !"
Didn't see that coming,positive,surprise,2,False,didn't see that coming,didn ' t see that coming,didn ' t see that coming
Streamer làm màu suốt ngày,toxic,insult,0,False,streamer làm màu suốt ngày,streamer làm màu suốt ngày,streamer làm màu suốt ngày
Không thấy giá trị gì sau khi xem,negative,criticism,0,False,không thấy giá trị gì sau khi xem,không thấy giá_trị gì sau khi xem,không thấy giá_trị gì sau khi xem
"Không cần nói nhiều, cứ nhìn kết quả là hiểu",positive,appreciation,2,False,"không cần nói nhiều, cứ nhìn kết quả là hiểu","không cần nói nhiều , cứ nhìn kết_quả là hiểu","không cần nói nhiều , cứ nhìn kết_quả là hiểu"
không biết nên mệt hay nên cười,positive,confused,2,False,không biết nên mệt hay nên cười,không biết nên mệt hay nên cười,không biết nên mệt hay nên cười
Let's be friends!,positive,friendship,2,False,let's be friends!,let ' s be friends !,let ' s be friends !
Có tí fame là nghĩ mình là ngôi sao à?,toxic,insult,0,False,có tí fame là nghĩ mình là ngôi sao à?,có tí fame là nghĩ mình là ngôi_sao à ?,có tí fame là nghĩ mình là ngôi_sao à ?
Xem clip thấy tệ vô cùng,toxic,insult,0,False,xem clip thấy tệ vô cùng,xem clip thấy tệ vô_cùng,xem clip thấy tệ vô_cùng
do an nay bao nhieu tien mot phan?,neutral,question,1,False,do an nay bao nhieu tien mot phan?,do an nay bao nhieu tien mot phan ?,do an nay bao nhieu tien mot phan ?
"Tìm trận lâu quá, chờ mãi không được chơi",negative,complaint,0,False,"tìm trận lâu quá, chờ mãi không được chơi","tìm trận lâu quá , chờ mãi không được chơi","tìm trận lâu quá , chờ mãi không được chơi"
cái ghế cũng đẹp hơn lớp tui nữa,positive,funny,2,False,cái ghế cũng đẹp hơn lớp tui nữa,cái ghế cũng đẹp hơn lớp tui nữa,cái ghế cũng đẹp hơn lớp tui nữa
Nội dung quá nhạt,negative,criticism,0,False,nội dung quá nhạt,nội_dung quá nhạt,nội_dung quá nhạt
Xem reaction xong mất luôn cảm hứng,toxic,insult,0,False,xem reaction xong mất luôn cảm hứng,xem reaction xong mất luôn cảm_hứng,xem reaction xong mất luôn cảm_hứng
Game này chơi một lần là chán,negative,disappointment,0,False,game này chơi một lần là chán,game này chơi một lần là chán,game này chơi một lần là chán
Bạn có thể gửi thông số kỹ thuật không?,neutral,request,1,False,bạn có thể gửi thông số kỹ thuật không?,bạn có_thể gửi thông_số kỹ_thuật không ?,bạn có_thể gửi thông_số kỹ_thuật không ?
co phan edit lam roi mat,negative,criticism,0,False,co phan edit lam roi mat,co phan edit lam roi mat,co phan edit lam roi mat
noi loan xa,negative,criticism,0,False,noi loan xa,noi loan xa,noi loan xa
Stream content như không có preparation,toxic,insult,0,False,stream content như không có preparation,stream content như_không có preparation,stream content như_không có preparation
đừng nên phán xét khi chưa thử,positive,useful,2,False,đừng nên phán xét khi chưa thử,đừng nên phán_xét khi chưa thử,đừng nên phán_xét khi chưa thử
may nghi cai mat day mun do la quyen ru a?,toxic,insult,0,False,may nghi cai mat day mun do la quyen ru a?,may nghi cai mat day mun do la quyen ru a ?,may nghi cai mat day mun do la quyen ru a ?
"Thương ông này thiệt, chắc bệnh nặng lắm mới làm vậy",positive,neutral,2,False,"thương ông này thiệt, chắc bệnh nặng lắm mới làm vậy","thương ông này thiệt , chắc bệnh nặng lắm mới làm vậy","thương ông này thiệt , chắc bệnh nặng lắm mới làm vậy"
dark academia,positive,scholarly_aesthetic,2,False,dark academia,dark academia,dark academia
Cắt ghép video chưa tốt,negative,criticism,0,False,cắt ghép video chưa tốt,cắt ghép video chưa tốt,cắt ghép video chưa tốt
Comment racism subtly,toxic,insult,0,False,comment racism subtly,comment racism subtly,comment racism subtly
muốn xin slot học ké lớp này,positive,joke,2,False,muốn xin slot học ké lớp này,muốn xin slot học ké lớp này,muốn xin slot học ké lớp này
Giọng nói nghe phát chán luôn,toxic,insult,0,False,giọng nói nghe phát chán luôn,giọng nói nghe phát chán luôn,giọng nói nghe phát chán luôn
Cảm ơn bạn đã cung cấp kiến thức bổ ích,positive,gratitude,2,False,cảm ơn bạn đã cung cấp kiến thức bổ ích,cảm_ơn bạn đã cung_cấp kiến_thức bổ_ích,cảm_ơn bạn đã cung_cấp kiến_thức bổ_ích
Original! Sáng tạo lắm,positive,originality,2,False,original! sáng tạo lắm,original ! sáng_tạo lắm,original ! sáng_tạo lắm
Bạn thấy ổn không?,neutral,question,1,False,bạn thấy ổn không?,bạn thấy ổn không ?,bạn thấy ổn không ?
sao may cu khoe cai voc dang te hai do tren fb?,toxic,insult,0,False,sao may cu khoe cai voc dang te hai do tren fb?,sao may cu khoe cai voc dang te hai do tren fb ?,sao may cu khoe cai voc dang te hai do tren fb ?
nghe riết thành thói quen luôn rồi,positive,habit,2,False,nghe riết thành thói quen luôn rồi,nghe riết thành thói_quen luôn rồi,nghe riết thành thói_quen luôn rồi
"An ninh yếu kém, cần xem lại quy trình bảo vệ di sản",negative,suggestion,0,False,"an ninh yếu kém, cần xem lại quy trình bảo vệ di sản","an_ninh yếu_kém , cần xem_lại quy_trình bảo_vệ di_sản","an_ninh yếu_kém , cần xem_lại quy_trình bảo_vệ di_sản"
Để tui xem thử cái này,neutral,consideration,1,False,để tui xem thử cái này,để tui xem thử cái này,để tui xem thử cái này
"Nhạc nền chill vcl, nghe sướng tai!",positive,appreciation,2,False,"nhạc nền chill vcl, nghe sướng tai!","nhạc nền chill vcl , nghe sướng tai !","nhạc nền chill vcl , nghe sướng tai !"
Thông tin chưa rõ ràng,negative,criticism,0,False,thông tin chưa rõ ràng,thông_tin chưa rõ_ràng,thông_tin chưa rõ_ràng
Hơi khó hiểu một chút,negative,confusion,0,False,hơi khó hiểu một chút,hơi khó hiểu một_chút,hơi khó hiểu một_chút
Shop tư vấn như kiểu không cần khách,toxic,insult,0,False,shop tư vấn như kiểu không cần khách,shop tư_vấn như kiểu không cần khách,shop tư_vấn như kiểu không cần khách
may nghi may la hot trend ma cu khoe tren fb the?,toxic,insult,0,True,may nghi may la hot trend ma cu khoe tren facebook the?,may nghi may la hot_trend ma cu khoe tren facebook the ?,may nghi may la hot_trend ma cu khoe tren fb the ?
Lane phase thua crush,toxic,insult,0,False,lane phase thua crush,lane phase thua crush,lane phase thua crush
sao may dam mac quan bo voi cai chan ngan do?,toxic,insult,0,False,sao may dam mac quan bo voi cai chan ngan do?,sao may dam mac quan bo voi cai chan ngan do ?,sao may dam mac quan bo voi cai chan ngan do ?
Chó chết!,toxic,curse,0,False,chó chết!,chó chết !,chó chết !
Doraemon mà nói giọng miền Trung chắc mắc cười lắm,positive,humor,2,False,doraemon mà nói giọng miền trung chắc mắc cười lắm,doraemon mà nói giọng miền trung chắc mắc cười lắm,doraemon mà nói giọng miền trung chắc mắc cười lắm
ccmm may,toxic,curse,0,False,ccmm may,ccmm may,ccmm may
kỷ niệm không thể nào quên trong đời,positive,appreciation,2,False,kỷ niệm không thể nào quên trong đời,kỷ_niệm không_thể_nào quên trong đời,kỷ_niệm không_thể_nào quên trong đời
noi ma chang hieu,negative,criticism,0,False,noi ma chang hieu,noi ma chang hieu,noi ma chang hieu
Quảng cáo hơi lộ liễu,negative,criticism,0,False,quảng cáo hơi lộ liễu,quảng_cáo hơi lộ_liễu,quảng_cáo hơi lộ_liễu
Stream mà webcam như khoai tây,toxic,insult,0,False,stream mà webcam như khoai tây,stream mà webcam như khoai_tây,stream mà webcam như khoai_tây
Quán cơm quê mà giá như ăn ở khách sạn 5 sao 😭,negative,sarcasm,0,False,quán cơm quê mà giá như ăn ở khách sạn 5 sao 😭,quán cơm quê mà giá_như ăn_ở khách_sạn 5 sao 😭,quán cơm quê mà giá_như ăn_ở khách_sạn 5 sao 😭
Không phải gu của tôi,negative,personal_preference,0,False,không phải gu của tôi,không phải gu của tôi,không phải gu của tôi
may co biet cai body do nhin xau xi the nao?,toxic,insult,0,True,may co biết cai body do nhin xau xi the nao?,may co biết cai body do nhin xau xi the nao ?,may co biet cai body do nhin xau xi the nao ?
Phản hồi không chuyên nghiệp,negative,complaint,0,False,phản hồi không chuyên nghiệp,phản_hồi không chuyên_nghiệp,phản_hồi không chuyên_nghiệp
phuc vu le me,negative,complaint,0,False,phuc vu le me,phuc vu le me,phuc vu le me
"Lúc cần thì im, lúc hết phốt lại nói",toxic,insult,0,False,"lúc cần thì im, lúc hết phốt lại nói","lúc cần thì im , lúc hết phốt lại nói","lúc cần thì im , lúc hết phốt lại nói"
"Quán ở cổng trời, ăn xong bay luôn 😄",neutral,humor,1,False,"quán ở cổng trời, ăn xong bay luôn 😄","quán ở cổng trời , ăn xong bay luôn 😄","quán ở cổng trời , ăn xong bay luôn 😄"
"Vai u thịt bắp, nhìn không ưa nổi",toxic,bodyshaming,0,False,"vai u thịt bắp, nhìn không ưa nổi","vai u thịt bắp , nhìn không ưa nổi","vai u thịt bắp , nhìn không ưa nổi"
Bạn sử dụng được bao lâu rồi?,neutral,question,1,False,bạn sử dụng được bao lâu rồi?,bạn sử_dụng được bao_lâu rồi ?,bạn sử_dụng được bao_lâu rồi ?
mình nghĩ ai cũng nên suy nghĩ kỹ khi comment,neutral,thoughtful,1,False,mình nghĩ ai cũng nên suy nghĩ kỹ khi comment,mình nghĩ ai cũng_nên suy_nghĩ kỹ khi comment,mình nghĩ ai cũng_nên suy_nghĩ kỹ khi comment
do an bi do ra het tui,negative,complaint,0,False,do an bi do ra het tui,do an bi do ra het tui,do an bi do ra het tui
Drama chưa bao giờ thiếu tên,toxic,insult,0,False,drama chưa bao giờ thiếu tên,drama chưa bao_giờ thiếu tên,drama chưa bao_giờ thiếu tên
Đoạn nhạc không ăn khớp clip,negative,criticism,0,False,đoạn nhạc không ăn khớp clip,đoạn nhạc không ăn_khớp clip,đoạn nhạc không ăn_khớp clip
Mechanical skill như trẻ con,toxic,insult,0,False,mechanical skill như trẻ con,mechanical skill như trẻ_con,mechanical skill như trẻ_con
nhạc nền nghe thấm ghê,positive,emotion,2,False,nhạc nền nghe thấm ghê,nhạc nền nghe thấm ghê,nhạc nền nghe thấm ghê
"Ờ, được thôi",neutral,acceptance,1,False,"ờ, được thôi","ờ , được thôi","ờ , được thôi"
đùa thôi chứ cap hay đó,positive,humor,2,False,đùa thôi chứ cap hay đó,đùa thôi chứ cap hay đó,đùa thôi chứ cap hay đó
Chưa dùng nên không biết,neutral,statement,1,False,chưa dùng nên không biết,chưa dùng nên không biết,chưa dùng nên không biết
Third wheel life,neutral,single_status,1,False,third wheel life,third wheel life,third wheel life
Chưa thấy có gì đặc biệt,negative,criticism,0,False,chưa thấy có gì đặc biệt,chưa thấy có gì đặc_biệt,chưa thấy có gì đặc_biệt
Mát thế này đi dạo phố cổ là hết sảy,positive,neutral,2,False,mát thế này đi dạo phố cổ là hết sảy,mát thế này đi dạo phố cổ là hết sảy,mát thế này đi dạo phố cổ là hết sảy
lớp học kiểu gì cũng có người quay story,neutral,trend,1,False,lớp học kiểu gì cũng có người quay story,lớp_học kiểu gì cũng có người quay story,lớp_học kiểu gì cũng có người quay story
"Chúc b ra vid mới, đỉnh vl!",positive,celebration,2,False,"chúc b ra vid mới, đỉnh vl!","chúc b ra vid mới , đỉnh vl !","chúc b ra vid mới , đỉnh vl !"
Makeup như mặt nạ,toxic,insult,0,False,makeup như mặt nạ,makeup như mặt_nạ,makeup như mặt_nạ
quán này giờ đông lắm luôn,positive,appreciation,2,False,quán này giờ đông lắm luôn,quán này giờ đông lắm luôn,quán này giờ đông lắm luôn
Bạn đã mua nhiều lần ở shop này chưa?,neutral,question,1,False,bạn đã mua nhiều lần ở shop này chưa?,bạn đã mua nhiều lần ở shop này chưa ?,bạn đã mua nhiều lần ở shop này chưa ?
Solidarity với bạn,positive,support,2,False,solidarity với bạn,solidarity với bạn,solidarity với bạn
Jungle mà không biết gank,toxic,insult,0,False,jungle mà không biết gank,jungle mà không biết gank,jungle mà không biết gank
sao bệnh nhân nhìn còn bối rối hơn bác sĩ,positive,humor,2,False,sao bệnh nhân nhìn còn bối rối hơn bác sĩ,sao bệnh_nhân nhìn còn bối_rối hơn bác_sĩ,sao bệnh_nhân nhìn còn bối_rối hơn bác_sĩ
Bạn mua ở đâu giá rẻ vậy?,neutral,question,1,False,bạn mua ở đâu giá rẻ vậy?,bạn mua ở đâu giá rẻ_vậy ?,bạn mua ở đâu giá rẻ_vậy ?
Họ có tâm và có tầm thiệt sự,positive,appreciation,2,False,họ có tâm và có tầm thiệt sự,họ có tâm và có tầm thiệt sự,họ có tâm và có tầm thiệt sự
Ăn cơm quê mà tưởng đi du lịch Dubai 😜,neutral,humor,1,False,ăn cơm quê mà tưởng đi du lịch dubai 😜,ăn cơm quê mà tưởng đi du_lịch dubai 😜,ăn cơm quê mà tưởng đi du_lịch dubai 😜
ban an nhanh that do,neutral,statement,1,False,ban an nhanh that do,ban an nhanh that do,ban an nhanh that do
Đi 2 năm xong rồi về còn được tiếng thơm chú bộ đội,positive,appreciation,2,False,đi 2 năm xong rồi về còn được tiếng thơm chú bộ đội,đi 2 năm xong rồi về còn được tiếng_thơm chú bộ_đội,đi 2 năm xong rồi về còn được tiếng_thơm chú bộ_đội
ADC positioning như đứng ăn đòn,toxic,insult,0,False,adc positioning như đứng ăn đòn,adc positioning như đứng ăn đòn,adc positioning như đứng ăn đòn
day la lan thu may ban lam mukbang vay?,neutral,question,1,False,day la lan thu may ban lam mukbang vay?,day la lan thu may ban lam mukbang vay ?,day la lan thu may ban lam mukbang vay ?
Mấy pha xử lý đỉnh cao dữ ha,positive,compliment,2,False,mấy pha xử lý đỉnh cao dữ ha,mấy pha xử_lý đỉnh_cao dữ ha,mấy pha xử_lý đỉnh_cao dữ ha
Lặp lại nhiều lần quá rồi,negative,criticism,0,False,lặp lại nhiều lần quá rồi,lặp lại nhiều lần quá rồi,lặp lại nhiều lần quá rồi
Ảnh room tour mà phòng như bãi rác,toxic,insult,0,False,ảnh room tour mà phòng như bãi rác,ảnh room tour mà phòng như bãi rác,ảnh room tour mà phòng như bãi rác
Da mặt mụn mà cũng dám quay close up,toxic,bodyshaming,0,False,da mặt mụn mà cũng dám quay close up,da mặt mụn mà cũng dám quay close up,da mặt mụn mà cũng dám quay close up
"Không thấy hay lắm, bình thường thôi",negative,mediocre,0,False,"không thấy hay lắm, bình thường thôi","không thấy hay lắm , bình_thường thôi","không thấy hay lắm , bình_thường thôi"
"Try hard quá, bớt bớt đi nha!",negative,criticism,0,False,"try hard quá, bớt bớt đi nha!","try hard quá , bớt bớt đi nha !","try hard quá , bớt bớt đi nha !"
Bạn chia sẻ mẹo dùng sản phẩm đi,neutral,request,1,False,bạn chia sẻ mẹo dùng sản phẩm đi,bạn chia_sẻ mẹo dùng sản_phẩm đi,bạn chia_sẻ mẹo dùng sản_phẩm đi
Tag location sai để làm màu,toxic,insult,0,False,tag location sai để làm màu,tag location sai để làm màu,tag location sai để làm màu
giờ đọc cap cũng phải cẩn thận luôn,neutral,caution,1,False,giờ đọc cap cũng phải cẩn thận luôn,giờ đọc cap cũng phải cẩn_thận luôn,giờ đọc cap cũng phải cẩn_thận luôn
"Đôi nì cute vcl, ship mạnh!",positive,relationship_goals,2,False,"đôi nì cute vcl, ship mạnh!","đôi nì cute vcl , ship mạnh !","đôi nì cute vcl , ship mạnh !"
Game tốn quá nhiều thời gian để lên cấp,negative,criticism,0,False,game tốn quá nhiều thời gian để lên cấp,game tốn quá nhiều thời_gian để lên cấp,game tốn quá nhiều thời_gian để lên cấp
Bạn mua ở đâu vậy?,neutral,question,1,False,bạn mua ở đâu vậy?,bạn mua ở đâu_vậy ?,bạn mua ở đâu_vậy ?
Lạnh thế này lôi áo khoác ra mặc luôn,positive,neutral,2,False,lạnh thế này lôi áo khoác ra mặc luôn,lạnh thế này lôi áo_khoác ra mặc luôn,lạnh thế này lôi áo_khoác ra mặc luôn
Nhạc nền hơi khó nghe,negative,criticism,0,False,nhạc nền hơi khó nghe,nhạc nền hơi khó nghe,nhạc nền hơi khó nghe
Comment xin like lại post,toxic,insult,0,False,comment xin like lại post,comment xin like lại post,comment xin like lại post
Có clip nào chất lượng đâu mà khoe,toxic,insult,0,False,có clip nào chất lượng đâu mà khoe,có clip nào chất_lượng đâu mà khoe,có clip nào chất_lượng đâu mà khoe
may nghi may la ai ma di cong kich nguoi khac?,toxic,insult,0,True,may nghi may la ai ma di cong kich người khac?,may nghi may la ai ma_di_cong kich người khac ?,may nghi may la ai ma_di_cong kich nguoi khac ?
Chơi game nhưng không thấy giải trí chút nào,negative,disappointment,0,False,chơi game nhưng không thấy giải trí chút nào,chơi game nhưng không thấy giải_trí chút nào,chơi game nhưng không thấy giải_trí chút nào
tui đau bụng mà xem xong thấy bớt đau luôn,positive,relief,2,False,tui đau bụng mà xem xong thấy bớt đau luôn,tui đau bụng mà xem xong thấy bớt đau luôn,tui đau bụng mà xem xong thấy bớt đau luôn
Làm video kiểu này nhàm quá rồi,negative,criticism,0,False,làm video kiểu này nhàm quá rồi,làm video kiểu này nhàm quá rồi,làm video kiểu này nhàm quá rồi
Đúng là content rác,toxic,insult,0,False,đúng là content rác,đúng là content rác,đúng là content rác
ban quay bang may nao ma chat luong the?,neutral,question,1,False,ban quay bang may nao ma chat luong the?,ban quay bang may nao ma chat luong the ?,ban quay bang may nao ma chat luong the ?
"Shop chỉ quan tâm doanh số, không quan tâm khách",toxic,insult,0,False,"shop chỉ quan tâm doanh số, không quan tâm khách","shop chỉ quan_tâm doanh_số , không quan_tâm khách","shop chỉ quan_tâm doanh_số , không quan_tâm khách"
Góc nhìn khác về nghề bảo vệ,positive,useful,2,False,góc nhìn khác về nghề bảo vệ,góc nhìn khác về nghề bảo_vệ,góc nhìn khác về nghề bảo_vệ
bun dau mam tom loang,negative,criticism,0,False,bun dau mam tom loang,bun dau mam tom loang,bun dau mam tom loang
hinh nhu co j do k dung,negative,doubt,0,True,hinh nhu co gì do không dung,hinh nhu co gì do không dung,hinh nhu co j do k dung
aura,positive,personal_presence,2,False,aura,aura,aura
xem clip mà tự dưng thấy thiếu năng lượng,neutral,envy,1,False,xem clip mà tự dưng thấy thiếu năng lượng,xem clip mà tự_dưng thấy thiếu năng_lượng,xem clip mà tự_dưng thấy thiếu năng_lượng
Điều thứ nhất là k để tiền trong tk 😂,positive,appreciation,2,True,điều thứ nhất là không để tiền trong tk 😂,điều thứ nhất là không để tiền trong tk 😂,điều thứ nhất là k để tiền trong tk 😂
"bạn review chân thực quá, cảm ơn nha",positive,appreciation,2,False,"bạn review chân thực quá, cảm ơn nha","bạn review chân_thực quá , cảm_ơn nha","bạn review chân_thực quá , cảm_ơn nha"
Chúc bạn ngày càng phát triển kênh nha,positive,blessing,2,False,chúc bạn ngày càng phát triển kênh nha,chúc bạn ngày_càng phát_triển kênh nha,chúc bạn ngày_càng phát_triển kênh nha
"Đồ ngu, làm video kiểu gì thế?",toxic,insult,0,False,"đồ ngu, làm video kiểu gì thế?","đồ ngu , làm video kiểu gì thế ?","đồ ngu , làm video kiểu gì thế ?"
"Làm mãi một kiểu, không có gì mới",negative,criticism,0,False,"làm mãi một kiểu, không có gì mới","làm mãi một kiểu , không có gì mới","làm mãi một kiểu , không có gì mới"
den do chua het da bam coi,negative,criticism,0,False,den do chua het da bam coi,den do chua het da bam coi,den do chua het da bam coi
ban co lam them phan 2 khong?,neutral,question,1,False,ban co lam them phan 2 khong?,ban co lam them phan 2 khong ?,ban co lam them phan 2 khong ?
Video quay ở đâu vậy bạn?,neutral,question,1,False,video quay ở đâu vậy bạn?,video quay ở đâu vậy bạn ?,video quay ở đâu vậy bạn ?
"Camera xịn quá, giá bao nhiêu?",neutral,inquiry,1,False,"camera xịn quá, giá bao nhiêu?","camera xịn quá , giá bao_nhiêu ?","camera xịn quá , giá bao_nhiêu ?"
Sản phẩm này dùng ổn không mọi người?,neutral,question,1,False,sản phẩm này dùng ổn không mọi người?,sản_phẩm này dùng ổn không mọi người ?,sản_phẩm này dùng ổn không mọi người ?
xe may leo vao duong ray tau,negative,criticism,0,False,xe may leo vao duong ray tau,xe may leo vao duong ray tau,xe may leo vao duong ray tau
Chất lượng âm thanh thấp quá,negative,criticism,0,False,chất lượng âm thanh thấp quá,chất_lượng âm_thanh thấp quá,chất_lượng âm_thanh thấp quá
may co biet cai chan ngan tui do nhin ghe sao?,toxic,insult,0,True,may co biết cai chan ngan tui do nhin ghe sao?,may co biết cai chan ngan tui do nhin ghe_sao ?,may co biet cai chan ngan tui do nhin ghe_sao ?
Làm nội dung cũ hoài vậy?,negative,criticism,0,False,làm nội dung cũ hoài vậy?,làm nội_dung cũ hoài_vậy ?,làm nội_dung cũ hoài_vậy ?
chị xinh như tiên giáng trần vậy đó,positive,compliment,2,False,chị xinh như tiên giáng trần vậy đó,chị xinh như tiên giáng_trần vậy đó,chị xinh như tiên giáng_trần vậy đó
Bạn có link group chia sẻ kinh nghiệm không?,neutral,request,1,False,bạn có link group chia sẻ kinh nghiệm không?,bạn có link group chia_sẻ kinh_nghiệm không ?,bạn có link group chia_sẻ kinh_nghiệm không ?
Out of touch! Không realistic,negative,unrealistic,0,False,out of touch! không realistic,out of touch ! không realistic,out of touch ! không realistic
no cap,positive,truth,2,False,no cap,no cap,no cap
cai anh do nhin cai body may ma muon block ngay!,toxic,insult,0,False,cai anh do nhin cai body may ma muon block ngay!,cai anh do nhin cai body may ma muon block ngay !,cai anh do nhin cai body may ma muon block ngay !
Love story này sweet quá,positive,romantic,2,False,love story này sweet quá,love story này sweet quá,love story này sweet quá
may co biet cai bung mo do nhin xau xi ra sao?,toxic,insult,0,True,may co biết cai bung mo do nhin xau xi ra sao?,may co biết cai bung mo do nhin xau xi ra sao ?,may co biet cai bung mo do nhin xau xi ra sao ?
"Thích thì nhích thôi, sợ gì",positive,appreciation,2,False,"thích thì nhích thôi, sợ gì","thích thì nhích thôi , sợ gì","thích thì nhích thôi , sợ gì"
Ăn cơm quê mà giá như đi du lịch nước ngoài 😭,negative,sarcasm,0,False,ăn cơm quê mà giá như đi du lịch nước ngoài 😭,ăn cơm quê mà giá_như đi du_lịch nước_ngoài 😭,ăn cơm quê mà giá_như đi du_lịch nước_ngoài 😭
Chưa thuyết phục lắm,negative,skepticism,0,False,chưa thuyết phục lắm,chưa thuyết_phục lắm,chưa thuyết_phục lắm
Chắc phải uống thuốc thần kinh gấp,toxic,insult,0,False,chắc phải uống thuốc thần kinh gấp,chắc phải uống thuốc thần_kinh gấp,chắc phải uống thuốc thần_kinh gấp
người ta bỏ công sức ra nữa chứ,positive,appreciation,2,False,người ta bỏ công sức ra nữa chứ,người_ta bỏ công_sức ra nữa chứ,người_ta bỏ công_sức ra nữa chứ
không ai bắt ép ai mua hết,positive,agreement,2,False,không ai bắt ép ai mua hết,không ai bắt_ép ai mua hết,không ai bắt_ép ai mua hết
"Love is in the air, except for me",negative,loneliness,0,False,"love is in the air, except for me","love is in the air , except for me","love is in the air , except for me"
tóm lại là không nên kì vọng quá,neutral,conclusion,1,False,tóm lại là không nên kì vọng quá,tóm lại là không nên kì_vọng quá,tóm lại là không nên kì_vọng quá
clip nay quay tu bao gio vay?,neutral,question,1,False,clip nay quay tu bao gio vay?,clip nay quay tu bao gio vay ?,clip nay quay tu bao gio vay ?
cai clip nay nhin ma chi muon bo qua ngay!,toxic,insult,0,False,cai clip nay nhin ma chi muon bo qua ngay!,cai clip nay nhin ma chi muon bo qua ngay !,cai clip nay nhin ma chi muon bo qua ngay !
Game này mất cân bằng kinh khủng,negative,criticism,0,False,game này mất cân bằng kinh khủng,game này mất cân_bằng kinh_khủng,game này mất cân_bằng kinh_khủng
mỗi lần thấy bác sĩ là tim lại đập mạnh,positive,crush,2,False,mỗi lần thấy bác sĩ là tim lại đập mạnh,mỗi lần thấy bác_sĩ là tim lại đập mạnh,mỗi lần thấy bác_sĩ là tim lại đập mạnh
Thật sự nể tài năng lồng tiếng này,positive,admiration,2,False,thật sự nể tài năng lồng tiếng này,thật_sự nể tài_năng lồng_tiếng này,thật_sự nể tài_năng lồng_tiếng này
do an trong clip co cay khong ban?,neutral,question,1,False,do an trong clip co cay khong ban?,do an trong clip co cay khong ban ?,do an trong clip co cay khong ban ?
Thời gian rèn luyện bản thân cũng đáng giá mà,positive,useful,2,False,thời gian rèn luyện bản thân cũng đáng giá mà,thời_gian rèn_luyện bản_thân cũng đáng_giá mà,thời_gian rèn_luyện bản_thân cũng đáng_giá mà
"Spam comment hoài, mệt ghê!",negative,complaint,0,False,"spam comment hoài, mệt ghê!","spam comment hoài , mệt ghê !","spam comment hoài , mệt ghê !"
Bạn update firmware chưa?,neutral,question,1,False,bạn update firmware chưa?,bạn update firmware chưa ?,bạn update firmware chưa ?
Shop nói dối từ đầu đến cuối,toxic,insult,0,False,shop nói dối từ đầu đến cuối,shop nói_dối từ đầu đến cuối,shop nói_dối từ đầu đến cuối
"giong keo keo, nghe chan",negative,criticism,0,False,"giong keo keo, nghe chan","giong keo keo , nghe chan","giong keo keo , nghe chan"
Good energy! Positive lắm,positive,uplifting,2,False,good energy! positive lắm,good energy ! positive lắm,good energy ! positive lắm
Bạn đã thử test pin chưa?,neutral,question,1,False,bạn đã thử test pin chưa?,bạn đã thử test pin chưa ?,bạn đã thử test pin chưa ?
Không hiểu sao còn ai xem,toxic,insult,0,False,không hiểu sao còn ai xem,không hiểu sao còn ai xem,không hiểu sao còn ai xem
Streamer này toxic với cả community,toxic,insult,0,False,streamer này toxic với cả community,streamer này toxic với cả community,streamer này toxic với cả community
xe container chay cat dau,negative,criticism,0,False,xe container chay cat dau,xe container chay cat dau,xe container chay cat dau
Streamer này manipulate viewer emotions,toxic,insult,0,False,streamer này manipulate viewer emotions,streamer này manipulate viewer emotions,streamer này manipulate viewer emotions
Game cứ phải chơi chung với toxic nhiều quá,negative,complaint,0,False,game cứ phải chơi chung với toxic nhiều quá,game cứ phải chơi chung với toxic nhiều quá,game cứ phải chơi chung với toxic nhiều quá
Giá cơm quê thế này chắc bán ở Landmark 100 😜,negative,sarcasm,0,False,giá cơm quê thế này chắc bán ở landmark 100 😜,giá cơm quê thế này chắc bán ở landmark 100 😜,giá cơm quê thế này chắc bán ở landmark 100 😜
"Có vẻ ổn, nhưng tui chưa chắc",neutral,uncertain,1,False,"có vẻ ổn, nhưng tui chưa chắc","có vẻ ổn , nhưng tui chưa chắc","có vẻ ổn , nhưng tui chưa chắc"
vậy lỡ như bệnh nhân thuộc vua lì đòn thì phải làm sao?,positive,joke,2,False,vậy lỡ như bệnh nhân thuộc vua lì đòn thì phải làm sao?,vậy lỡ như bệnh_nhân thuộc vua lì đòn thì phải làm_sao ?,vậy lỡ như bệnh_nhân thuộc vua lì đòn thì phải làm_sao ?
Bạn thấy giao diện sử dụng dễ không?,neutral,question,1,False,bạn thấy giao diện sử dụng dễ không?,bạn thấy giao_diện sử_dụng dễ không ?,bạn thấy giao_diện sử_dụng dễ không ?
Bạn từng gặp lỗi này chưa?,neutral,question,1,False,bạn từng gặp lỗi này chưa?,bạn từng gặp lỗi này chưa ?,bạn từng gặp lỗi này chưa ?
Feeder suốt trận mà còn blame team,toxic,insult,0,False,feeder suốt trận mà còn blame team,feeder suốt trận mà còn blame team,feeder suốt trận mà còn blame team
day la do an chay hay man vay?,neutral,question,1,False,day la do an chay hay man vay?,day la do an chay hay man vay ?,day la do an chay hay man vay ?
Ảnh new haircut mà như cắt bằng cưa,toxic,insult,0,False,ảnh new haircut mà như cắt bằng cưa,ảnh new haircut mà như cắt bằng cưa,ảnh new haircut mà như cắt bằng cưa
Bạn chia sẻ chi tiết về chế độ bảo hành,neutral,request,1,False,bạn chia sẻ chi tiết về chế độ bảo hành,bạn chia_sẻ chi_tiết về chế_độ bảo_hành,bạn chia_sẻ chi_tiết về chế_độ bảo_hành
vừa xem vừa gật gù đồng cảm,positive,agreement,2,False,vừa xem vừa gật gù đồng cảm,vừa xem vừa gật_gù đồng_cảm,vừa xem vừa gật_gù đồng_cảm
Chỉ lặp đi lặp lại một chủ đề,negative,criticism,0,False,chỉ lặp đi lặp lại một chủ đề,chỉ lặp_đi lặp lại một chủ_đề,chỉ lặp_đi lặp lại một chủ_đề
"Thương gia đình anh, cố lên nhé",positive,neutral,2,False,"thương gia đình anh, cố lên nhé","thương_gia_đình anh , cố lên nhé","thương_gia_đình anh , cố lên nhé"
Attention seeking much?,negative,criticism,0,False,attention seeking much?,attention seeking much ?,attention seeking much ?
"Quá nhàm chán, không có điểm nhấn",negative,criticism,0,False,"quá nhàm chán, không có điểm nhấn","quá nhàm_chán , không có điểm nhấn","quá nhàm_chán , không có điểm nhấn"
Did not disappoint,positive,met_expectations,2,False,did not disappoint,did not disappoint,did not disappoint
order ve mo ra thay bi doi mon,negative,complaint,0,False,order ve mo ra thay bi doi mon,order ve_mo ra thay bi doi mon,order ve_mo ra thay bi doi mon
Phát ngôn như thứ thất học,toxic,insult,0,False,phát ngôn như thứ thất học,phát_ngôn như thứ thất_học,phát_ngôn như thứ thất_học
"B ơi, làm tut chi tiết hơn nha?",neutral,request,1,False,"b ơi, làm tut chi tiết hơn nha?","b ơi , làm tut chi_tiết hơn nha ?","b ơi , làm tut chi_tiết hơn nha ?"
second lead syndrome,negative,wrong_choice_pain,0,False,second lead syndrome,second lead syndrome,second lead syndrome
Post ảnh inspirational mà toxic behavior,toxic,insult,0,False,post ảnh inspirational mà toxic behavior,post ảnh inspirational mà toxic behavior,post ảnh inspirational mà toxic behavior
tuy ban,neutral,indifference,1,False,tuy ban,tuy ban,tuy ban
Chọn nhạc hợp quá trời luôn,positive,compliment,2,False,chọn nhạc hợp quá trời luôn,chọn nhạc hợp quá trời luôn,chọn nhạc hợp quá trời luôn
t nghi can cai thien them,negative,suggestion,0,False,t nghi can cai thien them,t nghi can cai thien them,t nghi can cai thien them
xem xong thấy năng lượng tích cực ghê,positive,positive\_vibes,2,False,xem xong thấy năng lượng tích cực ghê,xem xong thấy năng_lượng tích_cực ghê,xem xong thấy năng_lượng tích_cực ghê
Chỉ biết stream khi có drama,toxic,insult,0,False,chỉ biết stream khi có drama,chỉ biết stream khi có drama,chỉ biết stream khi có drama
Xem xong chẳng nhớ được gì,negative,disappointment,0,False,xem xong chẳng nhớ được gì,xem xong chẳng nhớ được gì,xem xong chẳng nhớ được gì
Bối cảnh lặp lại nhiều quá,negative,criticism,0,False,bối cảnh lặp lại nhiều quá,bối_cảnh_lặp lại nhiều quá,bối_cảnh_lặp lại nhiều quá
thiếu đúng cái giường,positive,repeat\_joke,2,False,thiếu đúng cái giường,thiếu đúng cái giường,thiếu đúng cái giường
Không hiểu sao vẫn có người đăng ký kênh này,toxic,insult,0,False,không hiểu sao vẫn có người đăng ký kênh này,không hiểu sao vẫn có người đăng_ký kênh này,không hiểu sao vẫn có người đăng_ký kênh này
Chất lượng hình ảnh không tốt,negative,criticism,0,False,chất lượng hình ảnh không tốt,chất_lượng hình_ảnh không tốt,chất_lượng hình_ảnh không tốt
Ai biết thời tiết mai có lạnh nữa ko?,neutral,question,1,False,ai biết thời tiết mai có lạnh nữa ko?,ai biết thời_tiết mai có lạnh nữa ko ?,ai biết thời_tiết mai có lạnh nữa ko ?
Game thiếu cân bằng nghiêm trọng,negative,criticism,0,False,game thiếu cân bằng nghiêm trọng,game thiếu cân_bằng nghiêm_trọng,game thiếu cân_bằng nghiêm_trọng
giọng lồng từng nhân vật khác nhau cực hay,positive,skill,2,False,giọng lồng từng nhân vật khác nhau cực hay,giọng lồng từng nhân_vật khác nhau cực hay,giọng lồng từng nhân_vật khác nhau cực hay
sự kiên nhẫn được trui rèn qua từng ngày,positive,useful,2,False,sự kiên nhẫn được trui rèn qua từng ngày,sự kiên_nhẫn được trui_rèn qua từng ngày,sự kiên_nhẫn được trui_rèn qua từng ngày
mình hiểu nhưng không biết giải thích sao,neutral,confused,1,False,mình hiểu nhưng không biết giải thích sao,mình hiểu nhưng không biết giải_thích sao,mình hiểu nhưng không biết giải_thích sao
Đầu óc có vấn đề,toxic,offensive,0,False,đầu óc có vấn đề,đầu_óc có vấn_đề,đầu_óc có vấn_đề
nuoc cham nha lam,negative,criticism,0,False,nuoc cham nha lam,nuoc cham nha_lam,nuoc cham nha_lam
Đây là bản gốc hay sao?,neutral,question,1,False,đây là bản gốc hay sao?,đây là bản_gốc hay sao ?,đây là bản_gốc hay sao ?
Không thích cơ chế mới trong game,negative,criticism,0,False,không thích cơ chế mới trong game,không thích cơ_chế mới trong game,không thích cơ_chế mới trong game
ai day,neutral,who,1,False,ai day,ai day,ai day
thanks b da share,positive,gratitude,2,False,thanks b da share,thanks b da share,thanks b da share
"ai quay clip khéo ghê, bắt trọn vibe luôn",positive,filming,2,False,"ai quay clip khéo ghê, bắt trọn vibe luôn","ai quay clip khéo ghê , bắt trọn vibe luôn","ai quay clip khéo ghê , bắt trọn vibe luôn"
Bạn chia sẻ thêm cảm nhận cá nhân nhé,neutral,request,1,False,bạn chia sẻ thêm cảm nhận cá nhân nhé,bạn chia_sẻ thêm cảm_nhận cá_nhân nhé,bạn chia_sẻ thêm cảm_nhận cá_nhân nhé
"An ninh lăng yếu kém, cần thay đổi",negative,suggestion,0,False,"an ninh lăng yếu kém, cần thay đổi","an_ninh lăng yếu_kém , cần thay_đổi","an_ninh lăng yếu_kém , cần thay_đổi"
trứng chiên nhưng chiên cả lòng tin người ăn,negative,metaphor,0,False,trứng chiên nhưng chiên cả lòng tin người ăn,trứng chiên nhưng chiên cả lòng tin người ăn,trứng chiên nhưng chiên cả lòng tin người ăn
Chỉnh filter hơi mạnh tay,negative,criticism,0,False,chỉnh filter hơi mạnh tay,chỉnh filter hơi mạnh_tay,chỉnh filter hơi mạnh_tay
quán này không dành cho người tiết kiệm,neutral,truth,1,False,quán này không dành cho người tiết kiệm,quán này không dành cho người tiết_kiệm,quán này không dành cho người tiết_kiệm
"Thằng này nói nhảm, ngu hết chỗ nói",toxic,insult,0,True,"thằng này nói nhảm, ngu hết chỗ nói","thằng này nói nhảm , ngu hết chỗ_nói","thằng này nói nhảm , ngu hết chỗ_nói"
Positioning như muốn chết,toxic,insult,0,False,positioning như muốn chết,positioning như muốn chết,positioning như muốn chết
Mất tiền oan vì tin quảng cáo,toxic,insult,0,False,mất tiền oan vì tin quảng cáo,mất tiền oan vì tin quảng_cáo,mất tiền oan vì tin quảng_cáo
Đọc bình luận thấy lo quá,negative,concern,0,False,đọc bình luận thấy lo quá,đọc bình_luận thấy lo quá,đọc bình_luận thấy lo quá
Bài nhạc nền này tên gì vậy?,neutral,question,1,False,bài nhạc nền này tên gì vậy?,bài nhạc nền này tên gì vậy ?,bài nhạc nền này tên gì vậy ?
Weekend vibes,positive,lifestyle,2,False,weekend vibes,weekend vibes,weekend vibes
mon an trong clip nhieu calo khong?,neutral,question,1,False,mon an trong clip nhieu calo khong?,mon an trong clip nhieu calo khong ?,mon an trong clip nhieu calo khong ?
Sản phẩm nhìn cũng ổn đó,neutral,statement,1,False,sản phẩm nhìn cũng ổn đó,sản_phẩm nhìn cũng ổn đó,sản_phẩm nhìn cũng ổn đó
Dượng bầu vắt view tới cạn luôn rồi 😂,neutral,humor,1,False,dượng bầu vắt view tới cạn luôn rồi 😂,dượng bầu vắt view tới cạn luôn rồi 😂,dượng bầu vắt view tới cạn luôn rồi 😂
"Sáng nay đi xe máy rét, hè đâu mất tiêu",negative,anger,0,False,"sáng nay đi xe máy rét, hè đâu mất tiêu","sáng nay đi xe_máy rét , hè đâu mất tiêu","sáng nay đi xe_máy rét , hè đâu mất tiêu"
Hàng lỗi mà không cho đổi trả,toxic,insult,0,False,hàng lỗi mà không cho đổi trả,hàng lỗi mà không cho đổi trả,hàng lỗi mà không cho đổi trả
Negative attitude từ đầu game,toxic,insult,0,False,negative attitude từ đầu game,negative attitude từ đầu game,negative attitude từ đầu game
Giọng nói dễ thương quá trời,positive,compliment,2,False,giọng nói dễ thương quá trời,giọng nói dễ_thương quá trời,giọng nói dễ_thương quá trời
Streamer chỉ biết kêu ca suốt ngày,toxic,insult,0,False,streamer chỉ biết kêu ca suốt ngày,streamer chỉ biết kêu_ca suốt ngày,streamer chỉ biết kêu_ca suốt ngày
Bạn thấy hiệu quả không?,neutral,question,1,False,bạn thấy hiệu quả không?,bạn thấy hiệu_quả không ?,bạn thấy hiệu_quả không ?
Bạn thấy hiệu suất sản phẩm ra sao?,neutral,question,1,False,bạn thấy hiệu suất sản phẩm ra sao?,bạn thấy hiệu_suất sản_phẩm ra sao ?,bạn thấy hiệu_suất sản_phẩm ra sao ?
xe khach don tra khach bat quy tac,negative,criticism,0,False,xe khach don tra khach bat quy tac,xe khach don tra khach bat quy tac,xe khach don tra khach bat quy tac
Adrenaline rush! Máu sôi,positive,thrilling,2,False,adrenaline rush! máu sôi,adrenaline rush ! máu sôi,adrenaline rush ! máu sôi
Forced! Không natural,negative,artificial,0,False,forced! không natural,forced ! không natural,forced ! không natural
Tôi tưởng tốt hơn cơ,negative,disappointment,0,False,tôi tưởng tốt hơn cơ,tôi tưởng tốt hơn cơ,tôi tưởng tốt hơn cơ
Bản update mới làm mất cân bằng game,negative,criticism,0,False,bản update mới làm mất cân bằng game,bản update mới làm mất cân_bằng game,bản update mới làm mất cân_bằng game
cai body do ma may cung dam khoe tren fb story?,toxic,insult,0,True,cai body do ma may cung dam khoe tren facebook story?,cai body do ma may cung dam khoe tren facebook story ?,cai body do ma may cung dam khoe tren fb story ?
Nhìn thôi đã muốn bỏ chạy rồi,toxic,insult,0,False,nhìn thôi đã muốn bỏ chạy rồi,nhìn thôi đã muốn bỏ chạy rồi,nhìn thôi đã muốn bỏ chạy rồi
No spoilers please!,neutral,request,1,False,no spoilers please!,no spoilers please !,no spoilers please !
"Có gì đó không đúng, nghi ngờ ghê",negative,doubt,0,False,"có gì đó không đúng, nghi ngờ ghê","có gì đó không đúng , nghi_ngờ ghê","có gì đó không đúng , nghi_ngờ ghê"
Tôi cũng mới mua gần đây,neutral,statement,1,False,tôi cũng mới mua gần đây,tôi cũng mới mua gần đây,tôi cũng mới mua gần đây
banh trang cu nhu cao su,negative,criticism,0,False,banh trang cu nhu cao su,banh trang cu nhu cao_su,banh trang cu nhu cao_su
cai chan may ngan the ma cung dam livestream a?,toxic,insult,0,False,cai chan may ngan the ma cung dam livestream a?,cai chan may ngan the ma cung dam livestream a ?,cai chan may ngan the ma cung dam livestream a ?
"Mỗi người mỗi tính, đừng quy chụp",positive,useful,2,False,"mỗi người mỗi tính, đừng quy chụp","mỗi người mỗi tính , đừng quy_chụp","mỗi người mỗi tính , đừng quy_chụp"
Post ảnh book mà chưa chắc đã đọc,toxic,insult,0,False,post ảnh book mà chưa chắc đã đọc,post ảnh book mà chưa chắc đã đọc,post ảnh book mà chưa chắc đã đọc
"Đỉnh của chóp, bạn là huyền thoại!",positive,legendary,2,False,"đỉnh của chóp, bạn là huyền thoại!","đỉnh của chóp , bạn là huyền_thoại !","đỉnh của chóp , bạn là huyền_thoại !"
Đã báo lỗi nhưng chưa được hỗ trợ,negative,complaint,0,False,đã báo lỗi nhưng chưa được hỗ trợ,đã báo lỗi nhưng chưa được hỗ_trợ,đã báo lỗi nhưng chưa được hỗ_trợ
tra sua ngot gac co,negative,criticism,0,False,tra sua ngot gac co,tra sua ngot gac co,tra sua ngot gac co
slay queen,positive,encouragement,2,False,slay queen,slay queen,slay queen
cai status nay ma may cung tu hao viet len a?,toxic,insult,0,False,cai status nay ma may cung tu hao viet len a?,cai status nay ma may cung tu hao viet len a ?,cai status nay ma may cung tu hao viet len a ?
Groundbreaking! Đột phá,positive,revolutionary,2,False,groundbreaking! đột phá,groundbreaking ! đột_phá,groundbreaking ! đột_phá
"xem hoài không chán, dễ thương thật",positive,entertainment,2,False,"xem hoài không chán, dễ thương thật","xem hoài không chán , dễ_thương thật","xem hoài không chán , dễ_thương thật"
may co biet cai giong hat do nghe ghe ra sao?,toxic,insult,0,True,may co biết cai giong hat do nghe ghe ra sao?,may co biết cai giong hat do nghe ghe ra sao ?,may co biet cai giong hat do nghe ghe ra sao ?
Story mood board mà mood always bad,toxic,insult,0,False,story mood board mà mood always bad,story mood board mà mood always bad,story mood board mà mood always bad
clip cu nhu nhau,negative,criticism,0,False,clip cu nhu nhau,clip cu nhu nhau,clip cu nhu nhau
đây là kiểu clip khiến người ta im lặng sau khi xem,positive,impact,2,False,đây là kiểu clip khiến người ta im lặng sau khi xem,đây là kiểu clip khiến người_ta im_lặng sau khi xem,đây là kiểu clip khiến người_ta im_lặng sau khi xem
"Không chê được, perfect 100%!",positive,perfection,2,False,"không chê được, perfect 100%!","không chê được , perfect 100 % !","không chê được , perfect 100 % !"
Video ngắn quá không hiểu nổi,negative,criticism,0,False,video ngắn quá không hiểu nổi,video ngắn quá không hiểu nổi,video ngắn quá không hiểu nổi
do ngu,toxic,insult,0,False,do ngu,do ngu,do ngu
Chat rules mà không enforce,toxic,insult,0,False,chat rules mà không enforce,chat rules mà không enforce,chat rules mà không enforce
Exactly! Chính xác luôn,positive,strong_agreement,2,False,exactly! chính xác luôn,exactly ! chính_xác luôn,exactly ! chính_xác luôn
"Cười xỉu, cứ làm mạnh vào xem 😆",positive,excitement,2,False,"cười xỉu, cứ làm mạnh vào xem 😆","cười xỉu , cứ làm mạnh vào xem 😆","cười xỉu , cứ làm mạnh vào xem 😆"
cai status nay nhin la biet khong co chat xam gi!,toxic,insult,0,True,cai status nay nhin la biết khong co chat xam gi!,cai status nay nhin la biết khong co chat xam gi !,cai status nay nhin la biet khong co chat xam gi !
"Clip quá bình thường, không ấn tượng",negative,disappointment,0,False,"clip quá bình thường, không ấn tượng","clip quá bình_thường , không ấn_tượng","clip quá bình_thường , không ấn_tượng"
Clip này đúng gu tui luôn á,positive,appreciation,2,False,clip này đúng gu tui luôn á,clip này đúng gu tui luôn á,clip này đúng gu tui luôn á
Reaction time như cụ già,toxic,insult,0,False,reaction time như cụ già,reaction time như cụ già,reaction time như cụ già
có khi nào lên báo luôn không trời,positive,excitement,2,False,có khi nào lên báo luôn không trời,có khi nào lên báo luôn không trời,có khi nào lên báo luôn không trời
t muốn gỡ cái cap này xuống quá,neutral,annoyance,1,False,t muốn gỡ cái cap này xuống quá,t muốn gỡ cái cap này xuống quá,t muốn gỡ cái cap này xuống quá
Cũng tạm được,neutral,mediocre,1,False,cũng tạm được,cũng tạm được,cũng tạm được
Chức năng chưa đủ như mong muốn,negative,criticism,0,False,chức năng chưa đủ như mong muốn,chức_năng chưa đủ như mong_muốn,chức_năng chưa đủ như mong_muốn
"Thằng óc chó, nói gì mà ngu thế",toxic,insult,0,True,"thằng óc chó, nói gì mà ngu thế","thằng óc chó , nói gì mà ngu_thế","thằng óc chó , nói gì mà ngu_thế"
giọng doraemon chuẩn nhất là đây,positive,admiration,2,False,giọng doraemon chuẩn nhất là đây,giọng doraemon chuẩn nhất là đây,giọng doraemon chuẩn nhất là đây
Nội dung nhạt nhẽo mà cũng đòi làm YouTuber,toxic,insult,0,False,nội dung nhạt nhẽo mà cũng đòi làm youtuber,nội_dung nhạt_nhẽo mà cũng đòi làm youtuber,nội_dung nhạt_nhẽo mà cũng đòi làm youtuber
ko co y nghia,negative,criticism,0,True,không co y nghia,không co y nghia,ko co y nghia
Streamer này toxic với mọi người,toxic,insult,0,False,streamer này toxic với mọi người,streamer này toxic với mọi người,streamer này toxic với mọi người
Series này dài bao nhiêu tập?,neutral,question,1,False,series này dài bao nhiêu tập?,series này dài bao_nhiêu tập ?,series này dài bao_nhiêu tập ?
Hàng nhái 100% mà bảo chính hãng,toxic,insult,0,False,hàng nhái 100% mà bảo chính hãng,hàng nhái 100 % mà bảo chính hãng,hàng nhái 100 % mà bảo chính hãng
cau vuot di bo ma xe may leo len,negative,criticism,0,False,cau vuot di bo ma xe may leo len,cau vuot di_bo ma xe may leo len,cau vuot di_bo ma xe may leo len
giờ nghe mấy giọng mới không quen gì hết,negative,change,0,False,giờ nghe mấy giọng mới không quen gì hết,giờ nghe mấy giọng mới không quen gì hết,giờ nghe mấy giọng mới không quen gì hết
No big deal! Không sao đâu,neutral,dismissive,1,False,no big deal! không sao đâu,no big deal ! không sao đâu,no big deal ! không sao đâu
Sản phẩm này phù hợp với ai?,neutral,question,1,False,sản phẩm này phù hợp với ai?,sản_phẩm này phù_hợp với ai ?,sản_phẩm này phù_hợp với ai ?
Tôi vừa nhận được hàng,neutral,statement,1,False,tôi vừa nhận được hàng,tôi vừa nhận được hàng,tôi vừa nhận được hàng
may nghi may la celeb ma cu khoe tren fb story?,toxic,insult,0,True,may nghi may la celeb ma cu khoe tren facebook story?,may nghi may la celeb ma cu khoe tren facebook story ?,may nghi may la celeb ma cu khoe tren fb story ?
Xin stk để hỗ trợ anh này chút,neutral,question,1,True,xin số tài khoản để hỗ trợ anh này chút,xin số tài_khoản để hỗ_trợ anh này chút,xin stk để hỗ_trợ anh này chút
ai đó làm ơn cho xin full video đi,neutral,request,1,False,ai đó làm ơn cho xin full video đi,ai đó làm_ơn cho xin full video đi,ai đó làm_ơn cho xin full video đi
Giải thích thêm đi b ơi!,neutral,question,1,False,giải thích thêm đi b ơi!,giải_thích thêm đi b ơi !,giải_thích thêm đi b ơi !
Shop nói dối như lật mặt tráng hạ,toxic,insult,0,False,shop nói dối như lật mặt tráng hạ,shop nói_dối như lật mặt tráng hạ,shop nói_dối như lật mặt tráng hạ
Đầu óc có vấn đề hay sao?,toxic,insult,0,False,đầu óc có vấn đề hay sao?,đầu_óc có vấn_đề hay sao ?,đầu_óc có vấn_đề hay sao ?
Clickbait quá đà,negative,criticism,0,False,clickbait quá đà,clickbait quá_đà,clickbait quá_đà
clip này cứu mood tui một cách thần kỳ,positive,mood\_booster,2,False,clip này cứu mood tui một cách thần kỳ,clip này cứu mood tui một_cách thần_kỳ,clip này cứu mood tui một_cách thần_kỳ
abundance mindset,positive,plenty_thinking,2,False,abundance mindset,abundance mindset,abundance mindset
"Cmm, đừng đăng mấy thứ rác này nữa",toxic,curse,0,False,"cmm, đừng đăng mấy thứ rác này nữa","cmm , đừng đăng mấy thứ rác này nữa","cmm , đừng đăng mấy thứ rác này nữa"
"Đã nghèo còn đẻ nhiều, giờ than khổ ai nghe",negative,anger,0,False,"đã nghèo còn đẻ nhiều, giờ than khổ ai nghe","đã nghèo còn đẻ nhiều , giờ than khổ ai nghe","đã nghèo còn đẻ nhiều , giờ than khổ ai nghe"
đúng là chữa bệnh kiểu Gen Z,positive,trendy,2,True,đúng là chữa bệnh kiểu gen vậy,đúng là chữa bệnh kiểu gen_vậy,đúng là chữa bệnh kiểu gen z
dựng edit nhìn mê thiệt sự luôn á,positive,visual,2,False,dựng edit nhìn mê thiệt sự luôn á,dựng edit nhìn mê thiệt sự luôn á,dựng edit nhìn mê thiệt sự luôn á
Chẳng có gì hấp dẫn cả,negative,criticism,0,False,chẳng có gì hấp dẫn cả,chẳng có gì hấp_dẫn cả,chẳng có gì hấp_dẫn cả
Bớt diễn lại đi bạn,toxic,insult,0,False,bớt diễn lại đi bạn,bớt diễn lại đi bạn,bớt diễn lại đi bạn
Chán không tả được,toxic,insult,0,False,chán không tả được,chán không tả được,chán không tả được
Chờ xem bạn làm gì tiếp theo,neutral,anticipation,1,False,chờ xem bạn làm gì tiếp theo,chờ xem bạn làm gì tiếp_theo,chờ xem bạn làm gì tiếp_theo
red carpet look,positive,formal_fashion,2,False,red carpet look,red carpet look,red carpet look
Không có gì đáng để xem hết,negative,criticism,0,False,không có gì đáng để xem hết,không có gì đáng để xem hết,không có gì đáng để xem hết
mon nay an ngai lam,negative,disappointment,0,False,mon nay an ngai lam,mon nay an ngai lam,mon nay an ngai lam
không biết là bác sĩ hay diễn viên luôn,positive,impression,2,False,không biết là bác sĩ hay diễn viên luôn,không biết là bác_sĩ hay diễn_viên luôn,không biết là bác_sĩ hay diễn_viên luôn
Tôi vừa xem xong,neutral,statement,1,False,tôi vừa xem xong,tôi vừa xem xong,tôi vừa xem xong
em sẽ tái khám mỗi tuần chỉ để nhìn thấy anh,positive,flirt,2,False,em sẽ tái khám mỗi tuần chỉ để nhìn thấy anh,em sẽ tái_khám mỗi tuần chỉ để nhìn thấy anh,em sẽ tái_khám mỗi tuần chỉ để nhìn thấy anh
sao may khong nhin lai cach an mac cua minh truoc?,toxic,insult,0,False,sao may khong nhin lai cach an mac cua minh truoc?,sao may khong nhin lai cach an mac cua minh truoc ?,sao may khong nhin lai cach an mac cua minh truoc ?
Không có phiếu bảo hành đi kèm,negative,complaint,0,False,không có phiếu bảo hành đi kèm,không có phiếu bảo_hành đi kèm,không có phiếu bảo_hành đi kèm
duong trơn truot rat nguy hiem,negative,criticism,0,False,duong trơn truot rat nguy hiem,duong trơn truot rat nguy hiem,duong trơn truot rat nguy hiem
Có thêm niềm tin vào cuộc sống rồi đó,positive,appreciation,2,False,có thêm niềm tin vào cuộc sống rồi đó,có thêm niềm tin vào cuộc_sống rồi đó,có thêm niềm tin vào cuộc_sống rồi đó
"Tạm được, nhưng chưa ấn tượng",neutral,mediocre,1,False,"tạm được, nhưng chưa ấn tượng","tạm được , nhưng chưa ấn_tượng","tạm được , nhưng chưa ấn_tượng"
"Đi xe máy sáng nay rét run, mùa hè đâu mất",negative,anger,0,False,"đi xe máy sáng nay rét run, mùa hè đâu mất","đi xe_máy sáng nay rét run , mùa hè đâu mất","đi xe_máy sáng nay rét run , mùa hè đâu mất"
cảm giác như được chữa lành,positive,healing,2,False,cảm giác như được chữa lành,cảm_giác như được chữa lành,cảm_giác như được chữa lành
Bạn chia sẻ thêm về thời gian giao hàng,neutral,request,1,False,bạn chia sẻ thêm về thời gian giao hàng,bạn chia_sẻ thêm về thời_gian giao hàng,bạn chia_sẻ thêm về thời_gian giao hàng
cai cach may comment tren fb nhin la biet vo hoc!,toxic,insult,0,True,cai cach may comment tren facebook nhin la biết vo hoc!,cai cach may comment tren facebook nhin la biết vo hoc !,cai cach may comment tren fb nhin la biet vo hoc !
dm,toxic,abbreviation_vulgar,0,True,địt mẹ,địt_mẹ,dm
xe o to mo cua dot ngot,negative,criticism,0,False,xe o to mo cua dot ngot,xe o to mo cua dot ngot,xe o to mo cua dot ngot
ban co len ke hoach truoc khi quay khong?,neutral,question,1,False,ban co len ke hoach truoc khi quay khong?,ban co len ke hoach truoc khi quay khong ?,ban co len ke hoach truoc khi quay khong ?
Bạn thấy màu nào hợp nhất?,neutral,question,1,False,bạn thấy màu nào hợp nhất?,bạn thấy màu nào hợp_nhất ?,bạn thấy màu nào hợp_nhất ?
video kho xem,negative,criticism,0,False,video kho xem,video kho xem,video kho xem
may co biet cai livestream do nhin te the nao khong?,toxic,insult,0,True,may co biết cai livestream do nhin te the nao khong?,may co biết cai livestream do nhin te the nao khong ?,may co biet cai livestream do nhin te the nao khong ?
Bạn có thể tư vấn thêm cho mình không?,neutral,request,1,False,bạn có thể tư vấn thêm cho mình không?,bạn có_thể tư_vấn thêm cho mình không ?,bạn có_thể tư_vấn thêm cho mình không ?
Game chơi lâu thấy nhàm dần,negative,disappointment,0,False,game chơi lâu thấy nhàm dần,game chơi lâu thấy nhàm dần,game chơi lâu thấy nhàm dần
Tôi chưa biết cách bảo quản sản phẩm,neutral,statement,1,False,tôi chưa biết cách bảo quản sản phẩm,tôi chưa biết cách bảo_quản sản_phẩm,tôi chưa biết cách bảo_quản sản_phẩm
t cug nghi v,positive,agreement,2,False,t cug nghi v,t cug nghi v,t cug nghi v
ở bình dương kh có bà nào mọc hoa trên đầu đâu 🙂,negative,sarcasm,0,True,ở bình dương không có bà nào mọc hoa trên đầu đâu 🙂,ở bình dương không có bà nào mọc hoa trên đầu đâu 🙂,ở bình dương kh có bà nào mọc hoa trên đầu đâu 🙂
Nội dung hơi bị nhàm,negative,criticism,0,False,nội dung hơi bị nhàm,nội_dung hơi bị nhàm,nội_dung hơi bị nhàm
nga tu nay tai nan thuong xuyen,negative,disappointment,0,False,nga tu nay tai nan thuong xuyen,nga tu nay tai nan thuong xuyen,nga tu nay tai nan thuong xuyen
"Video lag quá, fix giùm nha",neutral,technical_issue,1,False,"video lag quá, fix giùm nha","video lag quá , fix giùm nha","video lag quá , fix giùm nha"
ai nghĩ ra cap này đúng là thiên tài,positive,creativity,2,False,ai nghĩ ra cap này đúng là thiên tài,ai nghĩ ra cap này đúng là thiên_tài,ai nghĩ ra cap này đúng là thiên_tài
Không liên quan gì đến tiêu đề,negative,criticism,0,False,không liên quan gì đến tiêu đề,không liên_quan gì đến tiêu_đề,không liên_quan gì đến tiêu_đề
ban co the lam clip chia se cach che bien khong?,neutral,request,1,False,ban co the lam clip chia se cach che bien khong?,ban co the lam clip chia se cach che bien khong ?,ban co the lam clip chia se cach che bien khong ?
Nhân viên phục vụ như robot hỏng,toxic,insult,0,False,nhân viên phục vụ như robot hỏng,nhân_viên phục_vụ như robot hỏng,nhân_viên phục_vụ như robot hỏng
tui mà ở đó là tui bật khóc vì cười,positive,dramatic,2,False,tui mà ở đó là tui bật khóc vì cười,tui mà ở đó là tui bật khóc vì cười,tui mà ở đó là tui bật khóc vì cười
khong dat ma van giao,negative,complaint,0,False,khong dat ma van giao,khong dat ma van giao,khong dat ma van giao
Nội dung lặp lại quá nhiều,negative,criticism,0,False,nội dung lặp lại quá nhiều,nội_dung lặp lại quá nhiều,nội_dung lặp lại quá nhiều
"Link ở đâu vậy, share đi bạn!",neutral,question,1,False,"link ở đâu vậy, share đi bạn!","link ở đâu_vậy , share đi bạn !","link ở đâu_vậy , share đi bạn !"
Hàng về như nhận cú lừa,toxic,insult,0,False,hàng về như nhận cú lừa,hàng về như nhận cú lừa,hàng về như nhận cú lừa
đẹp cả hình lẫn cảm xúc,positive,aesthetic,2,False,đẹp cả hình lẫn cảm xúc,đẹp cả hình lẫn cảm_xúc,đẹp cả hình lẫn cảm_xúc
Item timing không biết gì,toxic,insult,0,False,item timing không biết gì,item timing không biết gì,item timing không biết gì
Coi xong thấy nhẹ lòng ghê,positive,appreciation,2,False,coi xong thấy nhẹ lòng ghê,coi xong thấy nhẹ lòng ghê,coi xong thấy nhẹ lòng ghê
Nhìn bạn thôi đã thấy cuộc đời bất công,toxic,insult,0,False,nhìn bạn thôi đã thấy cuộc đời bất công,nhìn bạn thôi đã thấy cuộc_đời bất_công,nhìn bạn thôi đã thấy cuộc_đời bất_công
Đừng mở miệng nói thêm câu nào nữa,toxic,insult,0,False,đừng mở miệng nói thêm câu nào nữa,đừng mở_miệng nói thêm câu nào nữa,đừng mở_miệng nói thêm câu nào nữa
Cứ lôi chuyện cá nhân lên mạng,toxic,insult,0,False,cứ lôi chuyện cá nhân lên mạng,cứ lôi chuyện cá_nhân lên mạng,cứ lôi chuyện cá_nhân lên mạng
cơm 110k mà ăn xong vẫn đói thì thua,negative,portion,0,False,cơm 110k mà ăn xong vẫn đói thì thua,cơm 110k mà ăn xong vẫn đói thì thua,cơm 110k mà ăn xong vẫn đói thì thua
đây là ngành nghề đáng mơ ước ghê,positive,inspiration,2,False,đây là ngành nghề đáng mơ ước ghê,đây là ngành_nghề đáng mơ_ước ghê,đây là ngành_nghề đáng mơ_ước ghê
may co biet cai cach viet status do nhin ngu the nao?,toxic,insult,0,True,may co biết cai cach viet status do nhin ngu the nao?,may co biết cai cach viet status do nhin ngu the nao ?,may co biet cai cach viet status do nhin ngu the nao ?
Chất lượng tệ hại không tả nổi,toxic,insult,0,False,chất lượng tệ hại không tả nổi,chất_lượng tệ_hại không tả nổi,chất_lượng tệ_hại không tả nổi
sao may khong tu nhin lai minh truoc khi viet status?,toxic,insult,0,False,sao may khong tu nhin lai minh truoc khi viet status?,sao may khong tu nhin lai minh truoc khi viet status ?,sao may khong tu nhin lai minh truoc khi viet status ?
xem clip này thấy yêu đời hơn,positive,uplifting,2,False,xem clip này thấy yêu đời hơn,xem clip này thấy yêu_đời hơn,xem clip này thấy yêu_đời hơn
"Chán vãi, nội dung này nhạt nhẽo",negative,dislike,0,False,"chán vãi, nội dung này nhạt nhẽo","chán vãi , nội_dung này nhạt_nhẽo","chán vãi , nội_dung này nhạt_nhẽo"
Bạn gửi thêm hình ảnh thực tế nhé,neutral,request,1,False,bạn gửi thêm hình ảnh thực tế nhé,bạn gửi thêm hình_ảnh thực_tế nhé,bạn gửi thêm hình_ảnh thực_tế nhé
Stay strong bạn nhé,positive,encouragement,2,False,stay strong bạn nhé,stay strong bạn nhé,stay strong bạn nhé
den do roi ma van co nguoi vuot,negative,criticism,0,True,den do roi ma van co người vuot,den do roi ma_van co người vuot,den do roi ma_van co nguoi vuot
giá này chắc bao gồm cả tiền thương hiệu,neutral,brand\_fee,1,False,giá này chắc bao gồm cả tiền thương hiệu,giá này chắc bao_gồm cả tiền thương_hiệu,giá này chắc bao_gồm cả tiền thương_hiệu
có ai vô học mà không lôi máy quay ra không?,neutral,commentary,1,False,có ai vô học mà không lôi máy quay ra không?,có ai vô_học mà không lôi máy quay ra không ?,có ai vô_học mà không lôi máy quay ra không ?
Có ai đã từng dùng qua sản phẩm này không?,neutral,question,1,False,có ai đã từng dùng qua sản phẩm này không?,có ai đã từng dùng qua sản_phẩm này không ?,có ai đã từng dùng qua sản_phẩm này không ?
Khó quá thì bỏ qua nha,positive,appreciation,2,False,khó quá thì bỏ qua nha,khó quá thì bỏ_qua nha,khó quá thì bỏ_qua nha
"Chúc b thi tốt, cố lên nha!",positive,encouragement,2,False,"chúc b thi tốt, cố lên nha!","chúc b thi tốt , cố lên nha !","chúc b thi tốt , cố lên nha !"
"Shop lươn lẹo, không biết giữ chữ tín",toxic,insult,0,False,"shop lươn lẹo, không biết giữ chữ tín","shop lươn_lẹo , không biết giữ chữ_tín","shop lươn_lẹo , không biết giữ chữ_tín"
Ai thấy giống mình điểm danh cái,positive,excitement,2,False,ai thấy giống mình điểm danh cái,ai thấy giống mình điểm_danh cái,ai thấy giống mình điểm_danh cái
Chủ đề không phù hợp lắm,negative,criticism,0,False,chủ đề không phù hợp lắm,chủ_đề không phù_hợp lắm,chủ_đề không phù_hợp lắm
bình luận vùng miền không nên phổ biến hoài vậy đâu,negative,norm\_critique,0,False,bình luận vùng miền không nên phổ biến hoài vậy đâu,bình_luận vùng miền không nên phổ_biến hoài_vậy đâu,bình_luận vùng miền không nên phổ_biến hoài_vậy đâu
20k ăn được gì ở quán cơm quê dượng bầu? 😢,negative,question,0,False,20k ăn được gì ở quán cơm quê dượng bầu? 😢,20k ăn được gì ở quán cơm quê dượng bầu ? 😢,20k ăn được gì ở quán cơm quê dượng bầu ? 😢
Không tệ nhưng cũng không xuất sắc,neutral,mediocre,1,False,không tệ nhưng cũng không xuất sắc,không tệ nhưng cũng không xuất_sắc,không tệ nhưng cũng không xuất_sắc
nuoc mia bi chang ngot,negative,criticism,0,False,nuoc mia bi chang ngot,nuoc mia bi chang ngot,nuoc mia bi chang ngot
Mồm miệng không sạch sẽ tí nào,toxic,insult,0,False,mồm miệng không sạch sẽ tí nào,mồm miệng không sạch_sẽ tí nào,mồm miệng không sạch_sẽ tí nào
may nghi may viet status vay la hay ho lam a?,toxic,insult,0,False,may nghi may viet status vay la hay ho lam a?,may nghi may viet status vay la hay_ho lam a ?,may nghi may viet status vay la hay_ho lam a ?
may nghi cai body lo xuong do la quyen ru a?,toxic,insult,0,False,may nghi cai body lo xuong do la quyen ru a?,may nghi cai body lo xuong do la quyen ru a ?,may nghi cai body lo xuong do la quyen ru a ?
nuoc uong chua le,negative,criticism,0,False,nuoc uong chua le,nuoc uong chua le,nuoc uong chua le
"Bạn nói đúng lắm, tôi đồng ý với bạn",positive,agreement,2,False,"bạn nói đúng lắm, tôi đồng ý với bạn","bạn nói đúng lắm , tôi đồng_ý với bạn","bạn nói đúng lắm , tôi đồng_ý với bạn"
đẹp vậy ai mà dám thở mạnh,positive,joke,2,False,đẹp vậy ai mà dám thở mạnh,đẹp vậy ai mà dám thở mạnh,đẹp vậy ai mà dám thở mạnh
bro đã thắng đời 3-0,positive,appreciation,2,False,bro đã thắng đời 3-0,bro đã thắng đời 3 - 0,bro đã thắng đời 3 - 0
Nhân viên giao hàng không liên hệ trước,negative,complaint,0,False,nhân viên giao hàng không liên hệ trước,nhân_viên giao hàng không liên_hệ trước,nhân_viên giao hàng không liên_hệ trước
Tui mê mấy kiểu này ghê luôn á,positive,compliment,2,False,tui mê mấy kiểu này ghê luôn á,tui mê mấy kiểu này ghê luôn á,tui mê mấy kiểu này ghê luôn á
Sản phẩm bị lỗi nhỏ,negative,complaint,0,False,sản phẩm bị lỗi nhỏ,sản_phẩm bị lỗi nhỏ,sản_phẩm bị lỗi nhỏ
Mặt như bánh đa vừng vậy,toxic,bodyshaming,0,False,mặt như bánh đa vừng vậy,mặt như bánh_đa vừng_vậy,mặt như bánh_đa vừng_vậy
highlight poppin,positive,glowing_cheekbones,2,False,highlight poppin,highlight poppin,highlight poppin
ngu nhu bo,toxic,extreme_insult,0,False,ngu nhu bo,ngu nhu bo,ngu nhu bo
Mood hôm nay,neutral,lifestyle,1,False,mood hôm nay,mood hôm_nay,mood hôm_nay
Stream mà attitude như diva,toxic,insult,0,False,stream mà attitude như diva,stream mà attitude như diva,stream mà attitude như diva
Bạn chia sẻ link sản phẩm giúp mình nhé,neutral,request,1,False,bạn chia sẻ link sản phẩm giúp mình nhé,bạn chia_sẻ link sản_phẩm giúp mình nhé,bạn chia_sẻ link sản_phẩm giúp mình nhé
Bạn thật tài năng! Chúc bạn thành công,positive,encouragement,2,False,bạn thật tài năng! chúc bạn thành công,bạn thật tài_năng ! chúc bạn thành_công,bạn thật tài_năng ! chúc bạn thành_công
ban co the cho minh dia chi mua do an khong?,neutral,request,1,False,ban co the cho minh dia chi mua do an khong?,ban co the cho minh dia chi mua do an khong ?,ban co the cho minh dia chi mua do an khong ?
may nghi body te nhu vay ma ai thich nhin a?,toxic,insult,0,True,may nghi body te nhu vay ma ai thích nhin a?,may nghi body te nhu vay ma ai thích nhin a ?,may nghi body te nhu vay ma ai thich nhin a ?
com chien bi soi dau,negative,complaint,0,False,com chien bi soi dau,com chien bi soi dau,com chien bi soi dau
"Rất hữu ích, tôi sẽ áp dụng thử",positive,useful,2,False,"rất hữu ích, tôi sẽ áp dụng thử","rất hữu_ích , tôi sẽ áp_dụng thử","rất hữu_ích , tôi sẽ áp_dụng thử"
may nghi may noi gi cung hay tren fb nay a?,toxic,insult,0,True,may nghi may noi gi cung hay tren facebook nay a?,may nghi may noi gi cung hay tren facebook nay a ?,may nghi may noi gi cung hay tren fb nay a ?
Bảo vệ lăng chắc đi đánh bài nên ko thấy gì hết,toxic,sarcasm,0,True,bảo vệ lăng chắc đi đánh bài nên không thấy gì hết,bảo_vệ lăng chắc đi đánh_bài nên không thấy gì hết,bảo_vệ lăng chắc đi đánh_bài nên ko thấy gì hết
Flexing hàng hiệu fake,toxic,insult,0,False,flexing hàng hiệu fake,flexing hàng_hiệu fake,flexing hàng_hiệu fake
ai cũng có quê hương để tự hào mà,positive,pride,2,False,ai cũng có quê hương để tự hào mà,ai cũng có quê_hương để tự_hào mà,ai cũng có quê_hương để tự_hào mà
Mua rồi mới biết không đổi trả được,negative,complaint,0,False,mua rồi mới biết không đổi trả được,mua rồi mới biết không đổi trả được,mua rồi mới biết không đổi trả được
"Không màu mè, chỉ tập trung vào chất lượng",positive,appreciation,2,False,"không màu mè, chỉ tập trung vào chất lượng","không màu_mè , chỉ tập_trung vào chất_lượng","không màu_mè , chỉ tập_trung vào chất_lượng"
quay vậy thôi chứ chắc học cũng mệt lắm,neutral,realistic,1,False,quay vậy thôi chứ chắc học cũng mệt lắm,quay vậy thôi chứ chắc học cũng mệt lắm,quay vậy thôi chứ chắc học cũng mệt lắm
thach dai va bi nhat,negative,criticism,0,False,thach dai va bi nhat,thach dai va bi nhat,thach dai va bi nhat
clip này coi không biết chán luôn,positive,appreciation,2,False,clip này coi không biết chán luôn,clip này coi không biết chán luôn,clip này coi không biết chán luôn
Clip này nhiều quảng cáo quá,negative,criticism,0,False,clip này nhiều quảng cáo quá,clip này nhiều quảng_cáo quá,clip này nhiều quảng_cáo quá
"Làm video lười biếng, không chịu sáng tạo",toxic,insult,0,False,"làm video lười biếng, không chịu sáng tạo","làm video lười_biếng , không chịu sáng_tạo","làm video lười_biếng , không chịu sáng_tạo"
Attention seeking much?,negative,criticism,0,False,attention seeking much?,attention seeking much ?,attention seeking much ?
"Người ta làm clip thôi, đừng căng",positive,useful,2,False,"người ta làm clip thôi, đừng căng","người_ta làm clip thôi , đừng căng","người_ta làm clip thôi , đừng căng"
"mọi người tag đúng người nha, đừng nhầm là toang á",neutral,reminder,1,False,"mọi người tag đúng người nha, đừng nhầm là toang á","mọi người tag đúng người nha , đừng nhầm là toang á","mọi người tag đúng người nha , đừng nhầm là toang á"
lỡ vật lí xong mất luôn thì sao💀,positive,dark\_humor,2,False,lỡ vật lí xong mất luôn thì sao💀,lỡ vật_lí xong mất luôn thì sao 💀,lỡ vật_lí xong mất luôn thì sao 💀
Ảnh skincare mà da nhìn vẫn tệ,toxic,insult,0,False,ảnh skincare mà da nhìn vẫn tệ,ảnh skincare mà da nhìn vẫn tệ,ảnh skincare mà da nhìn vẫn tệ
"Thương anh lắm, cố gắng vượt qua nhé",positive,neutral,2,False,"thương anh lắm, cố gắng vượt qua nhé","thương anh lắm , cố_gắng vượt qua nhé","thương anh lắm , cố_gắng vượt qua nhé"
"Thương gia đình anh, cố lên",positive,neutral,2,False,"thương gia đình anh, cố lên","thương_gia_đình anh , cố lên","thương_gia_đình anh , cố lên"
Tag bạn vào xem,neutral,sharing,1,False,tag bạn vào xem,tag bạn vào xem,tag bạn vào xem
Không thích kiểu video này,negative,disappointment,0,False,không thích kiểu video này,không thích kiểu video này,không thích kiểu video này
mấy bạn trẻ giờ đầu tư cả ngoại hình lẫn học tập,positive,motivation,2,False,mấy bạn trẻ giờ đầu tư cả ngoại hình lẫn học tập,mấy bạn trẻ giờ đầu_tư cả ngoại_hình lẫn học_tập,mấy bạn trẻ giờ đầu_tư cả ngoại_hình lẫn học_tập
Ủa mình kìa,positive,relatable,2,False,ủa mình kìa,ủa mình kìa,ủa mình kìa
sao may dam khoe cai body lo xuong do tren fb?,toxic,insult,0,False,sao may dam khoe cai body lo xuong do tren fb?,sao may dam khoe cai body lo xuong do tren fb ?,sao may dam khoe cai body lo xuong do tren fb ?
Nhạc nền che hết lời thoại rồi,negative,criticism,0,False,nhạc nền che hết lời thoại rồi,nhạc nền che hết lời thoại rồi,nhạc nền che hết lời thoại rồi
Hàng về chậm hơn dự kiến,negative,complaint,0,False,hàng về chậm hơn dự kiến,hàng về chậm hơn dự_kiến,hàng về chậm hơn dự_kiến
Thích thể hiện mà không biết xấu hổ,toxic,insult,0,False,thích thể hiện mà không biết xấu hổ,thích thể_hiện mà không biết xấu_hổ,thích thể_hiện mà không biết xấu_hổ
vi sao,neutral,reason,1,False,vi sao,vi sao,vi sao
Mát thế này cứ như mùa đông giữa hè luôn :)),positive,humor,2,False,mát thế này cứ như mùa đông giữa hè luôn :)),mát thế này cứ như mùa đông giữa hè luôn : ) ),mát thế này cứ như mùa đông giữa hè luôn : ) )
quay clip mà ánh sáng ám quá trời,negative,lighting,0,False,quay clip mà ánh sáng ám quá trời,quay clip mà ánh_sáng ám quá trời,quay clip mà ánh_sáng ám quá trời
Streamer drama queen suốt ngày,toxic,insult,0,False,streamer drama queen suốt ngày,streamer drama queen suốt ngày,streamer drama queen suốt ngày
muốn nghe lại hết mấy tập hồi xưa ghê,positive,desire,2,False,muốn nghe lại hết mấy tập hồi xưa ghê,muốn nghe lại hết mấy tập hồi xưa ghê,muốn nghe lại hết mấy tập hồi xưa ghê
giá cả quá hợp lý rồi hẹ hẹ hẹ,positive,appreciation,2,False,giá cả quá hợp lý rồi hẹ hẹ hẹ,giá_cả quá hợp_lý rồi hẹ hẹ hẹ,giá_cả quá hợp_lý rồi hẹ hẹ hẹ
Thành công không phải tự nhiên mà có,positive,appreciation,2,False,thành công không phải tự nhiên mà có,thành_công không phải tự_nhiên mà có,thành_công không phải tự_nhiên mà có
Sản phẩm này cần lưu ý gì khi sử dụng?,neutral,question,1,False,sản phẩm này cần lưu ý gì khi sử dụng?,sản_phẩm này cần lưu_ý gì khi sử_dụng ?,sản_phẩm này cần lưu_ý gì khi sử_dụng ?
"Đồ rác rưởi, đừng đăng nữa nha!",toxic,offensive,0,False,"đồ rác rưởi, đừng đăng nữa nha!","đồ rác_rưởi , đừng đăng nữa nha !","đồ rác_rưởi , đừng đăng nữa nha !"
đỉnh cao quy chụp:)))🐧🐧,negative,generalization,0,False,đỉnh cao quy chụp:)))🐧🐧,đỉnh_cao quy_chụp : ) ) ) 🐧 🐧,đỉnh_cao quy_chụp : ) ) ) 🐧 🐧
thang nao,neutral,which_month,1,False,thang nao,thang nao,thang nao
cam giac clip lam cho co,negative,criticism,0,False,cam giac clip lam cho co,cam giac clip lam cho co,cam giac clip lam cho co
mỗi lần đọc cap kiểu này là auto thở dài,negative,sigh,0,False,mỗi lần đọc cap kiểu này là auto thở dài,mỗi lần đọc cap kiểu này là auto thở_dài,mỗi lần đọc cap kiểu này là auto thở_dài
Streamer fake voice nghe phát ói,toxic,insult,0,False,streamer fake voice nghe phát ói,streamer fake voice nghe phát ói,streamer fake voice nghe phát ói
dcmm,toxic,extreme_abbreviation_vulgar,0,False,dcmm,dcmm,dcmm
tai nan lien tuc o doan nay,negative,disappointment,0,False,tai nan lien tuc o doan nay,tai nan lien tuc o doan nay,tai nan lien tuc o doan nay
Làm clip hơi thiếu đầu tư,negative,criticism,0,False,làm clip hơi thiếu đầu tư,làm clip hơi thiếu đầu_tư,làm clip hơi thiếu đầu_tư
cha gio khong con nong,negative,disappointment,0,False,cha gio khong con nong,cha gio khong con nong,cha gio khong con nong
Không hài lòng với hệ thống đồ hoạ mới,negative,criticism,0,False,không hài lòng với hệ thống đồ hoạ mới,không hài_lòng với hệ_thống đồ_hoạ mới,không hài_lòng với hệ_thống đồ_hoạ mới
trông chill quá trời luôn,positive,vibe,2,False,trông chill quá trời luôn,trông chill quá trời luôn,trông chill quá trời luôn
Current status,neutral,update,1,False,current status,current status,current status
nghe thôi đã thấy nhẹ lòng,positive,soothing,2,False,nghe thôi đã thấy nhẹ lòng,nghe thôi đã thấy nhẹ lòng,nghe thôi đã thấy nhẹ lòng
may co biet cai cach an mac do nhin re tien khong?,toxic,insult,0,True,may co biết cai cach an mac do nhin re tien khong?,may co biết cai cach an mac do nhin re tien khong ?,may co biet cai cach an mac do nhin re tien khong ?
Không sao,neutral,dismissal,1,False,không sao,không sao,không sao
Nội dung không gây ấn tượng,negative,criticism,0,False,nội dung không gây ấn tượng,nội_dung không gây ấn_tượng,nội_dung không gây ấn_tượng
video nay co lien quan toi food tour khong?,neutral,question,1,False,video nay co lien quan toi food tour khong?,video nay co lien quan toi food tour khong ?,video nay co lien quan toi food tour khong ?
Bạn thấy thao tác sử dụng có đơn giản không?,neutral,question,1,False,bạn thấy thao tác sử dụng có đơn giản không?,bạn thấy thao_tác sử_dụng có đơn_giản không ?,bạn thấy thao_tác sử_dụng có đơn_giản không ?
scarcity mindset,negative,lack_thinking,0,False,scarcity mindset,scarcity mindset,scarcity mindset
"Vid lag qué, fix giùm nha!",neutral,technical_issue,1,False,"vid lag qué, fix giùm nha!","vid lag qué , fix giùm nha !","vid lag qué , fix giùm nha !"
Never admit mistake,toxic,insult,0,False,never admit mistake,never admit mistake,never admit mistake
main character,positive,protagonist_energy,2,False,main character,main character,main character
Peel cho ADC như không tồn tại,toxic,insult,0,False,peel cho adc như không tồn tại,peel cho adc như_không tồn_tại,peel cho adc như_không tồn_tại
có vẻ ngon đó chứ,positive,compliment,2,False,có vẻ ngon đó chứ,có vẻ ngon đó chứ,có vẻ ngon đó chứ
live laugh love,negative,basic_motto,0,False,live laugh love,live laugh love,live laugh love
tụi mình nên học cách đọc comment mà không cay,positive,self\_control,2,False,tụi mình nên học cách đọc comment mà không cay,tụi mình nên học cách đọc comment mà không cay,tụi mình nên học cách đọc comment mà không cay
tưởng troll ai ngờ troll mình,positive,twist,2,False,tưởng troll ai ngờ troll mình,tưởng troll ai_ngờ troll mình,tưởng troll ai_ngờ troll mình
Nghe như tự bốc thơm mình,toxic,insult,0,False,nghe như tự bốc thơm mình,nghe như tự bốc thơm mình,nghe như tự bốc thơm mình
wtf,toxic,confusion_vulgar,0,True,what the fuck,what the_fuck,wtf
Game crash liên tục,negative,complaint,0,False,game crash liên tục,game crash liên_tục,game crash liên_tục
t k thik cai nay lam,negative,dislike,0,True,t không thích cai nay lam,t không thích cai nay lam,t_k thik cai nay lam
Skin nhân vật xấu quá trời,negative,criticism,0,False,skin nhân vật xấu quá trời,skin nhân_vật xấu quá trời,skin nhân_vật xấu quá trời
tui lồng thử mà không giống gì hết luôn á,neutral,personal\_experience,1,False,tui lồng thử mà không giống gì hết luôn á,tui lồng thử mà không giống gì hết luôn á,tui lồng thử mà không giống gì hết luôn á
ship xa thì mắc là đúng rồi còn gì,positive,agreement,2,False,ship xa thì mắc là đúng rồi còn gì,ship xa thì mắc là đúng rồi còn gì,ship xa thì mắc là đúng rồi còn gì
Tag product mà review fake,toxic,insult,0,False,tag product mà review fake,tag product mà review fake,tag product mà review fake
cười không ngậm được mồm 🤣,positive,excitement,2,False,cười không ngậm được mồm 🤣,cười không ngậm được mồm 🤣,cười không ngậm được mồm 🤣
"Setup đỉnh thế, share đi b!",neutral,request,1,False,"setup đỉnh thế, share đi b!","setup đỉnh thế , share đi b !","setup đỉnh thế , share đi b !"
Pick tướng mà không biết chơi,toxic,insult,0,False,pick tướng mà không biết chơi,pick tướng mà không biết chơi,pick tướng mà không biết chơi
Sản phẩm không hỗ trợ tiếng Việt,negative,criticism,0,False,sản phẩm không hỗ trợ tiếng việt,sản_phẩm không hỗ_trợ tiếng việt,sản_phẩm không hỗ_trợ tiếng việt
"Nhìn anh đứng trầm tư mà xót, có stk thì share nha",positive,question,2,True,"nhìn anh đứng trầm tư mà xót, có số tài khoản thì share nha","nhìn anh đứng trầm_tư mà xót , có số tài_khoản thì share nha","nhìn anh đứng trầm_tư mà xót , có stk thì share nha"
mỗi lần xem lại là một cảm nhận khác,positive,reflection,2,False,mỗi lần xem lại là một cảm nhận khác,mỗi lần xem_lại là một cảm_nhận khác,mỗi lần xem_lại là một cảm_nhận khác
Biến mẹ mày đi!,toxic,curse,0,False,biến mẹ mày đi!,biến mẹ mày đi !,biến mẹ mày đi !
Đi chữa não giùm đi,toxic,insult,0,False,đi chữa não giùm đi,đi chữa não giùm đi,đi chữa não giùm đi
Mind blown! Sốc não,positive,amazement,2,False,mind blown! sốc não,mind blown ! sốc não,mind blown ! sốc não
"Thương anh lắm, cố lên anh",positive,neutral,2,False,"thương anh lắm, cố lên anh","thương anh lắm , cố lên anh","thương anh lắm , cố lên anh"
clip này đáng xem hơn cả phim truyền hình,positive,entertainment,2,False,clip này đáng xem hơn cả phim truyền hình,clip này đáng xem hơn cả phim truyền_hình,clip này đáng xem hơn cả phim truyền_hình
kiểu này mua riêng cái đt cài 1 cái app nó thôi 🤣,positive,appreciation,2,True,kiểu này mua riêng cái điện thoại cài 1 cái app nó thôi 🤣,kiểu này mua riêng cái điện_thoại cài 1 cái app nó thôi 🤣,kiểu này mua riêng cái đt cài 1 cái app nó thôi 🤣
tới giảng đường mà tưởng tới họp báo,positive,exaggeration,2,False,tới giảng đường mà tưởng tới họp báo,tới giảng_đường mà tưởng tới họp_báo,tới giảng_đường mà tưởng tới họp_báo
Comment drama về ex relationship,toxic,insult,0,False,comment drama về ex relationship,comment drama về ex relationship,comment drama về ex relationship
Post ảnh healthy food mà ăn junk food,toxic,insult,0,False,post ảnh healthy food mà ăn junk food,post ảnh healthy food mà ăn junk food,post ảnh healthy food mà ăn junk food
Stream setup như thời đồ đá,toxic,insult,0,False,stream setup như thời đồ đá,stream setup như thời đồ đá,stream setup như thời đồ đá
Xin thông tin hỗ trợ anh này,neutral,question,1,False,xin thông tin hỗ trợ anh này,xin thông_tin hỗ_trợ anh này,xin thông_tin hỗ_trợ anh này
bi ket xe tu 6h sang,negative,complaint,0,False,bi ket xe tu 6h sang,bi ket xe tu 6h sang,bi ket xe tu 6h sang
"Clickbait à, thất vọng thật",negative,criticism,0,False,"clickbait à, thất vọng thật","clickbait à , thất_vọng thật","clickbait à , thất_vọng thật"
cái cap như đang nói thẳng vào mặt mình vậy đó,positive,relatable,2,False,cái cap như đang nói thẳng vào mặt mình vậy đó,cái cap như đang nói_thẳng vào mặt mình vậy đó,cái cap như đang nói_thẳng vào mặt mình vậy đó
ban an nhieu thuc an nuoc ngoai ha?,neutral,question,1,False,ban an nhieu thuc an nuoc ngoai ha?,ban an nhieu thuc an nuoc ngoai ha ?,ban an nhieu thuc an nuoc ngoai ha ?
có ai thấy quen quen không :)),positive,excitement,2,False,có ai thấy quen quen không :)),có ai thấy quen quen không : ) ),có ai thấy quen quen không : ) )
Tấm lòng vàng là đây chứ đâu,positive,appreciation,2,False,tấm lòng vàng là đây chứ đâu,tấm lòng vàng là đây chứ đâu,tấm lòng vàng là đây chứ đâu
Thích làm trung tâm của drama,toxic,insult,0,False,thích làm trung tâm của drama,thích làm trung_tâm của drama,thích làm trung_tâm của drama
"Trên đời này em nể mỗi chị , vừa xinh vừa khéo tay",positive,compliment,2,False,"trên đời này em nể mỗi chị , vừa xinh vừa khéo tay","trên đời này em nể mỗi chị , vừa xinh vừa khéo_tay","trên đời này em nể mỗi chị , vừa xinh vừa khéo_tay"
Nét quá trời luôn nè,positive,compliment,2,False,nét quá trời luôn nè,nét quá trời luôn nè,nét quá trời luôn nè
Bạn chia sẻ thông tin bảo hành đi,neutral,request,1,False,bạn chia sẻ thông tin bảo hành đi,bạn chia_sẻ thông_tin bảo_hành đi,bạn chia_sẻ thông_tin bảo_hành đi
Dịch vụ tệ hại không lời nào tả,toxic,insult,0,False,dịch vụ tệ hại không lời nào tả,dịch_vụ tệ_hại không lời nào tả,dịch_vụ tệ_hại không lời nào tả
Nhìn bạn có khi tưởng đang cosplay gấu bông,toxic,bodyshaming,0,False,nhìn bạn có khi tưởng đang cosplay gấu bông,nhìn bạn có khi tưởng đang cosplay gấu bông,nhìn bạn có khi tưởng đang cosplay gấu bông
có ai cho mình số điện thoại đặt lịch không,positive,joke,2,False,có ai cho mình số điện thoại đặt lịch không,có ai cho mình số điện_thoại đặt lịch không,có ai cho mình số điện_thoại đặt lịch không
Chẳng hiểu sao mấy clip này lại có view,toxic,insult,0,False,chẳng hiểu sao mấy clip này lại có view,chẳng hiểu sao mấy clip này lại có view,chẳng hiểu sao mấy clip này lại có view
may nghi body lo xuong do la dep lam a?,toxic,insult,0,False,may nghi body lo xuong do la dep lam a?,may nghi body lo xuong do la dep lam a ?,may nghi body lo xuong do la dep lam a ?
Bạn đánh giá thế nào về độ bền?,neutral,question,1,False,bạn đánh giá thế nào về độ bền?,bạn đánh_giá thế_nào về độ bền ?,bạn đánh_giá thế_nào về độ bền ?
"Đồ rác, xóa video này đi!",toxic,offensive,0,False,"đồ rác, xóa video này đi!","đồ rác , xóa_video này đi !","đồ rác , xóa_video này đi !"
Mày đúng là không đáng để người ta quan tâm,toxic,insult,0,False,mày đúng là không đáng để người ta quan tâm,mày đúng là không đáng để người_ta quan_tâm,mày đúng là không đáng để người_ta quan_tâm
tra sua bi chua,negative,complaint,0,False,tra sua bi chua,tra sua bi chua,tra sua bi chua
Cần thêm phản hồi từ người dùng,neutral,request,1,False,cần thêm phản hồi từ người dùng,cần thêm phản_hồi từ người dùng,cần thêm phản_hồi từ người dùng
xem xong cảm giác yêu đời hơn hẳn,positive,emotion,2,False,xem xong cảm giác yêu đời hơn hẳn,xem xong cảm_giác yêu_đời hơn hẳn,xem xong cảm_giác yêu_đời hơn hẳn
"Thở sâu vào, bình tĩnh nào!",neutral,calming,1,False,"thở sâu vào, bình tĩnh nào!","thở sâu vào , bình_tĩnh nào !","thở sâu vào , bình_tĩnh nào !"
Butterflies in stomach,positive,excitement,2,False,butterflies in stomach,butterflies in stomach,butterflies in stomach
Chỉ là góp ý thôi,neutral,statement,1,False,chỉ là góp ý thôi,chỉ là góp_ý thôi,chỉ là góp_ý thôi
"Chill đi bạn, bình tĩnh nào",neutral,calm_down,1,False,"chill đi bạn, bình tĩnh nào","chill đi bạn , bình_tĩnh nào","chill đi bạn , bình_tĩnh nào"
di bo tren cau ma con lo xe may,negative,criticism,0,False,di bo tren cau ma con lo xe may,di_bo tren cau ma con lo xe may,di_bo tren cau ma con lo xe may
Bạn nhận xét gì về chất lượng đóng gói?,neutral,question,1,False,bạn nhận xét gì về chất lượng đóng gói?,bạn nhận_xét gì về chất_lượng đóng_gói ?,bạn nhận_xét gì về chất_lượng đóng_gói ?
Nghe mày nói thôi là biết không có não rồi,toxic,insult,0,False,nghe mày nói thôi là biết không có não rồi,nghe mày nói thôi là biết không có não rồi,nghe mày nói thôi là biết không có não rồi
Bạn thấy chế độ bảo hành tốt không?,neutral,question,1,False,bạn thấy chế độ bảo hành tốt không?,bạn thấy chế_độ bảo_hành tốt không ?,bạn thấy chế_độ bảo_hành tốt không ?
"noi ko ro, nhieu doan bi mo",negative,criticism,0,True,"noi không ro, nhieu doan bi mo","noi không ro , nhieu doan bi mo","noi ko ro , nhieu doan bi mo"
Tự nhiên thấy vui cả ngày luôn á,positive,appreciation,2,False,tự nhiên thấy vui cả ngày luôn á,tự_nhiên thấy vui cả ngày luôn á,tự_nhiên thấy vui cả ngày luôn á
banh trang tron qua nhieu dau,negative,criticism,0,False,banh trang tron qua nhieu dau,banh trang tron qua nhieu dau,banh trang tron qua nhieu dau
Chúc bạn sớm khỏe lại nhé,positive,care,2,False,chúc bạn sớm khỏe lại nhé,chúc bạn sớm khỏe lại nhé,chúc bạn sớm khỏe lại nhé
Streamer fake reaction từ đầu đến cuối,toxic,insult,0,False,streamer fake reaction từ đầu đến cuối,streamer fake reaction từ đầu đến cuối,streamer fake reaction từ đầu đến cuối
"Đồ rác rưởi, đừng đăng nữa",toxic,offensive,0,False,"đồ rác rưởi, đừng đăng nữa","đồ rác_rưởi , đừng đăng nữa","đồ rác_rưởi , đừng đăng nữa"
"Đã từng trải nghiệm công trình của họ, rất hài lòng",positive,appreciation,2,False,"đã từng trải nghiệm công trình của họ, rất hài lòng","đã từng_trải nghiệm công_trình của họ , rất hài_lòng","đã từng_trải nghiệm công_trình của họ , rất hài_lòng"
quán đông vậy là hiểu rồi đó,positive,appreciation,2,False,quán đông vậy là hiểu rồi đó,quán đông_vậy là hiểu rồi đó,quán đông_vậy là hiểu rồi đó
lớn rồi mới hiểu đc ý nghĩa của nhạc này😥,positive,nostalgia,2,True,lớn rồi mới hiểu được ý nghĩa của nhạc này😥,lớn rồi mới hiểu được ý_nghĩa của nhạc này 😥,lớn rồi mới hiểu đc ý_nghĩa của nhạc này 😥
đọc xong thấy mình cũng từng như vậy,positive,nostalgia,2,False,đọc xong thấy mình cũng từng như vậy,đọc xong thấy mình cũng từng như_vậy,đọc xong thấy mình cũng từng như_vậy
tui lưu clip này để mở mỗi sáng,positive,routine,2,False,tui lưu clip này để mở mỗi sáng,tui lưu clip này để mở mỗi sáng,tui lưu clip này để mở mỗi sáng
chưa thấy ai trị liệu mà gây nghiện vậy luôn á,positive,hyperbole,2,False,chưa thấy ai trị liệu mà gây nghiện vậy luôn á,chưa thấy ai trị_liệu mà gây nghiện vậy luôn á,chưa thấy ai trị_liệu mà gây nghiện vậy luôn á
vl,toxic,abbreviation_vulgar,0,True,vãi lồn,vãi lồn,vl
cảm giác như lớp này ai cũng là hot girl,positive,impression,2,False,cảm giác như lớp này ai cũng là hot girl,cảm_giác như lớp này ai cũng là hot_girl,cảm_giác như lớp này ai cũng là hot_girl
Game này đồ họa không đẹp như trailer,negative,criticism,0,False,game này đồ họa không đẹp như trailer,game này đồ_họa không đẹp như trailer,game này đồ_họa không đẹp như trailer
Chơi game này cứ phải nạp tiền liên tục,negative,criticism,0,False,chơi game này cứ phải nạp tiền liên tục,chơi game này cứ phải nạp tiền liên_tục,chơi game này cứ phải nạp tiền liên_tục
menu nhieu nhung nhieu mon het,negative,complaint,0,False,menu nhieu nhung nhieu mon het,menu nhieu nhung nhieu mon het,menu nhieu nhung nhieu mon het
edit cuc ky lau,negative,complaint,0,False,edit cuc ky lau,edit cuc ky lau,edit cuc ky lau
"Thôi rồi, cái này viral luôn",positive,excitement,2,False,"thôi rồi, cái này viral luôn","thôi rồi , cái này viral luôn","thôi rồi , cái này viral luôn"
Sản phẩm kém bền,negative,disappointment,0,False,sản phẩm kém bền,sản_phẩm kém bền,sản_phẩm kém bền
may co nghi cai eo to nhu cai thung do dep khong?,toxic,insult,0,False,may co nghi cai eo to nhu cai thung do dep khong?,may co nghi cai eo to nhu cai thung do dep khong ?,may co nghi cai eo to nhu cai thung do dep khong ?
Clip không có điểm nhấn,negative,criticism,0,False,clip không có điểm nhấn,clip không có điểm nhấn,clip không có điểm nhấn
do tóc thoi chứ ông này vẫn trẻ do ngta cày nhiều thôi,positive,appreciation,2,True,do tóc thoi chứ ông này vẫn trẻ do người ta cày nhiều thôi,do tóc thoi chứ ông này vẫn trẻ do người_ta cày nhiều thôi,do tóc thoi chứ ông này vẫn trẻ do ngta cày nhiều thôi
Hệ thống chiến đấu không linh hoạt,negative,criticism,0,False,hệ thống chiến đấu không linh hoạt,hệ_thống chiến_đấu không linh_hoạt,hệ_thống chiến_đấu không linh_hoạt
Đi chết đi! Ghét mày lắm,toxic,threat,0,False,đi chết đi! ghét mày lắm,đi chết đi ! ghét mày lắm,đi chết đi ! ghét mày lắm
clip hài thôi mà mọi người ơi,positive,reminder,2,False,clip hài thôi mà mọi người ơi,clip hài thôi mà mọi người ơi,clip hài thôi mà mọi người ơi
clip nay thuoc kenh gi vay?,neutral,question,1,False,clip nay thuoc kenh gi vay?,clip nay thuoc kenh gi vay ?,clip nay thuoc kenh gi vay ?
tức mà không nói được vì buồn cười,positive,humor,2,False,tức mà không nói được vì buồn cười,tức mà không nói được vì buồn_cười,tức mà không nói được vì buồn_cười
may nghi post may cai hashtag do la chat a?,toxic,insult,0,False,may nghi post may cai hashtag do la chat a?,may nghi_post may cai hashtag do la chat a ?,may nghi_post may cai hashtag do la chat a ?
"Không ai thèm quan tâm đâu, biến đi",toxic,aggressive,0,False,"không ai thèm quan tâm đâu, biến đi","không ai thèm quan_tâm đâu , biến đi","không ai thèm quan_tâm đâu , biến đi"
bác sĩ gì mà như người mẫu đi lạc vậy trời,positive,comparison,2,False,bác sĩ gì mà như người mẫu đi lạc vậy trời,bác_sĩ gì mà như người_mẫu đi lạc_vậy trời,bác_sĩ gì mà như người_mẫu đi lạc_vậy trời
đọc xong tự nhiên muốn ib ny mình ghê,positive,romantic,2,True,đọc xong tự nhiên muốn nhắn tin người yêu mình ghê,đọc xong tự_nhiên muốn nhắn_tin người_yêu mình ghê,đọc xong tự_nhiên muốn ib ny mình ghê
giỡn chút thôi chứ không có ý gì đâu nha,neutral,clarification,1,False,giỡn chút thôi chứ không có ý gì đâu nha,giỡn chút thôi chứ không có ý gì đâu nha,giỡn chút thôi chứ không có ý gì đâu nha
hehe cute,positive,cute_laugh,2,False,hehe cute,hehe cute,hehe cute
Selfie Sunday,neutral,routine,1,False,selfie sunday,selfie sunday,selfie sunday
sao may cu khoe cai mat xau xi do tren fb ha?,toxic,insult,0,True,sao may cu khoe cai mat xau xi do tren facebook ha?,sao may cu khoe cai mat xau xi do tren facebook ha ?,sao may cu khoe cai mat xau xi do tren fb ha ?
Relationship này precious lắm,positive,precious,2,False,relationship này precious lắm,relationship này precious lắm,relationship này precious lắm
may co biet cai giong noi do nghe te the nao?,toxic,insult,0,True,may co biết cai giong noi do nghe te the nao?,may co biết cai giong noi do nghe te the nao ?,may co biet cai giong noi do nghe te the nao ?
Sản phẩm này có khuyến mãi gì không?,neutral,question,1,False,sản phẩm này có khuyến mãi gì không?,sản_phẩm này có khuyến_mãi gì không ?,sản_phẩm này có khuyến_mãi gì không ?
background character,negative,unimportant_person,0,False,background character,background character,background character
Friday feeling,positive,excitement,2,False,friday feeling,friday feeling,friday feeling
video mang tính giải trí thôi nha,positive,disclaimer,2,False,video mang tính giải trí thôi nha,video mang tính giải_trí thôi nha,video mang tính giải_trí thôi nha
Đóng gói bằng giấy báo cũ,toxic,insult,0,False,đóng gói bằng giấy báo cũ,đóng_gói bằng giấy_báo cũ,đóng_gói bằng giấy_báo cũ
"Người thì lùn, mặc gì cũng không đẹp nổi",toxic,bodyshaming,0,False,"người thì lùn, mặc gì cũng không đẹp nổi","người thì lùn , mặc gì cũng không đẹp nổi","người thì lùn , mặc gì cũng không đẹp nổi"
Không thích cách cân bằng tướng hiện tại,negative,criticism,0,False,không thích cách cân bằng tướng hiện tại,không thích cách cân_bằng tướng hiện_tại,không thích cách cân_bằng tướng hiện_tại
Làm như mình vô tội lắm,toxic,insult,0,False,làm như mình vô tội lắm,làm như mình vô_tội lắm,làm như mình vô_tội lắm
Không biết còn chiêu trò gì nữa,toxic,insult,0,False,không biết còn chiêu trò gì nữa,không biết còn chiêu trò gì nữa,không biết còn chiêu trò gì nữa
Thứ ăn hại xã hội là đây,toxic,insult,0,False,thứ ăn hại xã hội là đây,thứ ăn_hại xã_hội là đây,thứ ăn_hại xã_hội là đây
Blame lag mà net bình thường,toxic,insult,0,False,blame lag mà net bình thường,blame lag mà net bình_thường,blame lag mà net bình_thường
Bạn quay vào thời gian nào vậy?,neutral,question,1,False,bạn quay vào thời gian nào vậy?,bạn quay vào thời_gian nào vậy ?,bạn quay vào thời_gian nào vậy ?
Foreshadowing! Báo hiệu trước,positive,literary_appreciation,2,False,foreshadowing! báo hiệu trước,foreshadowing ! báo_hiệu trước,foreshadowing ! báo_hiệu trước
o dau,neutral,where,1,False,o dau,o dau,o dau
ult bias,positive,ultimate_favorite,2,False,ult bias,ult bias,ult bias
mình có cảm giác như bị bỏ rơi bởi mạch truyện,neutral,narrative\_gap,1,False,mình có cảm giác như bị bỏ rơi bởi mạch truyện,mình có cảm_giác như bị bỏ_rơi bởi mạch truyện,mình có cảm_giác như bị bỏ_rơi bởi mạch truyện
Legendary! Huyền thoại,positive,legendary,2,False,legendary! huyền thoại,legendary ! huyền_thoại,legendary ! huyền_thoại
"Vin làm rất tôt, phân lô, bán đề, đẩy giá đất, giỏi thật sự",positive,appreciation,2,False,"vin làm rất tôt, phân lô, bán đề, đẩy giá đất, giỏi thật sự","vin làm rất tôt , phân lô , bán đề , đẩy giá đất , giỏi thật_sự","vin làm rất tôt , phân lô , bán đề , đẩy giá đất , giỏi thật_sự"
nhiều người không biết chứ lồng tiếng khó lắm đó,neutral,fact,1,False,nhiều người không biết chứ lồng tiếng khó lắm đó,nhiều người không biết chứ lồng_tiếng khó lắm đó,nhiều người không biết chứ lồng_tiếng khó lắm đó
"Cổ ngắn ngủn, nhìn ngố quá",toxic,bodyshaming,0,False,"cổ ngắn ngủn, nhìn ngố quá","cổ ngắn_ngủn , nhìn ngố quá","cổ ngắn_ngủn , nhìn ngố quá"
Đừng có láo!,toxic,rude,0,False,đừng có láo!,đừng có láo !,đừng có láo !
ổng sợ người Việt ❌\nngười Việt sợ ổng ✅,positive,humor,2,False,ổng sợ người việt ❌\nngười việt sợ ổng ✅,ổng sợ người việt ❌ \ nngười việt sợ ổng ✅,ổng sợ người việt ❌ \ nngười việt sợ ổng ✅
t chỉ xin 1 góc nằm thôi cũng được,positive,funny,2,False,t chỉ xin 1 góc nằm thôi cũng được,t chỉ xin 1 góc nằm thôi cũng được,t chỉ xin 1 góc nằm thôi cũng được
Có thể đóng gói kỹ không bạn?,neutral,request,1,False,có thể đóng gói kỹ không bạn?,có_thể đóng_gói kỹ không bạn ?,có_thể đóng_gói kỹ không bạn ?
chua hieu,negative,confusion,0,False,chua hieu,chua hieu,chua hieu
"Phá di sản thì phải đi tù, ko thể tha",negative,anger,0,True,"phá di sản thì phải đi tù, không thể tha","phá di_sản thì phải đi tù , không_thể tha","phá di_sản thì phải đi tù , ko thể tha"
Sản phẩm này bảo trì dễ không bạn?,neutral,question,1,False,sản phẩm này bảo trì dễ không bạn?,sản_phẩm này bảo_trì dễ không bạn ?,sản_phẩm này bảo_trì dễ không bạn ?
"Sinh con ra khổ thế này, ai chịu nổi",negative,anger,0,False,"sinh con ra khổ thế này, ai chịu nổi","sinh con ra khổ thế này , ai chịu nổi","sinh con ra khổ thế này , ai chịu nổi"
wotd,neutral,word_of_day,1,False,wotd,wotd,wotd
Đây là phiên bản mới nhất à?,neutral,question,1,False,đây là phiên bản mới nhất à?,đây là phiên_bản mới nhất à ?,đây là phiên_bản mới nhất à ?
Cooldown tracking = 0,toxic,insult,0,False,cooldown tracking = 0,cooldown tracking = 0,cooldown tracking = 0
Không phải ai cũng như vậy đâu nha,positive,appreciation,2,False,không phải ai cũng như vậy đâu nha,không phải ai cũng như vậy đâu nha,không phải ai cũng như vậy đâu nha
"Thương anh quá, cố lên anh nhé",positive,neutral,2,False,"thương anh quá, cố lên anh nhé","thương anh quá , cố lên anh nhé","thương anh quá , cố lên anh nhé"
tui cười xong phải đi lau nước mắt,positive,extreme\_laughter,2,False,tui cười xong phải đi lau nước mắt,tui cười xong phải đi lau nước_mắt,tui cười xong phải đi lau nước_mắt
cảm ơn vì đã cảnh báo kịp thời,positive,gratitude,2,False,cảm ơn vì đã cảnh báo kịp thời,cảm_ơn vì đã cảnh_báo kịp_thời,cảm_ơn vì đã cảnh_báo kịp_thời
"Spam comment hoài, mệt ghê",negative,complaint,0,False,"spam comment hoài, mệt ghê","spam comment hoài , mệt ghê","spam comment hoài , mệt ghê"
"Phá di sản quốc gia mà thoát, bất công quá",negative,anger,0,False,"phá di sản quốc gia mà thoát, bất công quá","phá di_sản quốc_gia mà thoát , bất_công quá","phá di_sản quốc_gia mà thoát , bất_công quá"
"Nghèo còn đẻ, đúng là ko nghĩ",toxic,insult,0,True,"nghèo còn đẻ, đúng là không nghĩ","nghèo còn đẻ , đúng là không nghĩ","nghèo còn đẻ , đúng là ko nghĩ"
"Không hay lắm, tôi nghĩ có thể làm tốt hơn",negative,criticism,0,False,"không hay lắm, tôi nghĩ có thể làm tốt hơn","không hay lắm , tôi nghĩ có_thể làm tốt hơn","không hay lắm , tôi nghĩ có_thể làm tốt hơn"
Cho bố mày cái địa chỉ,toxic,insult,0,False,cho bố mày cái địa chỉ,cho bố mày cái địa_chỉ,cho bố mày cái địa_chỉ
gi ma,neutral,what_is_this,1,False,gi ma,gi ma,gi ma
Legendary! Huyền thoại,positive,legendary,2,False,legendary! huyền thoại,legendary ! huyền_thoại,legendary ! huyền_thoại
Không thấy hợp trend này,negative,criticism,0,False,không thấy hợp trend này,không thấy hợp trend này,không thấy hợp trend này
Fake news! Đừng tin,negative,warning,0,False,fake news! đừng tin,fake news ! đừng tin,fake news ! đừng tin
Sản phẩm dùng nhanh hết pin,negative,disappointment,0,False,sản phẩm dùng nhanh hết pin,sản_phẩm dùng nhanh hết pin,sản_phẩm dùng nhanh hết pin
Hổng biết nói gì ngoài 2 chữ: Đỉnh!,positive,compliment,2,False,hổng biết nói gì ngoài 2 chữ: đỉnh!,hổng biết nói gì ngoài 2 chữ : đỉnh !,hổng biết nói gì ngoài 2 chữ : đỉnh !
"Tâm thần thì nhốt vô viện, thả ra làm gì",neutral,suggestion,1,False,"tâm thần thì nhốt vô viện, thả ra làm gì","tâm_thần thì nhốt vô viện , thả ra làm gì","tâm_thần thì nhốt vô viện , thả ra làm gì"
món này chắc phù hợp với người sành ăn?,neutral,assumption,1,False,món này chắc phù hợp với người sành ăn?,món này chắc phù_hợp với người sành ăn ?,món này chắc phù_hợp với người sành ăn ?
tự nhiên bị dính ké vì nơi mình ở,negative,unfair,0,False,tự nhiên bị dính ké vì nơi mình ở,tự_nhiên bị dính ké vì nơi mình ở,tự_nhiên bị dính ké vì nơi mình ở
ship sai dia chi,negative,complaint,0,False,ship sai dia chi,ship sai dia chi,ship sai dia chi
Thấy là biết sắp có drama,toxic,insult,0,False,thấy là biết sắp có drama,thấy là biết sắp có drama,thấy là biết sắp có drama
Được rồi,neutral,acceptance,1,False,được rồi,được rồi,được rồi
"Hok hợp gu t, lướt qua thui!",negative,personal_preference,0,True,"không hợp gu t, lướt qua thui!","không hợp gu t , lướt qua thui !","hok hợp gu t , lướt qua thui !"
Chỉ biết stream game trending thôi,toxic,insult,0,False,chỉ biết stream game trending thôi,chỉ biết stream game trending thôi,chỉ biết stream game trending thôi
mấy cap này chỉ có thể là tiktok Việt Nam,positive,identity,2,False,mấy cap này chỉ có thể là tiktok việt nam,mấy cap này chỉ có_thể là tiktok việt_nam,mấy cap này chỉ có_thể là tiktok việt_nam
Bạn quay video ở đâu vậy?,neutral,question,1,False,bạn quay video ở đâu vậy?,bạn quay video ở đâu_vậy ?,bạn quay video ở đâu_vậy ?
"banh beo toan bot, khong co tom",negative,criticism,0,False,"banh beo toan bot, khong co tom","banh beo toan bot , khong co tom","banh beo toan bot , khong co tom"
Bạn làm nội dung sáng tạo quá trời,positive,creativity,2,False,bạn làm nội dung sáng tạo quá trời,bạn làm nội_dung sáng_tạo quá trời,bạn làm nội_dung sáng_tạo quá trời
act as if,positive,confidence_building,2,False,act as if,act as if,act as if
"Cần xử lý nghiêm, ko thể để tâm thần là cái cớ",negative,suggestion,0,True,"cần xử lý nghiêm, không thể để tâm thần là cái cớ","cần xử_lý nghiêm , không_thể để tâm_thần là cái cớ","cần xử_lý nghiêm , ko thể để tâm_thần là cái cớ"
"Ngại giùm luôn, awkward quá!",negative,awkward,0,False,"ngại giùm luôn, awkward quá!","ngại giùm luôn , awkward quá !","ngại giùm luôn , awkward quá !"
Hành xử quá văn minh luôn,positive,compliment,2,False,hành xử quá văn minh luôn,hành xử quá văn_minh luôn,hành xử quá văn_minh luôn
Video này chắc chắn viral luôn!,positive,popular,2,False,video này chắc chắn viral luôn!,video này chắc_chắn viral luôn !,video này chắc_chắn viral luôn !
Nội dung độc hại quá,toxic,insult,0,False,nội dung độc hại quá,nội_dung độc_hại quá,nội_dung độc_hại quá
Nailed it! Làm chuẩn,positive,success,2,False,nailed it! làm chuẩn,nailed it ! làm chuẩn,nailed it ! làm chuẩn
Cái thứ rảnh rỗi đi gây sự với người khác,toxic,insult,0,False,cái thứ rảnh rỗi đi gây sự với người khác,cái thứ rảnh_rỗi đi gây_sự với người khác,cái thứ rảnh_rỗi đi gây_sự với người khác
xe dap chay chan duong o to,negative,criticism,0,False,xe dap chay chan duong o to,xe dap chay chan duong o to,xe dap chay chan duong o to
Càng nói càng lộ,toxic,insult,0,False,càng nói càng lộ,càng nói càng lộ,càng nói càng lộ
"Phá hoại thế này thì phải phạt thật nặng, tâm thần hay không",negative,anger,0,False,"phá hoại thế này thì phải phạt thật nặng, tâm thần hay không","phá_hoại thế này thì phải phạt thật nặng , tâm_thần hay không","phá_hoại thế này thì phải phạt thật nặng , tâm_thần hay không"
phải chăng đây là ẩn dụ cuộc sống?,positive,interpretation,2,False,phải chăng đây là ẩn dụ cuộc sống?,phải chăng đây là ẩn_dụ cuộc_sống ?,phải chăng đây là ẩn_dụ cuộc_sống ?
thấy nghệ sĩ quảng cáo là biết nên cẩn thận rồi,neutral,awareness,1,False,thấy nghệ sĩ quảng cáo là biết nên cẩn thận rồi,thấy nghệ_sĩ quảng_cáo là biết nên cẩn_thận rồi,thấy nghệ_sĩ quảng_cáo là biết nên cẩn_thận rồi
"Đôi này cute vãi, ship nhiệt tình!",positive,relationship_goals,2,False,"đôi này cute vãi, ship nhiệt tình!","đôi này cute vãi , ship nhiệt_tình !","đôi này cute vãi , ship nhiệt_tình !"
xem clip xong cần gọi cấp cứu vì tim loạn nhịp,positive,hyperbole,2,False,xem clip xong cần gọi cấp cứu vì tim loạn nhịp,xem clip xong cần gọi cấp_cứu vì tim loạn nhịp,xem clip xong cần gọi cấp_cứu vì tim loạn nhịp
Chơi như không biết có đồng đội,toxic,insult,0,False,chơi như không biết có đồng đội,chơi như không biết có đồng_đội,chơi như không biết có đồng_đội
giong noi nghe nhuc dau,negative,criticism,0,False,giong noi nghe nhuc dau,giong noi nghe nhuc dau,giong noi nghe nhuc dau
cai status do ma may cung dam share len fb a?,toxic,insult,0,True,cai status do ma may cung dam share len facebook a?,cai status do ma may cung dam share len facebook a ?,cai status do ma may cung dam share len fb a ?
Bạn đánh giá thế nào về độ bền sản phẩm?,neutral,question,1,False,bạn đánh giá thế nào về độ bền sản phẩm?,bạn đánh_giá thế_nào về độ bền sản_phẩm ?,bạn đánh_giá thế_nào về độ bền sản_phẩm ?
Post quote như triết gia mà đời sống tệ,toxic,insult,0,False,post quote như triết gia mà đời sống tệ,post quote như triết_gia mà đời_sống tệ,post quote như triết_gia mà đời_sống tệ
roger that,neutral,understood,1,False,roger that,roger that,roger that
Hệ thống matchmaking thật tệ,negative,criticism,0,False,hệ thống matchmaking thật tệ,hệ_thống matchmaking thật tệ,hệ_thống matchmaking thật tệ
Chân ngắn thế mà cũng đua đòi mặc váy,toxic,bodyshaming,0,False,chân ngắn thế mà cũng đua đòi mặc váy,chân ngắn thế_mà cũng đua_đòi mặc váy,chân ngắn thế_mà cũng đua_đòi mặc váy
Donation goal mà không thực hiện,toxic,insult,0,False,donation goal mà không thực hiện,donation goal mà không thực_hiện,donation goal mà không thực_hiện
Tình huống này không ai đỡ nổi,positive,excitement,2,False,tình huống này không ai đỡ nổi,tình_huống này không ai đỡ nổi,tình_huống này không ai đỡ nổi
mọi người bình tĩnh nha đừng gây war,neutral,moderation,1,False,mọi người bình tĩnh nha đừng gây war,mọi người bình_tĩnh nha đừng gây war,mọi người bình_tĩnh nha đừng gây war
fr fr,positive,for_real,2,False,fr fr,fr fr,fr fr
tai xe mo cua bat ngo gay nguy hiem,negative,criticism,0,False,tai xe mo cua bat ngo gay nguy hiem,tai xe mo cua bat ngo gay nguy hiem,tai xe mo cua bat ngo gay nguy hiem
may co biet cai mat do nhin re tien the nao?,toxic,insult,0,True,may co biết cai mat do nhin re tien the nao?,may co biết cai mat do nhin re tien the nao ?,may co biet cai mat do nhin re tien the nao ?
Tưởng tượng Doraemon nói giọng miền Tây thử xem,neutral,humor,1,False,tưởng tượng doraemon nói giọng miền tây thử xem,tưởng_tượng doraemon nói giọng miền tây thử xem,tưởng_tượng doraemon nói giọng miền tây thử xem
Post workout mà form tập sai,toxic,insult,0,False,post workout mà form tập sai,post workout mà form tập sai,post workout mà form tập sai
fake it till you make it,neutral,pretend_until_real,1,False,fake it till you make it,fake it till you make it,fake it till you make it
oke ban nhe,neutral,okay_polite,1,False,oke ban nhe,oke ban_nhe,oke ban_nhe
Tui không thích cách trình bày này,negative,dislike,0,False,tui không thích cách trình bày này,tui không thích cách trình_bày này,tui không thích cách trình_bày này
lần đầu tiên thấy bác sĩ khiến người bệnh run vì đẹp,positive,appearance,2,False,lần đầu tiên thấy bác sĩ khiến người bệnh run vì đẹp,lần đầu_tiên thấy bác_sĩ khiến người_bệnh run vì đẹp,lần đầu_tiên thấy bác_sĩ khiến người_bệnh run vì đẹp
Mắt bé tí hin mà cũng gắn lens,toxic,bodyshaming,0,False,mắt bé tí hin mà cũng gắn lens,mắt bé tí hin mà cũng gắn lens,mắt bé tí hin mà cũng gắn lens
Chỉnh sửa video không mượt,negative,criticism,0,False,chỉnh sửa video không mượt,chỉnh_sửa video không mượt,chỉnh_sửa video không mượt
"Sáng nay ra đường lạnh tê tay, quên áo khoác",negative,neutral,0,False,"sáng nay ra đường lạnh tê tay, quên áo khoác","sáng nay ra đường lạnh tê tay , quên áo_khoác","sáng nay ra đường lạnh tê tay , quên áo_khoác"
Viral quá rồi này,positive,popular,2,False,viral quá rồi này,viral quá rồi này,viral quá rồi này
may nghi may noi gi cung dung tren fb nay a?,toxic,insult,0,True,may nghi may noi gi cung dung tren facebook nay a?,may nghi may noi gi cung dung tren facebook nay a ?,may nghi may noi gi cung dung tren fb nay a ?
Cơm quê mà giá này chắc bán trên sao Hỏa 😅,negative,sarcasm,0,False,cơm quê mà giá này chắc bán trên sao hỏa 😅,cơm quê mà giá này chắc bán trên sao hỏa_😅,cơm quê mà giá này chắc bán trên sao hỏa_😅
may co biet cai body do nhin re tien ra sao?,toxic,insult,0,True,may co biết cai body do nhin re tien ra sao?,may co biết cai body do nhin re tien ra sao ?,may co biet cai body do nhin re tien ra sao ?
Secondhand embarrassment,negative,cringe,0,False,secondhand embarrassment,secondhand embarrassment,secondhand embarrassment
do uong bi do het ra tui,negative,complaint,0,False,do uong bi do het ra tui,do uong bi do het ra tui,do uong bi do het ra tui
cai status nay nhin la biet khong co chat xam!,toxic,insult,0,True,cai status nay nhin la biết khong co chat xam!,cai status nay nhin la biết khong co chat xam !,cai status nay nhin la biet khong co chat xam !
Không thấy gì đặc biệt sau khi xem,negative,criticism,0,False,không thấy gì đặc biệt sau khi xem,không thấy gì đặc_biệt sau khi xem,không thấy gì đặc_biệt sau khi xem
video nay co phai la livestream khong?,neutral,question,1,False,video nay co phai la livestream khong?,video nay co phai la livestream khong ?,video nay co phai la livestream khong ?
tra sua bi dong mang,negative,complaint,0,False,tra sua bi dong mang,tra sua bi dong mang,tra sua bi dong mang
Bán hàng không có tâm,toxic,insult,0,False,bán hàng không có tâm,bán hàng không có tâm,bán hàng không có tâm
LOL! Hài quá bạn ơi,positive,humor,2,False,lol! hài quá bạn ơi,lol ! hài quá bạn ơi,lol ! hài quá bạn ơi
"Vid nì viral chắc lun, chất vl!",positive,popular,2,False,"vid nì viral chắc lun, chất vl!","vid nì viral chắc lun , chất vl !","vid nì viral chắc lun , chất vl !"
Thời tiết kiểu này đúng là điên thật vl,toxic,insult,0,True,thời tiết kiểu này đúng là điên thật vãi lồn,thời_tiết kiểu này đúng là điên thật vãi lồn,thời_tiết kiểu này đúng là điên thật vl
tình yêu đúng là rối ren thiệt,negative,relationship,0,False,tình yêu đúng là rối ren thiệt,tình_yêu đúng là rối_ren thiệt,tình_yêu đúng là rối_ren thiệt
Demolished the competition,positive,victory,2,False,demolished the competition,demolished the_competition,demolished the_competition
Nội dung này không đúng lắm đâu,negative,correction,0,False,nội dung này không đúng lắm đâu,nội_dung này không đúng lắm đâu,nội_dung này không đúng lắm đâu
Lúc bị bóc thì lại than bị hiểu lầm,toxic,insult,0,False,lúc bị bóc thì lại than bị hiểu lầm,lúc bị bóc thì lại than bị hiểu lầm,lúc bị bóc thì lại than bị hiểu lầm
cai clip nay nhin ma chi muon bo qua ngay luon!,toxic,insult,0,False,cai clip nay nhin ma chi muon bo qua ngay luon!,cai clip nay nhin ma chi muon bo qua ngay luon !,cai clip nay nhin ma chi muon bo qua ngay luon !
Bạn thấy âm thanh có rõ không?,neutral,question,1,False,bạn thấy âm thanh có rõ không?,bạn thấy âm_thanh có rõ không ?,bạn thấy âm_thanh có rõ không ?
Đang tìm hiểu thêm về sản phẩm này,neutral,statement,1,False,đang tìm hiểu thêm về sản phẩm này,đang tìm_hiểu thêm về sản_phẩm này,đang tìm_hiểu thêm về sản_phẩm này
Lúc nào cũng cố làm người tốt,toxic,insult,0,False,lúc nào cũng cố làm người tốt,lúc_nào cũng cố làm người tốt,lúc_nào cũng cố làm người tốt
"Clip anh Huy vui, xem xong cười đau bụng 😄",positive,humor,2,False,"clip anh huy vui, xem xong cười đau bụng 😄","clip anh huy vui , xem xong cười đau bụng 😄","clip anh huy vui , xem xong cười đau bụng 😄"
hợp túi tiền sinh viên luôn á,positive,appreciation,2,False,hợp túi tiền sinh viên luôn á,hợp túi_tiền sinh_viên luôn á,hợp túi_tiền sinh_viên luôn á
cũng may là chưa dắt người yêu đi ăn quán này,positive,relief,2,False,cũng may là chưa dắt người yêu đi ăn quán này,cũng may là chưa dắt người_yêu đi ăn quán này,cũng may là chưa dắt người_yêu đi ăn quán này
"Miệng thì nói đạo lý, tay thì làm tào lao",toxic,insult,0,False,"miệng thì nói đạo lý, tay thì làm tào lao","miệng thì nói đạo_lý , tay thì làm tào_lao","miệng thì nói đạo_lý , tay thì làm tào_lao"
"Video nói nhanh quá, không theo kịp",negative,criticism,0,False,"video nói nhanh quá, không theo kịp","video nói nhanh quá , không theo kịp","video nói nhanh quá , không theo kịp"
clip kiểu vừa toxic vừa gây nghiện,positive,addictive,2,False,clip kiểu vừa toxic vừa gây nghiện,clip kiểu vừa toxic vừa gây nghiện,clip kiểu vừa toxic vừa gây nghiện
mỗi người mỗi nơi đều có nét đẹp riêng,positive,diversity,2,False,mỗi người mỗi nơi đều có nét đẹp riêng,mỗi người mỗi nơi đều có nét đẹp riêng,mỗi người mỗi nơi đều có nét đẹp riêng
"Ghét qué, content nì cringe vcl!",negative,cringe,0,False,"ghét qué, content nì cringe vcl!","ghét qué , content nì cringe vcl !","ghét qué , content nì cringe vcl !"
"Như phim Hollywood, chất vãi!",positive,cinematic,2,False,"như phim hollywood, chất vãi!","như phim hollywood , chất vãi !","như phim hollywood , chất vãi !"
cai body do nhin ma chi muon block ngay luon!,toxic,insult,0,False,cai body do nhin ma chi muon block ngay luon!,cai body do nhin ma chi muon block ngay luon !,cai body do nhin ma chi muon block ngay luon !
video doi tuan chang co j,negative,disappointment,0,True,video doi tuan chang co gì,video doi tuan chang co gì,video doi tuan chang co j
Ảnh graduation mà chưa tốt nghiệp,toxic,insult,0,False,ảnh graduation mà chưa tốt nghiệp,ảnh graduation mà chưa tốt_nghiệp,ảnh graduation mà chưa tốt_nghiệp
ban co hay an nhe buoi toi khong?,neutral,question,1,False,ban co hay an nhe buoi toi khong?,ban co hay an nhe buoi toi khong ?,ban co hay an nhe buoi toi khong ?
Chills! Rùng mình,positive,powerful_effect,2,False,chills! rùng mình,chills ! rùng_mình,chills ! rùng_mình
"Hài hước ghê, phá ngai mà tỉnh bơ",neutral,humor,1,False,"hài hước ghê, phá ngai mà tỉnh bơ","hài_hước ghê , phá ngai mà tỉnh_bơ","hài_hước ghê , phá ngai mà tỉnh_bơ"
may co biet cai cach viet status do ngu the nao?,toxic,insult,0,True,may co biết cai cach viet status do ngu the nao?,may co biết cai cach viet status do ngu the nao ?,may co biet cai cach viet status do ngu the nao ?
Masterpiece! Kiệt tác,positive,masterpiece,2,False,masterpiece! kiệt tác,masterpiece ! kiệt_tác,masterpiece ! kiệt_tác
Chơi vài trận đã thấy nhàm rồi,negative,disappointment,0,False,chơi vài trận đã thấy nhàm rồi,chơi vài trận đã thấy nhàm rồi,chơi vài trận đã thấy nhàm rồi
Sản phẩm có tương thích với hệ điều hành nào?,neutral,question,1,False,sản phẩm có tương thích với hệ điều hành nào?,sản_phẩm có tương_thích với hệ điều_hành nào ?,sản_phẩm có tương_thích với hệ điều_hành nào ?
Hệ thống hướng dẫn game quá sơ sài,negative,criticism,0,False,hệ thống hướng dẫn game quá sơ sài,hệ_thống hướng_dẫn game quá sơ_sài,hệ_thống hướng_dẫn game quá sơ_sài
Đúng là người không có tâm,toxic,insult,0,False,đúng là người không có tâm,đúng là người không có tâm,đúng là người không có tâm
"Anh Huy làm clip vui quá, xem hoài không chán 😄",positive,neutral,2,False,"anh huy làm clip vui quá, xem hoài không chán 😄","anh huy làm clip vui quá , xem hoài không chán 😄","anh huy làm clip vui quá , xem hoài không chán 😄"
Clip này có tiếng không bạn?,neutral,question,1,False,clip này có tiếng không bạn?,clip này có tiếng không bạn ?,clip này có tiếng không bạn ?
Chơi game như người tàn tật,toxic,insult,0,False,chơi game như người tàn tật,chơi game như người tàn_tật,chơi game như người tàn_tật
Răng vàng khè mà dám quay cận mặt,toxic,bodyshaming,0,False,răng vàng khè mà dám quay cận mặt,răng vàng_khè mà dám quay cận mặt,răng vàng_khè mà dám quay cận mặt
periodt pooh,positive,emphasis_cute,2,False,periodt pooh,periodt pooh,periodt pooh
Chỉ khổ mấy người tin lời,toxic,insult,0,False,chỉ khổ mấy người tin lời,chỉ khổ mấy người tin lời,chỉ khổ mấy người tin lời
"QC nhìu vcl, chán ghê!",negative,annoyance,0,True,"quảng cáo nhìu vcl, chán ghê!","quảng_cáo nhìu vcl , chán ghê !","qc nhìu vcl , chán ghê !"
co video huong dan lam khong?,neutral,request,1,False,co video huong dan lam khong?,co video huong dan lam khong ?,co video huong dan lam khong ?
"Tâm thần sao tự đi được tới đó, nghi lắm",toxic,sarcasm,0,False,"tâm thần sao tự đi được tới đó, nghi lắm","tâm_thần sao tự đi được tới đó , nghi lắm","tâm_thần sao tự đi được tới đó , nghi lắm"
Hỗ trợ khách như đùa,toxic,insult,0,False,hỗ trợ khách như đùa,hỗ_trợ khách như đùa,hỗ_trợ khách như đùa
Happy new year! Chúc năm mới vui vẻ,positive,celebration,2,False,happy new year! chúc năm mới vui vẻ,happy new year ! chúc năm mới vui_vẻ,happy new year ! chúc năm mới vui_vẻ
"Đã nghèo còn đẻ, đúng là ko biết nghĩ",toxic,insult,0,True,"đã nghèo còn đẻ, đúng là không biết nghĩ","đã nghèo còn đẻ , đúng là không biết_nghĩ","đã nghèo còn đẻ , đúng là ko biết_nghĩ"
cai body do ma may cung dam mac do bo len fb?,toxic,insult,0,False,cai body do ma may cung dam mac do bo len fb?,cai body do ma may cung dam mac do bo len fb ?,cai body do ma may cung dam mac do bo len fb ?
Chơi game mà toxic hơn cả villain,toxic,insult,0,False,chơi game mà toxic hơn cả villain,chơi game mà toxic hơn cả villain,chơi game mà toxic hơn cả villain
"mệt chết ""🥵🥵🥵🥵""",neutral,overwhelmed,1,False,"mệt chết ""🥵🥵🥵🥵""","mệt chết "" 🥵 🥵 🥵 🥵 ""","mệt chết "" 🥵 🥵 🥵 🥵 """
Hiệu ứng ghép vô duyên mà mắc cười 😄,positive,excitement,2,False,hiệu ứng ghép vô duyên mà mắc cười 😄,hiệu_ứng ghép vô_duyên mà mắc cười 😄,hiệu_ứng ghép vô_duyên mà mắc cười 😄
"Bảo vệ lăng làm ăn kiểu gì, sa thải đi",negative,anger,0,False,"bảo vệ lăng làm ăn kiểu gì, sa thải đi","bảo_vệ lăng làm_ăn kiểu gì , sa_thải đi","bảo_vệ lăng làm_ăn kiểu gì , sa_thải đi"
Cần thêm nhận xét từ khách đã dùng,neutral,request,1,False,cần thêm nhận xét từ khách đã dùng,cần thêm nhận_xét từ khách đã dùng,cần thêm nhận_xét từ khách đã dùng
Nội dung chưa được đầu tư tốt,negative,criticism,0,False,nội dung chưa được đầu tư tốt,nội_dung chưa được đầu_tư tốt,nội_dung chưa được đầu_tư tốt
Shop lấy tiền khách rồi im luôn,toxic,insult,0,False,shop lấy tiền khách rồi im luôn,shop lấy tiền khách rồi im luôn,shop lấy tiền khách rồi im luôn
nhac nen am am chan,negative,criticism,0,False,nhac nen am am chan,nhac nen am am chan,nhac nen am am chan
tui cười tới khan tiếng luôn á,positive,reaction,2,False,tui cười tới khan tiếng luôn á,tui cười tới khan tiếng luôn á,tui cười tới khan tiếng luôn á
Content create như không có passion,toxic,insult,0,False,content create như không có passion,content create như_không có passion,content create như_không có passion
may co biet cai chan ngan do nhin te the nao?,toxic,insult,0,True,may co biết cai chan ngan do nhin te the nao?,may co biết cai chan ngan do nhin te the nao ?,may co biet cai chan ngan do nhin te the nao ?
"Dm, clip nì rác vcl, xóa đi!",toxic,curse,0,False,"dm, clip nì rác vcl, xóa đi!","dm , clip nì rác vcl , xóa đi !","dm , clip nì rác vcl , xóa đi !"
Procrastination level: expert,negative,procrastination,0,False,procrastination level: expert,procrastination level : expert,procrastination level : expert
Bạn có thể cập nhật thêm không?,neutral,request,1,False,bạn có thể cập nhật thêm không?,bạn có_thể cập_nhật thêm không ?,bạn có_thể cập_nhật thêm không ?
"Đang hot trên mạng, hay xĩu!",positive,buzzing,2,False,"đang hot trên mạng, hay xĩu!","đang hot trên mạng , hay xĩu !","đang hot trên mạng , hay xĩu !"
Nhìn vậy ai mà không quý cho được,positive,compliment,2,False,nhìn vậy ai mà không quý cho được,nhìn vậy ai mà không quý cho được,nhìn vậy ai mà không quý cho được
Có ai online không?,neutral,question,1,False,có ai online không?,có ai online không ?,có ai online không ?
Blame jungler cho mọi thứ,toxic,insult,0,False,blame jungler cho mọi thứ,blame jungler cho mọi thứ,blame jungler cho mọi thứ
Đóng gói sơ sài,negative,complaint,0,False,đóng gói sơ sài,đóng_gói sơ_sài,đóng_gói sơ_sài
"Setup đỉnh vậy, share đi bạn!",neutral,request,1,False,"setup đỉnh vậy, share đi bạn!","setup đỉnh vậy , share đi bạn !","setup đỉnh vậy , share đi bạn !"
Đóng gói không cẩn thận,negative,complaint,0,False,đóng gói không cẩn thận,đóng_gói không cẩn_thận,đóng_gói không cẩn_thận
day la mon gi vay?,neutral,question,1,False,day la mon gi vay?,day la mon gi vay ?,day la mon gi vay ?
Sống ảo quen rồi nên không dừng được,toxic,insult,0,False,sống ảo quen rồi nên không dừng được,sống ảo quen rồi nên không dừng được,sống ảo quen rồi nên không dừng được
"người đẹp cảnh đẹp, học chắc cũng đỉnh",positive,optimistic,2,False,"người đẹp cảnh đẹp, học chắc cũng đỉnh","người đẹp cảnh đẹp , học chắc cũng đỉnh","người đẹp cảnh đẹp , học chắc cũng đỉnh"
Bạn đánh giá chất lượng thế nào?,neutral,question,1,False,bạn đánh giá chất lượng thế nào?,bạn đánh_giá chất_lượng thế_nào ?,bạn đánh_giá chất_lượng thế_nào ?
Sản phẩm này có nhiều màu không bạn?,neutral,question,1,False,sản phẩm này có nhiều màu không bạn?,sản_phẩm này có nhiều màu không bạn ?,sản_phẩm này có nhiều màu không bạn ?
cai anh do nhin ma chi muon unlike ngay luon!,toxic,insult,0,False,cai anh do nhin ma chi muon unlike ngay luon!,cai anh do nhin ma chi muon unlike ngay luon !,cai anh do nhin ma chi muon unlike ngay luon !
"duong ho roi, khong sua chua",negative,criticism,0,False,"duong ho roi, khong sua chua","duong ho roi , khong sua chua","duong ho roi , khong sua chua"
Chế độ bảo hành chưa rõ ràng,negative,concern,0,False,chế độ bảo hành chưa rõ ràng,chế_độ bảo_hành chưa rõ_ràng,chế_độ bảo_hành chưa rõ_ràng
và sau này khi lớn khôn rồi,neutral,reflection,1,False,và sau này khi lớn khôn rồi,và sau_này khi lớn_khôn rồi,và sau_này khi lớn_khôn rồi
"Drama nào cũng nhảy vào được, phục luôn",toxic,insult,0,False,"drama nào cũng nhảy vào được, phục luôn","drama nào cũng nhảy vào được , phục luôn","drama nào cũng nhảy vào được , phục luôn"
Bạn quay clip này mất bao lâu?,neutral,question,1,False,bạn quay clip này mất bao lâu?,bạn quay clip này mất bao_lâu ?,bạn quay clip này mất bao_lâu ?
"Đề nghị sửa luật, tâm thần ko thể là lý do thoát tội",negative,suggestion,0,True,"đề nghị sửa luật, tâm thần không thể là lý do thoát tội","đề_nghị sửa luật , tâm_thần không_thể là lý_do thoát tội","đề_nghị sửa luật , tâm_thần ko thể là lý_do thoát tội"
Làm như vậy mà cũng đòi làm YouTuber,toxic,insult,0,False,làm như vậy mà cũng đòi làm youtuber,làm như vậy_mà cũng đòi làm youtuber,làm như vậy_mà cũng đòi làm youtuber
Hệ thống nhiệm vụ lặp đi lặp lại hoài,negative,criticism,0,False,hệ thống nhiệm vụ lặp đi lặp lại hoài,hệ_thống nhiệm_vụ lặp_đi lặp lại hoài,hệ_thống nhiệm_vụ lặp_đi lặp lại hoài
bệnh chưa kịp hết mà tình yêu đã bắt đầu,positive,joke,2,False,bệnh chưa kịp hết mà tình yêu đã bắt đầu,bệnh chưa kịp hết mà tình_yêu đã bắt_đầu,bệnh chưa kịp hết mà tình_yêu đã bắt_đầu
Nhìn chân tay lủng lẳng yếu xìu,toxic,bodyshaming,0,False,nhìn chân tay lủng lẳng yếu xìu,nhìn chân_tay lủng_lẳng yếu_xìu,nhìn chân_tay lủng_lẳng yếu_xìu
Glued to the screen,positive,engrossing,2,False,glued to the screen,glued to the_screen,glued to the_screen
that's the tea,neutral,truth_gossip,1,False,that's the tea,that ' s the_tea,that ' s the_tea
Video này dài bao nhiêu phút vậy?,neutral,question,1,False,video này dài bao nhiêu phút vậy?,video này dài bao_nhiêu phút vậy ?,video này dài bao_nhiêu phút vậy ?
sao may khong biet minh dang lam tro tren fb?,toxic,insult,0,True,sao may khong biết minh dang lam tro tren fb?,sao may khong biết minh dang lam tro tren fb ?,sao may khong biet minh dang lam tro tren fb ?
dang cap vkl . tôi kiếm 1 em lớp 10 để yêu cho biết mùi yêu đương,positive,appreciation,2,True,dang cap vãi cả lồn . tôi kiếm 1 em lớp 10 để yêu cho biết mùi yêu đương,dang cap vãi cả lồn . tôi kiếm 1 em lớp 10 để yêu cho biết mùi yêu_đương,dang cap vkl . tôi kiếm 1 em lớp 10 để yêu cho biết mùi yêu_đương
Suy nghĩ kỹ trước khi phát ngôn gì đó nha,positive,useful,2,False,suy nghĩ kỹ trước khi phát ngôn gì đó nha,suy_nghĩ kỹ trước khi phát_ngôn gì đó nha,suy_nghĩ kỹ trước khi phát_ngôn gì đó nha
Bạn đã dùng sản phẩm lâu chưa?,neutral,question,1,False,bạn đã dùng sản phẩm lâu chưa?,bạn đã dùng sản_phẩm lâu chưa ?,bạn đã dùng sản_phẩm lâu chưa ?
cứ mỗi lần lướt là lại ghen tị nhẹ,neutral,emotion,1,False,cứ mỗi lần lướt là lại ghen tị nhẹ,cứ mỗi lần lướt là lại ghen_tị nhẹ,cứ mỗi lần lướt là lại ghen_tị nhẹ
Chất lượng như đồ chơi trẻ con,toxic,insult,0,False,chất lượng như đồ chơi trẻ con,chất_lượng như đồ_chơi trẻ_con,chất_lượng như đồ_chơi trẻ_con
"Clip lặp lại ý tưởng mãi, chán quá",negative,criticism,0,False,"clip lặp lại ý tưởng mãi, chán quá","clip_lặp lại ý_tưởng mãi , chán quá","clip_lặp lại ý_tưởng mãi , chán quá"
grateful,positive,thankful_emotion,2,False,grateful,grateful,grateful
"Doraemon không chỉ là phim, là cả thanh xuân",positive,nostalgia,2,False,"doraemon không chỉ là phim, là cả thanh xuân","doraemon không chỉ là phim , là cả thanh_xuân","doraemon không chỉ là phim , là cả thanh_xuân"
do an man muon khoc,negative,disappointment,0,False,do an man muon khoc,do an man muon khoc,do an man muon khoc
noi linh tinh,negative,criticism,0,False,noi linh tinh,noi linh_tinh,noi linh_tinh
giờ phim thiếu nhi toàn giọng như robot á 😔,negative,criticism,0,False,giờ phim thiếu nhi toàn giọng như robot á 😔,giờ phim thiếu_nhi toàn giọng như robot á 😔,giờ phim thiếu_nhi toàn giọng như robot á 😔
mắt kiểu: lại drama nữa hả trời,positive,reaction,2,False,mắt kiểu: lại drama nữa hả trời,mắt kiểu : lại drama nữa hả trời,mắt kiểu : lại drama nữa hả trời
"An ninh yếu quá, cần cải thiện ngay",negative,suggestion,0,False,"an ninh yếu quá, cần cải thiện ngay","an_ninh yếu quá , cần cải_thiện ngay","an_ninh yếu quá , cần cải_thiện ngay"
dit me,toxic,extreme_vulgar,0,False,dit me,dit me,dit me
trứng này chắc đi học Harvard nên giá cao,positive,humor,2,False,trứng này chắc đi học harvard nên giá cao,trứng này chắc đi học harvard nên giá cao,trứng này chắc đi học harvard nên giá cao
Too obvious! Dễ đoán quá,negative,predictable,0,False,too obvious! dễ đoán quá,too obvious ! dễ đoán quá,too obvious ! dễ đoán quá
nhìn cơ bắp của ảnh là pk uy tín r,positive,humor,2,True,nhìn cơ bắp của ảnh là pk uy tín rồi,nhìn cơ_bắp của ảnh là pk uy_tín rồi,nhìn cơ_bắp của ảnh là pk uy_tín r
nation's mc,positive,hosting_praise,2,False,nation's mc,nation ' s mc,nation ' s mc
Bạn có lịch đăng video không?,neutral,question,1,False,bạn có lịch đăng video không?,bạn có lịch đăng video không ?,bạn có lịch đăng video không ?
Comment body shaming openly,toxic,insult,0,False,comment body shaming openly,comment body shaming openly,comment body shaming openly
Sắp tới có sự kiện gì không mọi người?,neutral,question,1,False,sắp tới có sự kiện gì không mọi người?,sắp tới có sự_kiện gì không mọi người ?,sắp tới có sự_kiện gì không mọi người ?
"cảm ơn video, rất bổ ích",positive,gratitude,2,False,"cảm ơn video, rất bổ ích","cảm_ơn video , rất bổ_ích","cảm_ơn video , rất bổ_ích"
ngày nào cũng chờ đến giờ chiếu phim,positive,habit,2,False,ngày nào cũng chờ đến giờ chiếu phim,ngày nào cũng chờ đến giờ chiếu_phim,ngày nào cũng chờ đến giờ chiếu_phim
Không nhận được mã giảm giá như quảng cáo,negative,complaint,0,False,không nhận được mã giảm giá như quảng cáo,không nhận được mã giảm_giá_như quảng_cáo,không nhận được mã giảm_giá_như quảng_cáo
Body như cây kem bị chảy nắng,toxic,bodyshaming,0,False,body như cây kem bị chảy nắng,body như cây kem bị chảy nắng,body như cây kem bị chảy nắng
Chúc mừng sinh nhật bạn nhé!,positive,celebration,2,False,chúc mừng sinh nhật bạn nhé!,chúc_mừng sinh_nhật bạn nhé !,chúc_mừng sinh_nhật bạn nhé !
hay nhấn mạnh chữ quận 1:)),negative,teasing,0,False,hay nhấn mạnh chữ quận 1:)),hay nhấn_mạnh chữ quận 1 : ) ),hay nhấn_mạnh chữ quận 1 : ) )
Sản phẩm này làm được gì nữa không?,neutral,question,1,False,sản phẩm này làm được gì nữa không?,sản_phẩm này làm được gì nữa không ?,sản_phẩm này làm được gì nữa không ?
"Ngầu lòi, tui respect bạn luôn!",positive,admiration,2,False,"ngầu lòi, tui respect bạn luôn!","ngầu lòi , tui respect bạn luôn !","ngầu lòi , tui respect bạn luôn !"
Chả thấy hài gì cả,negative,criticism,0,False,chả thấy hài gì cả,chả thấy hài gì cả,chả thấy hài gì cả
có ai từng gặp trường hợp tương tự chưa?,positive,appreciation,2,False,có ai từng gặp trường hợp tương tự chưa?,có ai từng gặp trường_hợp tương_tự chưa ?,có ai từng gặp trường_hợp tương_tự chưa ?
Xem hết clip vẫn không thấy hay,negative,disappointment,0,False,xem hết clip vẫn không thấy hay,xem hết clip vẫn không thấy hay,xem hết clip vẫn không thấy hay
hơi bị shock với giá trứng ở đây,negative,price\_shock,0,False,hơi bị shock với giá trứng ở đây,hơi bị shock với giá trứng ở đây,hơi bị shock với giá trứng ở đây
Đặt hàng xong như mất tích luôn,toxic,insult,0,False,đặt hàng xong như mất tích luôn,đặt_hàng xong như mất_tích luôn,đặt_hàng xong như mất_tích luôn
Anh Huy làm clip cơm quê vui quá 😎,positive,neutral,2,False,anh huy làm clip cơm quê vui quá 😎,anh huy làm clip cơm quê vui quá 😎,anh huy làm clip cơm quê vui quá 😎
Nội dung cứ lặp lại hoài,negative,criticism,0,False,nội dung cứ lặp lại hoài,nội_dung cứ lặp lại hoài,nội_dung cứ lặp lại hoài
Hàng về không giống ảnh tí nào,toxic,insult,0,False,hàng về không giống ảnh tí nào,hàng về không giống ảnh tí nào,hàng về không giống ảnh tí nào
đây là lý do tại sao đừng đùa về vùng miền,negative,caution,0,False,đây là lý do tại sao đừng đùa về vùng miền,đây là lý_do tại_sao đừng đùa về vùng miền,đây là lý_do tại_sao đừng đùa về vùng miền
Ping spam như điên,toxic,insult,0,False,ping spam như điên,ping spam như_điên,ping spam như_điên
Da sần sùi như vỏ cam,toxic,bodyshaming,0,False,da sần sùi như vỏ cam,da_sần_sùi như vỏ cam,da_sần_sùi như vỏ cam
gây mê hay gây thương nhớ đây?,positive,wordplay,2,False,gây mê hay gây thương nhớ đây?,gây_mê hay gây thương_nhớ đây ?,gây_mê hay gây thương_nhớ đây ?
nội dung gì mà làm tui muốn replay hoài,positive,addictive,2,False,nội dung gì mà làm tui muốn replay hoài,nội_dung gì mà làm tui muốn replay hoài,nội_dung gì mà làm tui muốn replay hoài
Không có nội dung rõ ràng,negative,criticism,0,False,không có nội dung rõ ràng,không có nội_dung rõ_ràng,không có nội_dung rõ_ràng
"Quảng cáo nhiều quá, chán luôn",negative,annoyance,0,False,"quảng cáo nhiều quá, chán luôn","quảng_cáo nhiều quá , chán luôn","quảng_cáo nhiều quá , chán luôn"
Chưa thấy gì đặc biệt để nhớ,negative,criticism,0,False,chưa thấy gì đặc biệt để nhớ,chưa thấy gì đặc_biệt để nhớ,chưa thấy gì đặc_biệt để nhớ
Selfie mà như người khác,toxic,insult,0,False,selfie mà như người khác,selfie mà như người khác,selfie mà như người khác
"đẹp là một chuyện, học hành mới là chính nha mấy bạn",neutral,reminder,1,False,"đẹp là một chuyện, học hành mới là chính nha mấy bạn","đẹp là một chuyện , học_hành mới là chính nha mấy bạn","đẹp là một chuyện , học_hành mới là chính nha mấy bạn"
cai clip nay nhin ma chi muon tat ngay luon!,toxic,insult,0,False,cai clip nay nhin ma chi muon tat ngay luon!,cai clip nay nhin ma chi muon tat ngay luon !,cai clip nay nhin ma chi muon tat ngay luon !
"Valentine tới, tui vẫn single pringle",neutral,single_status,1,False,"valentine tới, tui vẫn single pringle","valentine tới , tui vẫn single pringle","valentine tới , tui vẫn single pringle"
may nghi post cai do len fb la ai cung quan tam a?,toxic,insult,0,True,may nghi post cai do len facebook la ai cung quan tam a?,may nghi_post cai do len facebook la ai cung quan tam a ?,may nghi_post cai do len fb la ai cung quan tam a ?
may co biet cai mat mun do nhin muoi mat sao?,toxic,insult,0,True,may co biết cai mat mun do nhin muoi mat sao?,may co biết cai mat mun do nhin muoi mat sao ?,may co biet cai mat mun do nhin muoi mat sao ?
"Sinh con ra mà ko lo được, ích kỷ vl",toxic,insult,0,True,"sinh con ra mà không lo được, ích kỷ vãi lồn","sinh con ra mà không lo được , ích_kỷ vãi lồn","sinh con ra mà ko lo được , ích_kỷ vl"
"ai đó dừng lại đi, cái cap này làm tao bối rối",positive,confusion,2,False,"ai đó dừng lại đi, cái cap này làm tao bối rối","ai đó dừng lại đi , cái cap này làm tao bối_rối","ai đó dừng lại đi , cái cap này làm tao bối_rối"
trời ơi cái cap này đúng lúc quá,positive,timing,2,False,trời ơi cái cap này đúng lúc quá,trời ơi cái cap này đúng lúc quá,trời ơi cái cap này đúng lúc quá
"OK, tui sẽ check sau",neutral,acknowledgment,1,False,"ok, tui sẽ check sau","ok , tui sẽ check sau","ok , tui sẽ check sau"
"Setup này đỉnh quá, share đi bạn!",neutral,request,1,False,"setup này đỉnh quá, share đi bạn!","setup này đỉnh quá , share đi bạn !","setup này đỉnh quá , share đi bạn !"
cai anh do nhin cai bung may ma muon tat ngay!,toxic,insult,0,False,cai anh do nhin cai bung may ma muon tat ngay!,cai anh do nhin cai bung may ma muon tat ngay !,cai anh do nhin cai bung may ma muon tat ngay !
Cằm đôi mà vẫn tự tin khoe góc nghiêng,toxic,bodyshaming,0,False,cằm đôi mà vẫn tự tin khoe góc nghiêng,cằm đôi mà vẫn tự_tin khoe góc nghiêng,cằm đôi mà vẫn tự_tin khoe góc nghiêng
"Đồ điên, ai rảnh xem cái này?",toxic,offensive,0,False,"đồ điên, ai rảnh xem cái này?","đồ điên , ai rảnh xem cái này ?","đồ điên , ai rảnh xem cái này ?"
"noi nhanh wa, nghe ko kip",negative,criticism,0,True,"noi nhanh wa, nghe không kip","noi nhanh wa , nghe không kip","noi nhanh wa , nghe ko kip"
"Video dài qué, cắt bớt đi b!",negative,suggestion,0,False,"video dài qué, cắt bớt đi b!","video dài qué , cắt bớt đi b !","video dài qué , cắt bớt đi b !"
Hỏi thì trả lời như ban phát,toxic,insult,0,False,hỏi thì trả lời như ban phát,hỏi thì trả_lời như ban_phát,hỏi thì trả_lời như ban_phát
"Người đâu vừa mập vừa lùn, khó coi quá",toxic,bodyshaming,0,False,"người đâu vừa mập vừa lùn, khó coi quá","người đâu vừa mập vừa lùn , khó_coi quá","người đâu vừa mập vừa lùn , khó_coi quá"
Cảm giác sử dụng không thoải mái,negative,disappointment,0,False,cảm giác sử dụng không thoải mái,cảm_giác sử_dụng không thoải_mái,cảm_giác sử_dụng không thoải_mái
Thời tiết mát thế này giữ mãi nhé trời ơi,positive,suggestion,2,False,thời tiết mát thế này giữ mãi nhé trời ơi,thời_tiết mát thế này giữ mãi nhé trời_ơi,thời_tiết mát thế này giữ mãi nhé trời_ơi
Mày nên đi chữa bệnh tâm lý đi,toxic,insult,0,False,mày nên đi chữa bệnh tâm lý đi,mày nên đi chữa bệnh tâm_lý đi,mày nên đi chữa bệnh tâm_lý đi
"Video lag quá, fix giùm nha",neutral,technical_issue,1,False,"video lag quá, fix giùm nha","video lag quá , fix giùm nha","video lag quá , fix giùm nha"
Bạn làm video về chủ đề này được không?,neutral,request,1,False,bạn làm video về chủ đề này được không?,bạn làm video về chủ_đề này được không ?,bạn làm video về chủ_đề này được không ?
Bạn nói đúng,neutral,agreement,1,False,bạn nói đúng,bạn nói đúng,bạn nói đúng
Late game throw như chuyên nghiệp,toxic,insult,0,False,late game throw như chuyên nghiệp,late game throw như chuyên_nghiệp,late game throw như chuyên_nghiệp
Food diary,neutral,lifestyle,1,False,food diary,food diary,food diary
"Sản phẩm hay bị treo, đơ máy",negative,criticism,0,False,"sản phẩm hay bị treo, đơ máy","sản_phẩm hay bị treo , đơ máy","sản_phẩm hay bị treo , đơ máy"
ai làm clip này chắc có gu cực mạnh,positive,taste,2,False,ai làm clip này chắc có gu cực mạnh,ai làm clip này chắc có gu cực mạnh,ai làm clip này chắc có gu cực mạnh
Anh Huy làm clip cơm quê cười đau cả bụng 😄,positive,humor,2,False,anh huy làm clip cơm quê cười đau cả bụng 😄,anh huy làm clip cơm quê cười đau cả bụng 😄,anh huy làm clip cơm quê cười đau cả bụng 😄
giá trị nằm ở chất lượng món ăn,positive,appreciation,2,False,giá trị nằm ở chất lượng món ăn,giá_trị nằm ở chất_lượng món ăn,giá_trị nằm ở chất_lượng món ăn
lớp tui hồi xưa không ai trang điểm bao giờ,neutral,contrast,1,False,lớp tui hồi xưa không ai trang điểm bao giờ,lớp tui hồi xưa không ai trang_điểm bao_giờ,lớp tui hồi xưa không ai trang_điểm bao_giờ
Thứ này chắc sống không ai chơi chung,toxic,insult,0,False,thứ này chắc sống không ai chơi chung,thứ này chắc sống không ai chơi chung,thứ này chắc sống không ai chơi chung
Mid không roam hỗ trợ,toxic,insult,0,False,mid không roam hỗ trợ,mid không roam hỗ_trợ,mid không roam hỗ_trợ
"Video dài quá, cắt bớt đi bạn",negative,suggestion,0,False,"video dài quá, cắt bớt đi bạn","video dài quá , cắt bớt đi bạn","video dài quá , cắt bớt đi bạn"
Bạn cài đặt thế nào vậy?,neutral,question,1,False,bạn cài đặt thế nào vậy?,bạn cài_đặt thế_nào vậy ?,bạn cài_đặt thế_nào vậy ?
holy grail,positive,favorite_product,2,False,holy grail,holy grail,holy grail
Không hài lòng với hệ thống phần thưởng,negative,criticism,0,False,không hài lòng với hệ thống phần thưởng,không hài_lòng với hệ_thống phần_thưởng,không hài_lòng với hệ_thống phần_thưởng
"xin bác sĩ chữa em đi, bệnh tương tư nặng lắm rồi",positive,joke,2,False,"xin bác sĩ chữa em đi, bệnh tương tư nặng lắm rồi","xin bác_sĩ chữa em đi , bệnh tương_tư nặng lắm rồi","xin bác_sĩ chữa em đi , bệnh tương_tư nặng lắm rồi"
ngày xưa chỉ có áo trắng quần xanh là xong,neutral,comparison,1,False,ngày xưa chỉ có áo trắng quần xanh là xong,ngày_xưa chỉ có áo trắng quần xanh là xong,ngày_xưa chỉ có áo trắng quần xanh là xong
ko thich kieu lam video nay,negative,criticism,0,True,không thích kieu lam video nay,không thích kieu lam video nay,ko thich kieu lam video nay
bán online mà vậy là hợp lý,positive,appreciation,2,False,bán online mà vậy là hợp lý,bán online mà vậy là hợp_lý,bán online mà vậy là hợp_lý
Bạn thử các màu khác chưa?,neutral,question,1,False,bạn thử các màu khác chưa?,bạn thử các màu khác chưa ?,bạn thử các màu khác chưa ?
Bạn thử sản phẩm nào nữa chưa?,neutral,question,1,False,bạn thử sản phẩm nào nữa chưa?,bạn thử sản_phẩm nào nữa chưa ?,bạn thử sản_phẩm nào nữa chưa ?
chỗ này đẹp nhưng đồ ăn thì hơi fail,negative,balanced,0,False,chỗ này đẹp nhưng đồ ăn thì hơi fail,chỗ này đẹp nhưng đồ ăn thì hơi fail,chỗ này đẹp nhưng đồ ăn thì hơi fail
"t thấy nó buồn cười á, nhưng nghĩ lại cũng hơi sai",neutral,reflective,1,False,"t thấy nó buồn cười á, nhưng nghĩ lại cũng hơi sai","t thấy nó buồn_cười á , nhưng nghĩ_lại cũng hơi sai","t thấy nó buồn_cười á , nhưng nghĩ_lại cũng hơi sai"
spam vl! bao cao liền,negative,complaint,0,False,spam vl! bao cao liền,spam vl ! bao cao liền,spam vl ! bao cao liền
Mày bị gì mà post mấy cái này?,toxic,aggressive,0,False,mày bị gì mà post mấy cái này?,mày bị gì mà post mấy cái này ?,mày bị gì mà post mấy cái này ?
Decision making tệ khủng khiếp,toxic,insult,0,False,decision making tệ khủng khiếp,decision making tệ khủng_khiếp,decision making tệ khủng_khiếp
cai nay la tom chien xu ha?,neutral,question,1,False,cai nay la tom chien xu ha?,cai nay la tom chien xu ha ?,cai nay la tom chien xu ha ?
Story favorite things mà taste questionable,toxic,insult,0,False,story favorite things mà taste questionable,story favorite things mà taste questionable,story favorite things mà taste questionable
"mỗi người 1 suy nghĩ, nhưng nghĩa vụ vẫn là trách nhiệm",positive,appreciation,2,False,"mỗi người 1 suy nghĩ, nhưng nghĩa vụ vẫn là trách nhiệm","mỗi người 1 suy_nghĩ , nhưng nghĩa_vụ vẫn là trách_nhiệm","mỗi người 1 suy_nghĩ , nhưng nghĩa_vụ vẫn là trách_nhiệm"
shipper ko lien lac,negative,complaint,0,True,shipper không lien lac,shipper không lien lac,shipper ko lien lac
Chat mod abuse power kinh khủng,toxic,insult,0,False,chat mod abuse power kinh khủng,chat mod abuse power kinh_khủng,chat mod abuse power kinh_khủng
"Nghèo thì đừng đẻ, nói mãi chả nghe",toxic,anger,0,False,"nghèo thì đừng đẻ, nói mãi chả nghe","nghèo thì đừng đẻ , nói mãi chả nghe","nghèo thì đừng đẻ , nói mãi chả nghe"
Cơm quê mà giá này chắc bán ở sao Thủy 😅,negative,sarcasm,0,False,cơm quê mà giá này chắc bán ở sao thủy 😅,cơm quê mà giá này chắc bán ở sao thủy_😅,cơm quê mà giá này chắc bán ở sao thủy_😅
Comment xin follow back như ăn mày,toxic,insult,0,False,comment xin follow back như ăn mày,comment xin follow back như ăn_mày,comment xin follow back như ăn_mày
Không thấy vui như giới thiệu,negative,disappointment,0,False,không thấy vui như giới thiệu,không thấy vui như giới_thiệu,không thấy vui như giới_thiệu
Heart racing! Tim đập mạnh,positive,excitement,2,False,heart racing! tim đập mạnh,heart racing ! tim đập mạnh,heart racing ! tim đập mạnh
ai cũng xinh chứ không như lớp tôi,neutral,comparison,1,False,ai cũng xinh chứ không như lớp tôi,ai cũng xinh chứ không như lớp tôi,ai cũng xinh chứ không như lớp tôi
"Valentine tới rồi, tui vẫn FA",neutral,single_status,1,False,"valentine tới rồi, tui vẫn fa","valentine tới rồi , tui vẫn fa","valentine tới rồi , tui vẫn fa"
yes sir,neutral,formal_yes,1,False,yes sir,yes sir,yes sir
nghe tới 'dượng bầu' là thấy có gì đó sai sai,negative,suspicion,0,False,nghe tới 'dượng bầu' là thấy có gì đó sai sai,nghe tới ' dượng bầu ' là thấy có gì đó sai sai,nghe tới ' dượng bầu ' là thấy có gì đó sai sai
xem riết tưởng đây là phim ngắn,positive,cinematic,2,False,xem riết tưởng đây là phim ngắn,xem riết tưởng đây là phim ngắn,xem riết tưởng đây là phim ngắn
may nghi viet status vo duyen vay la hai huoc a?,toxic,insult,0,False,may nghi viet status vo duyen vay la hai huoc a?,may nghi viet status vo duyen vay la hai huoc a ?,may nghi viet status vo duyen vay la hai huoc a ?
bo kho dai nhai muon nut,negative,criticism,0,False,bo kho dai nhai muon nut,bo kho dai nhai muon nut,bo kho dai nhai muon nut
cái thần thái đó không thể nào giả được,positive,expression,2,False,cái thần thái đó không thể nào giả được,cái thần_thái đó không_thể nào giả được,cái thần_thái đó không_thể nào giả được
manifestation,positive,positive_thinking,2,False,manifestation,manifestation,manifestation
clip này đúng gu tôi luôn,positive,preference,2,False,clip này đúng gu tôi luôn,clip này đúng gu tôi luôn,clip này đúng gu tôi luôn
Em nhận sâu🦋nhé,positive,flirty,2,False,em nhận sâu🦋nhé,em nhận sâu 🦋 nhé,em nhận sâu 🦋 nhé
"Ai mua vé cho ông này vô vậy, tâm thần kiểu gì kỳ thế",neutral,question,1,False,"ai mua vé cho ông này vô vậy, tâm thần kiểu gì kỳ thế","ai mua vé cho ông này vô_vậy , tâm_thần kiểu gì kỳ_thế","ai mua vé cho ông này vô_vậy , tâm_thần kiểu gì kỳ_thế"
"Lan man quá, tui không hiểu gì hết",negative,confusion,0,False,"lan man quá, tui không hiểu gì hết","lan_man quá , tui không hiểu gì hết","lan_man quá , tui không hiểu gì hết"
quân đội cho mình cái nhìn khác về cuộc sống,positive,appreciation,2,False,quân đội cho mình cái nhìn khác về cuộc sống,quân_đội cho mình cái nhìn khác về cuộc_sống,quân_đội cho mình cái nhìn khác về cuộc_sống
Bạn gửi feedback của bạn đi,neutral,request,1,False,bạn gửi feedback của bạn đi,bạn gửi feedback của bạn đi,bạn gửi feedback của bạn đi
khong co chat luong,negative,criticism,0,False,khong co chat luong,khong co chat luong,khong co chat luong
Hàng lỗi mà đổ lỗi cho khách,toxic,insult,0,False,hàng lỗi mà đổ lỗi cho khách,hàng lỗi mà đổ lỗi cho khách,hàng lỗi mà đổ lỗi cho khách
Bảo vệ kiểu gì mà để người ta vô phá đồ quốc bảo vậy trời,negative,anger,0,False,bảo vệ kiểu gì mà để người ta vô phá đồ quốc bảo vậy trời,bảo_vệ kiểu gì mà để người_ta vô phá đồ quốc bảo_vậy trời,bảo_vệ kiểu gì mà để người_ta vô phá đồ quốc bảo_vậy trời
ước gì trường mình cũng có vibe vậy,positive,hopeful,2,False,ước gì trường mình cũng có vibe vậy,ước gì trường mình cũng có vibe_vậy,ước gì trường mình cũng có vibe_vậy
Tôi đã xem hết video,neutral,statement,1,False,tôi đã xem hết video,tôi đã xem hết video,tôi đã xem hết video
Mình sẽ lưu lại để đọc sau,positive,interest,2,False,mình sẽ lưu lại để đọc sau,mình sẽ lưu lại để đọc sau,mình sẽ lưu lại để đọc sau
"Clip rác thật sự, chẳng mang lại giá trị gì",toxic,insult,0,False,"clip rác thật sự, chẳng mang lại giá trị gì","clip rác thật_sự , chẳng mang lại giá_trị gì","clip rác thật_sự , chẳng mang lại giá_trị gì"
cái quán này làm mình mất niềm tin vô review trên mạng,negative,disappointment,0,False,cái quán này làm mình mất niềm tin vô review trên mạng,cái quán này làm mình mất niềm tin vô review trên mạng,cái quán này làm mình mất niềm tin vô review trên mạng
"Nghèo còn đẻ, đúng là ko biết nghĩ",toxic,insult,0,True,"nghèo còn đẻ, đúng là không biết nghĩ","nghèo còn đẻ , đúng là không biết_nghĩ","nghèo còn đẻ , đúng là ko biết_nghĩ"
Overreacting! Phản ứng thái quá,negative,excessive,0,False,overreacting! phản ứng thái quá,overreacting ! phản_ứng thái_quá,overreacting ! phản_ứng thái_quá
"Tâm thần mà phá đúng chỗ, kn nổi",toxic,sarcasm,0,False,"tâm thần mà phá đúng chỗ, kn nổi","tâm_thần mà phá đúng chỗ , kn nổi","tâm_thần mà phá đúng chỗ , kn nổi"
vintage vibes,positive,retro_style,2,False,vintage vibes,vintage vibes,vintage vibes
may co biet cai cach an mac do nhin te the nao khong?,toxic,insult,0,True,may co biết cai cach an mac do nhin te the nao khong?,may co biết cai cach an mac do nhin te the nao khong ?,may co biet cai cach an mac do nhin te the nao khong ?
Vẫn không thể tin là thật,positive,excitement,2,False,vẫn không thể tin là thật,vẫn không_thể tin là thật,vẫn không_thể tin là thật
social climber,negative,status_seeker,0,False,social climber,social climber,social climber
Location check-in,neutral,location,1,False,location check-in,location check - in,location check - in
soft girl,positive,gentle_aesthetic,2,False,soft girl,soft girl,soft girl
Bạn quay video này bằng điện thoại gì vậy?,neutral,question,1,False,bạn quay video này bằng điện thoại gì vậy?,bạn quay video này bằng điện_thoại gì vậy ?,bạn quay video này bằng điện_thoại gì vậy ?
tôi chính là người bị trêu trong clip,positive,relatable,2,False,tôi chính là người bị trêu trong clip,tôi chính là người bị trêu trong clip,tôi chính là người bị trêu trong clip
tự nhiên muốn đi học lại ghê,positive,appreciation,2,False,tự nhiên muốn đi học lại ghê,tự_nhiên muốn đi học lại ghê,tự_nhiên muốn đi học lại ghê
Game changer! Thay đổi cuộc chơi,positive,impactful,2,False,game changer! thay đổi cuộc chơi,game changer ! thay_đổi cuộc_chơi,game changer ! thay_đổi cuộc_chơi
Cần thêm trải nghiệm thực tế từ người dùng,neutral,statement,1,False,cần thêm trải nghiệm thực tế từ người dùng,cần thêm trải nghiệm thực_tế từ người dùng,cần thêm trải nghiệm thực_tế từ người dùng
Sản phẩm này dễ tìm mua không bạn?,neutral,question,1,False,sản phẩm này dễ tìm mua không bạn?,sản_phẩm này dễ tìm mua không bạn ?,sản_phẩm này dễ tìm mua không bạn ?
phuc vu mat lanh nhu tien,negative,complaint,0,False,phuc vu mat lanh nhu tien,phuc vu mat lanh nhu tien,phuc vu mat lanh nhu tien
học sinh giờ chịu chơi dữ dằn,positive,admiration,2,False,học sinh giờ chịu chơi dữ dằn,học_sinh giờ chịu_chơi dữ_dằn,học_sinh giờ chịu_chơi dữ_dằn
Cứ sống vui vẻ đừng nghĩ nhiều,positive,appreciation,2,False,cứ sống vui vẻ đừng nghĩ nhiều,cứ sống vui_vẻ đừng nghĩ nhiều,cứ sống vui_vẻ đừng nghĩ nhiều
cai gi,neutral,what,1,False,cai gi,cai gi,cai gi
Tư vấn khách như đuổi ruồi,toxic,insult,0,False,tư vấn khách như đuổi ruồi,tư_vấn khách như đuổi ruồi,tư_vấn khách như đuổi ruồi
"Làm video không có nội dung, chỉ ngồi xem ké",toxic,insult,0,False,"làm video không có nội dung, chỉ ngồi xem ké","làm video không có nội_dung , chỉ ngồi xem ké","làm video không có nội_dung , chỉ ngồi xem ké"
kkk hai qua,positive,korean_laugh,2,False,không hai qua,không hai qua,kkk hai qua
Tôi chưa hài lòng với thái độ phục vụ,negative,complaint,0,False,tôi chưa hài lòng với thái độ phục vụ,tôi chưa hài_lòng với thái_độ phục_vụ,tôi chưa hài_lòng với thái_độ phục_vụ
day la an mot minh hay cung ai do?,neutral,question,1,False,day la an mot minh hay cung ai do?,day la an mot minh hay cung ai do ?,day la an mot minh hay cung ai do ?
Không hài lòng với nội dung này,negative,disappointment,0,False,không hài lòng với nội dung này,không hài_lòng với nội_dung này,không hài_lòng với nội_dung này
Breathe! Thở sâu vào,neutral,calming,1,False,breathe! thở sâu vào,breathe ! thở sâu vào,breathe ! thở sâu vào
Nhạc nền này tên gì vậy?,neutral,question,1,False,nhạc nền này tên gì vậy?,nhạc nền này tên gì vậy ?,nhạc nền này tên gì vậy ?
One trick pony mà trick tệ,toxic,insult,0,False,one trick pony mà trick tệ,one trick pony mà trick tệ,one trick pony mà trick tệ
Post ảnh throwback hoài như sống trong quá khứ,toxic,insult,0,False,post ảnh throwback hoài như sống trong quá khứ,post ảnh throwback hoài như sống trong quá_khứ,post ảnh throwback hoài như sống trong quá_khứ
video chang co lo trinh gi,negative,criticism,0,False,video chang co lo trinh gi,video chang co lo trinh gi,video chang co lo trinh gi
"Âm thanh bị rè, không như mong đợi",negative,disappointment,0,False,"âm thanh bị rè, không như mong đợi","âm_thanh bị rè , không như mong_đợi","âm_thanh bị rè , không như mong_đợi"
"Sáng tạo vãi, lần đầu thấy luôn!",positive,originality,2,False,"sáng tạo vãi, lần đầu thấy luôn!","sáng_tạo vãi , lần đầu thấy luôn !","sáng_tạo vãi , lần đầu thấy luôn !"
y2k aesthetic,positive,2000s_style,2,False,y2k aesthetic,y2k aesthetic,y2k aesthetic
Tôi đang quan tâm đến sản phẩm này,neutral,statement,1,False,tôi đang quan tâm đến sản phẩm này,tôi đang quan_tâm đến sản_phẩm này,tôi đang quan_tâm đến sản_phẩm này
Bạn có thể review kỹ hơn không?,neutral,request,1,False,bạn có thể review kỹ hơn không?,bạn có_thể review kỹ hơn không ?,bạn có_thể review kỹ hơn không ?
Không rõ nội dung clip,negative,criticism,0,False,không rõ nội dung clip,không rõ nội_dung clip,không rõ nội_dung clip
"LOL, cười đau bụng luôn á!",positive,humor,2,False,"lol, cười đau bụng luôn á!","lol , cười đau bụng luôn á !","lol , cười đau bụng luôn á !"
Couple goals thật sự!,positive,relationship_goals,2,False,couple goals thật sự!,couple goals thật_sự !,couple goals thật_sự !
"Nghèo còn đẻ, tự làm khổ mình",toxic,sarcasm,0,False,"nghèo còn đẻ, tự làm khổ mình","nghèo còn đẻ , tự làm khổ mình","nghèo còn đẻ , tự làm khổ mình"
noi roi chang nho gi,negative,disappointment,0,False,noi roi chang nho gi,noi roi chang nho gi,noi roi chang nho gi
"Lúc khóc thì livestream, lúc cười thì đổ lỗi",toxic,insult,0,False,"lúc khóc thì livestream, lúc cười thì đổ lỗi","lúc khóc thì livestream , lúc cười thì đổ lỗi","lúc khóc thì livestream , lúc cười thì đổ lỗi"
Nội dung nhạy cảm mà không filter,toxic,insult,0,False,nội dung nhạy cảm mà không filter,nội_dung nhạy_cảm mà không filter,nội_dung nhạy_cảm mà không filter
Đúng kiểu vô duyên không ai bằng,toxic,insult,0,False,đúng kiểu vô duyên không ai bằng,đúng kiểu vô_duyên không ai bằng,đúng kiểu vô_duyên không ai bằng
chat luong hinh kem,negative,criticism,0,False,chat luong hinh kem,chat luong hinh kem,chat luong hinh kem
banh trang bi kho,negative,criticism,0,False,banh trang bi kho,banh trang bi kho,banh trang bi kho
all rounder,positive,multi_talented,2,False,all rounder,all rounder,all rounder
sao may cu post anh voi cai chan ngan do vay?,toxic,insult,0,False,sao may cu post anh voi cai chan ngan do vay?,sao may cu post anh voi cai chan ngan do vay ?,sao may cu post anh voi cai chan ngan do vay ?
ổng gây mê vật lý kiểu gì vậy🙃dùng quy tắc bàn tay à,positive,sarcasm,2,False,ổng gây mê vật lý kiểu gì vậy🙃dùng quy tắc bàn tay à,ổng gây_mê vật_lý kiểu gì vậy 🙃 dùng quy_tắc bàn_tay à,ổng gây_mê vật_lý kiểu gì vậy 🙃 dùng quy_tắc bàn_tay à
Donation sound như tra tấn tai,toxic,insult,0,False,donation sound như tra tấn tai,donation sound như tra_tấn tai,donation sound như tra_tấn tai
Chỉ xem được vài giây là chán,negative,disappointment,0,False,chỉ xem được vài giây là chán,chỉ xem được vài giây là chán,chỉ xem được vài giây là chán
Streamer chỉ biết complain về mọi thứ,toxic,insult,0,False,streamer chỉ biết complain về mọi thứ,streamer chỉ biết complain về mọi thứ,streamer chỉ biết complain về mọi thứ
cai anh do nhin ma chi muon unlike fanpage ngay!,toxic,insult,0,False,cai anh do nhin ma chi muon unlike fanpage ngay!,cai anh do nhin ma chi muon unlike fanpage ngay !,cai anh do nhin ma chi muon unlike fanpage ngay !
Hàng tệ nhất trong vũ trụ,toxic,insult,0,False,hàng tệ nhất trong vũ trụ,hàng tệ nhất trong vũ_trụ,hàng tệ nhất trong vũ_trụ
"Plot twist đỉnh vãi, bất ngờ luôn!",positive,surprise,2,False,"plot twist đỉnh vãi, bất ngờ luôn!","plot twist đỉnh vãi , bất_ngờ luôn !","plot twist đỉnh vãi , bất_ngờ luôn !"
Post ảnh growth mà stagnant,toxic,insult,0,False,post ảnh growth mà stagnant,post ảnh growth mà stagnant,post ảnh growth mà stagnant
Micro quá tệ không thể cứu,toxic,insult,0,False,micro quá tệ không thể cứu,micro quá tệ không_thể cứu,micro quá tệ không_thể cứu
sao may khong biet minh dang lam tro tren fb?,toxic,insult,0,True,sao may khong biết minh dang lam tro tren fb?,sao may khong biết minh dang lam tro tren fb ?,sao may khong biet minh dang lam tro tren fb ?
Content nì đỉnh của chóp lun!,positive,excellence,2,False,content nì đỉnh của chóp lun!,content nì đỉnh của chóp lun !,content nì đỉnh của chóp lun !
"Nhìn anh đứng lặng lẽ mà xót, ai giúp được thì giúp đi",positive,neutral,2,False,"nhìn anh đứng lặng lẽ mà xót, ai giúp được thì giúp đi","nhìn anh đứng lặng_lẽ mà xót , ai giúp được thì giúp đi","nhìn anh đứng lặng_lẽ mà xót , ai giúp được thì giúp đi"
ban quay video vao buoi toi ha?,neutral,question,1,False,ban quay video vao buoi toi ha?,ban quay video vao buoi toi ha ?,ban quay video vao buoi toi ha ?
Bạn cảm nhận chất lượng pin ra sao?,neutral,question,1,False,bạn cảm nhận chất lượng pin ra sao?,bạn cảm_nhận chất_lượng pin ra sao ?,bạn cảm_nhận chất_lượng pin ra sao ?
xem hoai chang thay hay,negative,disappointment,0,False,xem hoai chang thay hay,xem hoai chang thay hay,xem hoai chang thay hay
vibe này đúng kiểu lớp tui luôn,positive,relatable,2,False,vibe này đúng kiểu lớp tui luôn,vibe này đúng kiểu lớp tui luôn,vibe này đúng kiểu lớp tui luôn
ban quay tu may quay nao vay?,neutral,question,1,False,ban quay tu may quay nao vay?,ban quay tu may quay nao vay ?,ban quay tu may quay nao vay ?
cứ tưởng lớp học K-pop fanclub,positive,kpop\_reference,2,False,cứ tưởng lớp học k-pop fanclub,cứ tưởng lớp_học k - pop fanclub,cứ tưởng lớp_học k - pop fanclub
nên chiếu clip này trong lớp học kỹ năng sống,positive,educational,2,False,nên chiếu clip này trong lớp học kỹ năng sống,nên chiếu clip này trong lớp_học kỹ_năng sống,nên chiếu clip này trong lớp_học kỹ_năng sống
Video này đúng chữa lành tâm hồn,positive,therapeutic,2,False,video này đúng chữa lành tâm hồn,video này đúng chữa lành tâm_hồn,video này đúng chữa lành tâm_hồn
rèn luyện thể lực và tinh thần luôn,positive,useful,2,False,rèn luyện thể lực và tinh thần luôn,rèn_luyện thể_lực và tinh_thần luôn,rèn_luyện thể_lực và tinh_thần luôn
có ai đã thử món trứng 110k chưa?,neutral,question,1,False,có ai đã thử món trứng 110k chưa?,có ai đã thử món trứng 110k chưa ?,có ai đã thử món trứng 110k chưa ?
may nghi post cai anh do len fb la ai cung khen a?,toxic,insult,0,True,may nghi post cai anh do len facebook la ai cung khen a?,may nghi_post cai anh do len facebook la ai cung khen a ?,may nghi_post cai anh do len fb la ai cung khen a ?
ace,positive,all_around_talent,2,True,anh chị em,anh_chị_em,ace
nghe roi ma them theo,neutral,statement,1,False,nghe roi ma them theo,nghe roi ma them theo,nghe roi ma them theo
"Thằng khốn, xóa vid nì đi!",toxic,curse,0,True,"thằng khốn, xóa vid nì đi!","thằng khốn , xóa_vid nì đi !","thằng khốn , xóa_vid nì đi !"
dù vất vả nhưng không uổng công chút nào,positive,appreciation,2,False,dù vất vả nhưng không uổng công chút nào,dù vất_vả nhưng không uổng công chút nào,dù vất_vả nhưng không uổng công chút nào
"Chẳng có gì hấp dẫn, buồn ngủ muốn chết",toxic,insult,0,False,"chẳng có gì hấp dẫn, buồn ngủ muốn chết","chẳng có gì hấp_dẫn , buồn_ngủ muốn chết","chẳng có gì hấp_dẫn , buồn_ngủ muốn chết"
"ủa có ai giống tui không, nghe giọng là biết ai liền",positive,relatable,2,False,"ủa có ai giống tui không, nghe giọng là biết ai liền","ủa có ai giống tui không , nghe giọng là biết ai liền","ủa có ai giống tui không , nghe giọng là biết ai liền"
Ảnh coffee mà như nước rửa bát,toxic,insult,0,False,ảnh coffee mà như nước rửa bát,ảnh coffee mà như nước rửa_bát,ảnh coffee mà như nước rửa_bát
"Nói gì vậy, tui không hiểu?",neutral,confusion,1,False,"nói gì vậy, tui không hiểu?","nói gì vậy , tui không hiểu ?","nói gì vậy , tui không hiểu ?"
Trân trọng từng hành động đẹp như này,positive,appreciation,2,False,trân trọng từng hành động đẹp như này,trân_trọng từng hành_động đẹp như này,trân_trọng từng hành_động đẹp như này
Bạn đã dùng lâu chưa?,neutral,question,1,False,bạn đã dùng lâu chưa?,bạn đã dùng lâu chưa ?,bạn đã dùng lâu chưa ?
đúng là sắc đẹp có thể chữa lành mọi vết thương,positive,comedy,2,False,đúng là sắc đẹp có thể chữa lành mọi vết thương,đúng là sắc_đẹp có_thể chữa lành mọi vết_thương,đúng là sắc_đẹp có_thể chữa lành mọi vết_thương
Hiệu ứng nhìn rối mắt quá,negative,criticism,0,False,hiệu ứng nhìn rối mắt quá,hiệu_ứng nhìn rối mắt quá,hiệu_ứng nhìn rối mắt quá
"Vượt đỉnh cơm quê, giá thượng đế rồi nha 😎",positive,humor,2,False,"vượt đỉnh cơm quê, giá thượng đế rồi nha 😎","vượt đỉnh cơm quê , giá thượng đế rồi nha_😎","vượt đỉnh cơm quê , giá thượng đế rồi nha_😎"
Cần thêm hình ảnh thực tế,neutral,request,1,False,cần thêm hình ảnh thực tế,cần thêm hình_ảnh thực_tế,cần thêm hình_ảnh thực_tế
Còn ở đâu hay bị hỏi nữa nhịiii??,neutral,curious,1,False,còn ở đâu hay bị hỏi nữa nhịi??,còn ở đâu hay bị hỏi nữa nhịi ? ?,còn ở đâu hay bị hỏi nữa nhịiii ? ?
vẻ mặt bất lực top 1 tiktok hôm nay,positive,ranking,2,False,vẻ mặt bất lực top 1 tiktok hôm nay,vẻ mặt bất_lực top 1 tiktok hôm_nay,vẻ mặt bất_lực top 1 tiktok hôm_nay
"bạn mình kêu ngon, chắc khẩu vị khác nhau",neutral,subjective,1,False,"bạn mình kêu ngon, chắc khẩu vị khác nhau","bạn mình kêu ngon , chắc khẩu_vị khác nhau","bạn mình kêu ngon , chắc khẩu_vị khác nhau"
Cơm quê mà giá ngang vé máy bay 😅,negative,sarcasm,0,False,cơm quê mà giá ngang vé máy bay 😅,cơm quê mà giá ngang vé máy_bay 😅,cơm quê mà giá ngang vé máy_bay 😅
Bạn đăng video vào lúc mấy giờ?,neutral,question,1,False,bạn đăng video vào lúc mấy giờ?,bạn đăng video vào lúc mấy giờ ?,bạn đăng video vào lúc mấy giờ ?
Tới công chuyện thật rồi,positive,excitement,2,False,tới công chuyện thật rồi,tới công_chuyện thật rồi,tới công_chuyện thật rồi
Video không có giá trị gì đặc biệt,negative,criticism,0,False,video không có giá trị gì đặc biệt,video không có giá_trị gì đặc_biệt,video không có giá_trị gì đặc_biệt
sao may cu khoe cai body xau xi do tren fb?,toxic,insult,0,False,sao may cu khoe cai body xau xi do tren fb?,sao may cu khoe cai body xau xi do tren fb ?,sao may cu khoe cai body xau xi do tren fb ?
xinh quá mà điểm thấp thì cũng buồn,negative,expectation,0,False,xinh quá mà điểm thấp thì cũng buồn,xinh quá mà điểm thấp thì cũng buồn,xinh quá mà điểm thấp thì cũng buồn
"Game lag quá, chơi khó chịu thật",negative,complaint,0,False,"game lag quá, chơi khó chịu thật","game lag quá , chơi khó_chịu thật","game lag quá , chơi khó_chịu thật"
variety idol,positive,variety_show_good,2,False,variety idol,variety idol,variety idol
đỉnh thiệt sự luôn,positive,compliment,2,False,đỉnh thiệt sự luôn,đỉnh thiệt sự luôn,đỉnh thiệt sự luôn
Clip dài bao nhiêu phút vậy?,neutral,question,1,False,clip dài bao nhiêu phút vậy?,clip dài bao_nhiêu phút vậy ?,clip dài bao_nhiêu phút vậy ?
ko co gi moi me,negative,criticism,0,True,không co gi moi me,không co gi moi me,ko co gi moi me
sao may cu thich di comment nham nhi tren fb the?,toxic,insult,0,True,sao may cu thích di comment nham nhi tren facebook the?,sao may cu thích di_comment nham nhi tren facebook the ?,sao may cu thich di_comment nham nhi tren fb the ?
nghe am thanh gion thi thich ghe,neutral,statement,1,True,nghe am thanh gion thi thích ghe,nghe am thanh gion thi thích ghe,nghe am thanh gion thi thich ghe
kịch bản phim thanh xuân đây rồi,positive,cinematic,2,False,kịch bản phim thanh xuân đây rồi,kịch_bản_phim thanh_xuân đây rồi,kịch_bản_phim thanh_xuân đây rồi
soul food,positive,emotionally_nourishing,2,False,soul food,soul food,soul food
Đặt size S giao size XL,toxic,insult,0,True,đặt size s giao size xin lỗi,đặt size s giao size xin_lỗi,đặt size s giao size xl
tưởng vô tình ai dè cố ý hết,positive,setup,2,False,tưởng vô tình ai dè cố ý hết,tưởng vô_tình ai dè cố_ý hết,tưởng vô_tình ai dè cố_ý hết
"đúng là đỉnh cao cap tiktok, chạm tới trái tim",positive,compliment,2,False,"đúng là đỉnh cao cap tiktok, chạm tới trái tim","đúng là đỉnh_cao cap tiktok , chạm tới trái_tim","đúng là đỉnh_cao cap tiktok , chạm tới trái_tim"
"Ngầu lòi luôn, respect bạn!",positive,admiration,2,False,"ngầu lòi luôn, respect bạn!","ngầu lòi luôn , respect bạn !","ngầu lòi luôn , respect bạn !"
coi riết xong auto thuộc biểu cảm,positive,fandom,2,False,coi riết xong auto thuộc biểu cảm,coi riết xong auto thuộc biểu_cảm,coi riết xong auto thuộc biểu_cảm
Nhân viên thái độ như thù địch,toxic,insult,0,False,nhân viên thái độ như thù địch,nhân_viên thái_độ như thù_địch,nhân_viên thái_độ như thù_địch
đồng phục nhìn thích thật,positive,compliment,2,False,đồng phục nhìn thích thật,đồng_phục nhìn thích thật,đồng_phục nhìn thích thật
ost queen,positive,soundtrack_specialist,2,False,ost queen,ost queen,ost queen
"Xạo quá, đừng đăng tin fake nha!",negative,warning,0,False,"xạo quá, đừng đăng tin fake nha!","xạo quá , đừng đăng tin fake nha !","xạo quá , đừng đăng tin fake nha !"
con cho,toxic,animal_insult,0,False,con cho,con cho,con cho
Tôi rất thích phong cách của bạn,positive,compliment,2,False,tôi rất thích phong cách của bạn,tôi rất thích phong_cách của bạn,tôi rất thích phong_cách của bạn
Không khuyến khích mọi người mua,negative,criticism,0,False,không khuyến khích mọi người mua,không khuyến_khích mọi người mua,không khuyến_khích mọi người mua
Làm clip cho có lệ vậy thôi,negative,criticism,0,False,làm clip cho có lệ vậy thôi,làm clip cho có lệ vậy thôi,làm clip cho có lệ vậy thôi
thấy nhiều người chê nên chưa dám thử,neutral,hesitation,1,False,thấy nhiều người chê nên chưa dám thử,thấy nhiều người chê nên chưa dám thử,thấy nhiều người chê nên chưa dám thử
Slayed! Hủy diệt,positive,dominance,2,False,slayed! hủy diệt,slayed ! hủy_diệt,slayed ! hủy_diệt
Đổi trả phải xin xỏ như ăn xin,toxic,insult,0,False,đổi trả phải xin xỏ như ăn xin,đổi trả phải xin_xỏ như ăn_xin,đổi trả phải xin_xỏ như ăn_xin
Chat toxic mà không biết ban,toxic,insult,0,False,chat toxic mà không biết ban,chat toxic mà không biết ban,chat toxic mà không biết ban
"Trend nì hot vcl, b bắt trend đỉnh!",positive,trending,2,False,"trend nì hot vcl, b bắt trend đỉnh!","trend nì hot_vcl , b bắt trend đỉnh !","trend nì hot_vcl , b bắt trend đỉnh !"
Ảnh pet mà nuôi không chu đáo,toxic,insult,0,False,ảnh pet mà nuôi không chu đáo,ảnh pet mà nuôi không chu_đáo,ảnh pet mà nuôi không chu_đáo
chưa kịp học đã bị cái đẹp áp đảo rồi,positive,humor,2,False,chưa kịp học đã bị cái đẹp áp đảo rồi,chưa kịp học đã bị cái đẹp áp_đảo rồi,chưa kịp học đã bị cái đẹp áp_đảo rồi
Responsible adult? Not today,negative,irresponsibility,0,False,responsible adult? not today,responsible adult ? not today,responsible adult ? not today
Excuse maker chuyên nghiệp,toxic,insult,0,False,excuse maker chuyên nghiệp,excuse maker chuyên_nghiệp,excuse maker chuyên_nghiệp
"Bạn giải thích dễ hiểu ghê, thích quá!",positive,appreciation,2,False,"bạn giải thích dễ hiểu ghê, thích quá!","bạn giải_thích dễ hiểu ghê , thích quá !","bạn giải_thích dễ hiểu ghê , thích quá !"
ngồi học như đang dự fashion week,positive,humor,2,False,ngồi học như đang dự fashion week,ngồi học như đang dự fashion week,ngồi học như đang dự fashion week
1 câu thần chú như bùa hộ thân.\nnằm ngay trung tâm quận 1,positive,funny,2,False,1 câu thần chú như bùa hộ thân.\nnằm ngay trung tâm quận 1,1 câu thần_chú như bùa hộ_thân . \ nnằm ngay trung_tâm quận 1,1 câu thần_chú như bùa hộ_thân . \ nnằm ngay trung_tâm quận 1
giọng dễ thương nhưng cử chỉ hơi lố,negative,critique,0,False,giọng dễ thương nhưng cử chỉ hơi lố,giọng dễ_thương nhưng cử_chỉ hơi lố,giọng dễ_thương nhưng cử_chỉ hơi lố
Có ai biết giá không?,neutral,question,1,False,có ai biết giá không?,có ai biết giá không ?,có ai biết giá không ?
Có thể đổi màu không bạn?,neutral,question,1,False,có thể đổi màu không bạn?,có_thể đổi màu không bạn ?,có_thể đổi màu không bạn ?
mình thích cách kể chuyện lạ này,positive,appreciation,2,False,mình thích cách kể chuyện lạ này,mình thích cách kể chuyện lạ này,mình thích cách kể chuyện lạ này
xe rac bi roi rac tren duong,negative,criticism,0,False,xe rac bi roi rac tren duong,xe rac bi roi rac tren duong,xe rac bi roi rac tren duong
"Phần này khó hiểu, giải thích thêm đi",negative,confusion,0,False,"phần này khó hiểu, giải thích thêm đi","phần này khó hiểu , giải_thích thêm đi","phần này khó hiểu , giải_thích thêm đi"
Nhìn bạn ăn chắc là không biết no,toxic,bodyshaming,0,False,nhìn bạn ăn chắc là không biết no,nhìn bạn ăn chắc là không biết no,nhìn bạn ăn chắc là không biết no
ai ăn rồi cho xin cảm nhận thật với ạ,neutral,request,1,False,ai ăn rồi cho xin cảm nhận thật với ạ,ai ăn rồi cho xin cảm_nhận thật với ạ,ai ăn rồi cho xin cảm_nhận thật với ạ
Nhà Thái Bình ai cx có gần nhà sếp không 🤣,positive,joke,2,True,nhà thái bình ai cũng có gần nhà sếp không 🤣,nhà thái_bình ai cũng có gần nhà sếp không 🤣,nhà thái_bình ai cx có gần nhà sếp không 🤣
Tilt easy như trẻ con,toxic,insult,0,False,tilt easy như trẻ con,tilt easy như trẻ_con,tilt easy như trẻ_con
may co biet cai status nay nhin ngu ngoc the nao?,toxic,insult,0,True,may co biết cai status nay nhin ngu ngoc the nao?,may co biết cai status nay nhin ngu ngoc the nao ?,may co biet cai status nay nhin ngu ngoc the nao ?
t vừa đọc vừa rùng mình nha :))),positive,reaction,2,False,t vừa đọc vừa rùng mình nha :))),t vừa đọc vừa rùng_mình nha : ) ) ),t vừa đọc vừa rùng_mình nha : ) ) )
nếu bán ở quê chắc 25k là cùng,negative,regional\_gap,0,False,nếu bán ở quê chắc 25k là cùng,nếu bán ở quê chắc 25k là cùng,nếu bán ở quê chắc 25k là cùng
may co biet cai mat mun do nhin muoi mat khong?,toxic,insult,0,True,may co biết cai mat mun do nhin muoi mat khong?,may co biết cai mat mun do nhin muoi mat khong ?,may co biet cai mat mun do nhin muoi mat khong ?
"Hè mà lạnh thế này, ve chắc shock nặng",toxic,sarcasm,0,False,"hè mà lạnh thế này, ve chắc shock nặng","hè mà lạnh thế này , ve chắc shock nặng","hè mà lạnh thế này , ve chắc shock nặng"
Tôi ship hai bạn này!,positive,shipping,2,False,tôi ship hai bạn này!,tôi ship hai bạn này !,tôi ship hai bạn này !
"Đúng là miệng thì thánh thiện, tay thì tội lỗi",toxic,insult,0,False,"đúng là miệng thì thánh thiện, tay thì tội lỗi","đúng là miệng thì thánh_thiện , tay thì tội_lỗi","đúng là miệng thì thánh_thiện , tay thì tội_lỗi"
"Nghèo thì ở vậy, đẻ chi cho khổ",negative,suggestion,0,False,"nghèo thì ở vậy, đẻ chi cho khổ","nghèo thì ở_vậy , đẻ chi cho khổ","nghèo thì ở_vậy , đẻ chi cho khổ"
Răng hô mà cũng thích lên hình cơ à,toxic,bodyshaming,0,False,răng hô mà cũng thích lên hình cơ à,răng hô mà cũng thích lên hình cơ à,răng hô mà cũng thích lên hình cơ à
"Khó sử dụng, không thân thiện",negative,criticism,0,False,"khó sử dụng, không thân thiện","khó sử_dụng , không thân_thiện","khó sử_dụng , không thân_thiện"
cái style này là bắt trend mạnh lắm,positive,trendy,2,False,cái style này là bắt trend mạnh lắm,cái style này là bắt trend mạnh lắm,cái style này là bắt trend mạnh lắm
Tutorial này step by step chưa?,neutral,question,1,False,tutorial này step by step chưa?,tutorial này step by step chưa ?,tutorial này step by step chưa ?
may co biet cai chan ngan tui do nhin te the nao?,toxic,insult,0,True,may co biết cai chan ngan tui do nhin te the nao?,may co biết cai chan ngan tui do nhin te the nao ?,may co biet cai chan ngan tui do nhin te the nao ?
Không thấy vui như mọi người nói,negative,disappointment,0,False,không thấy vui như mọi người nói,không thấy vui như mọi người nói,không thấy vui như mọi người nói
Precious! Quý giá lắm,positive,endearing,2,False,precious! quý giá lắm,precious ! quý_giá lắm,precious ! quý_giá lắm
Chỉ giỏi lôi người khác xuống,toxic,insult,0,False,chỉ giỏi lôi người khác xuống,chỉ giỏi lôi người khác xuống,chỉ giỏi lôi người khác xuống
Killed it! Xuất sắc,positive,excellence,2,False,killed it! xuất sắc,killed it ! xuất_sắc,killed it ! xuất_sắc
"Spam cmt hoài, mệt vcl!",negative,complaint,0,True,"spam bình luận hoài, mệt vcl!","spam bình_luận hoài , mệt vcl !","spam cmt hoài , mệt vcl !"
"Valentine tới, t vẫn FA nè!",neutral,single_status,1,False,"valentine tới, t vẫn fa nè!","valentine tới , t vẫn fa nè !","valentine tới , t vẫn fa nè !"
"mình thích phong cách miền tây, nhưng giá cao quá",neutral,mixed\_feelings,1,False,"mình thích phong cách miền tây, nhưng giá cao quá","mình thích phong_cách miền tây , nhưng giá cao quá","mình thích phong_cách miền tây , nhưng giá cao quá"
Rất mong nhà nước tạo điều kiện cho các đơn vị như vậy phát triển,positive,useful,2,False,rất mong nhà nước tạo điều kiện cho các đơn vị như vậy phát triển,rất mong nhà_nước tạo điều_kiện cho các đơn_vị như_vậy phát_triển,rất mong nhà_nước tạo điều_kiện cho các đơn_vị như_vậy phát_triển
Relax! Đừng stress,neutral,reassurance,1,False,relax! đừng stress,relax ! đừng stress,relax ! đừng stress
Quán này chắc bán cả bình nguyên vô tận 😆,neutral,humor,1,False,quán này chắc bán cả bình nguyên vô tận 😆,quán này chắc bán cả bình_nguyên vô_tận 😆,quán này chắc bán cả bình_nguyên vô_tận 😆
"lag may lan, ko xem dc",negative,complaint,0,True,"lag may lan, không xem được","lag may lan , không xem được","lag may lan , ko xem dc"
Chẳng có điểm gì đặc biệt cả,negative,criticism,0,False,chẳng có điểm gì đặc biệt cả,chẳng có điểm gì đặc_biệt cả,chẳng có điểm gì đặc_biệt cả
Ảnh mirror selfie mà gương bẩn,toxic,insult,0,False,ảnh mirror selfie mà gương bẩn,ảnh mirror selfie mà gương bẩn,ảnh mirror selfie mà gương bẩn
Ảnh nào cũng một kiểu chán lắm,toxic,insult,0,False,ảnh nào cũng một kiểu chán lắm,ảnh nào cũng một kiểu chán lắm,ảnh nào cũng một kiểu chán lắm
Drama muôn thuở,toxic,insult,0,False,drama muôn thuở,drama muôn_thuở,drama muôn_thuở
Quán mở ở Tà Xùa chắc giá cũng tương tự 😄,neutral,humor,1,False,quán mở ở tà xùa chắc giá cũng tương tự 😄,quán mở ở tà_xùa chắc giá cũng tương_tự 😄,quán mở ở tà_xùa chắc giá cũng tương_tự 😄
Tui đồng ý 100% với bạn luôn!,positive,agreement,2,False,tui đồng ý 100% với bạn luôn!,tui đồng_ý 100 % với bạn luôn !,tui đồng_ý 100 % với bạn luôn !
"Hài hước ghê, phá ngai mà tỉnh như sáo",neutral,humor,1,False,"hài hước ghê, phá ngai mà tỉnh như sáo","hài_hước ghê , phá ngai mà tỉnh như sáo","hài_hước ghê , phá ngai mà tỉnh như sáo"
duong lam xong roi van xoc,negative,criticism,0,False,duong lam xong roi van xoc,duong lam xong roi van xoc,duong lam xong roi van xoc
"clip hay quá, ai cũng nên xem",positive,appreciation,2,False,"clip hay quá, ai cũng nên xem","clip hay quá , ai cũng_nên xem","clip hay quá , ai cũng_nên xem"
say less,neutral,understood,1,False,say less,say less,say less
Stream mà lag như rùa bò,toxic,insult,0,False,stream mà lag như rùa bò,stream mà lag như rùa bò,stream mà lag như rùa bò
"Clip anh Huy vui, xem xong muốn ăn cơm quê 😄",positive,neutral,2,False,"clip anh huy vui, xem xong muốn ăn cơm quê 😄","clip anh huy vui , xem xong muốn ăn cơm quê 😄","clip anh huy vui , xem xong muốn ăn cơm quê 😄"
Thời gian giao hàng khoảng bao lâu?,neutral,question,1,False,thời gian giao hàng khoảng bao lâu?,thời_gian giao hàng khoảng bao_lâu ?,thời_gian giao hàng khoảng bao_lâu ?
Chat interaction như nói với tường,toxic,insult,0,False,chat interaction như nói với tường,chat interaction như nói với tường,chat interaction như nói với tường
Đặt hàng như mời họa vào người,toxic,insult,0,False,đặt hàng như mời họa vào người,đặt_hàng như mời_họa vào người,đặt_hàng như mời_họa vào người
banh mi bi khong gion,negative,criticism,0,False,banh mi bi khong gion,banh mi bi khong gion,banh mi bi khong gion
"Đã nghèo còn đẻ, hết nói nổi",toxic,insult,0,False,"đã nghèo còn đẻ, hết nói nổi","đã nghèo còn đẻ , hết nói nổi","đã nghèo còn đẻ , hết nói nổi"
Thể loại này thì ai dám chơi cùng,toxic,insult,0,False,thể loại này thì ai dám chơi cùng,thể_loại này thì ai dám chơi cùng,thể_loại này thì ai dám chơi cùng
Cần thêm ý kiến khách hàng thực tế,neutral,request,1,False,cần thêm ý kiến khách hàng thực tế,cần thêm ý_kiến khách_hàng thực_tế,cần thêm ý_kiến khách_hàng thực_tế
nghe mà rưng rưng nước mắt 😢,positive,emotional,2,False,nghe mà rưng rưng nước mắt 😢,nghe mà rưng_rưng nước_mắt 😢,nghe mà rưng_rưng nước_mắt 😢
clip nay dung may quay nao ma ro the?,neutral,question,1,False,clip nay dung may quay nao ma ro the?,clip nay dung may quay nao ma ro the ?,clip nay dung may quay nao ma ro the ?
đọc cap muốn khóc luôn á,negative,sad,0,False,đọc cap muốn khóc luôn á,đọc cap muốn khóc luôn á,đọc cap muốn khóc luôn á
giảng viên chắc muốn đổi lớp dạy =)),positive,joke,2,False,giảng viên chắc muốn đổi lớp dạy =)),giảng_viên chắc muốn đổi lớp dạy = ) ),giảng_viên chắc muốn đổi lớp dạy = ) )
ăn xong no lặc lè luôn,positive,appreciation,2,False,ăn xong no lặc lè luôn,ăn xong no lặc_lè luôn,ăn xong no lặc_lè luôn
may co biet cai giong hat do nghe muoi mat khong?,toxic,insult,0,True,may co biết cai giong hat do nghe muoi mat khong?,may co biết cai giong hat do nghe muoi mat khong ?,may co biet cai giong hat do nghe muoi mat khong ?
trường bạn người ta chưa bao giờ làm mình thất vọng,positive,trend,2,False,trường bạn người ta chưa bao giờ làm mình thất vọng,trường bạn người_ta chưa bao_giờ làm mình thất_vọng,trường bạn người_ta chưa bao_giờ làm mình thất_vọng
giao thong gio cao diem nhu dia nguc,negative,disappointment,0,False,giao thong gio cao diem nhu dia nguc,giao thong gio cao diem nhu dia nguc,giao thong gio cao diem nhu dia nguc
"Đã nghèo còn đẻ, đúng là hết nói",toxic,insult,0,False,"đã nghèo còn đẻ, đúng là hết nói","đã nghèo còn đẻ , đúng là hết nói","đã nghèo còn đẻ , đúng là hết nói"
that girl,positive,perfect_lifestyle,2,False,that girl,that girl,that girl
Comment thả heart spam khắp nơi,toxic,insult,0,False,comment thả heart spam khắp nơi,comment thả heart spam khắp_nơi,comment thả heart spam khắp_nơi
Lúc nào cũng đóng vai đáng thương,toxic,insult,0,False,lúc nào cũng đóng vai đáng thương,lúc_nào cũng đóng vai đáng thương,lúc_nào cũng đóng vai đáng thương
Ảnh aesthetic mà messy thật sự,toxic,insult,0,False,ảnh aesthetic mà messy thật sự,ảnh aesthetic mà messy thật_sự,ảnh aesthetic mà messy thật_sự
Nobita lông nách,toxic,teasing,0,False,nobita lông nách,nobita lông nách,nobita lông nách
may co biet cai status nay nhin re tien the nao?,toxic,insult,0,True,may co biết cai status nay nhin re tien the nao?,may co biết cai status nay nhin re tien the nao ?,may co biet cai status nay nhin re tien the nao ?
Nạp tiền vào nhưng không đáng chút nào,negative,disappointment,0,False,nạp tiền vào nhưng không đáng chút nào,nạp tiền vào nhưng không đáng chút nào,nạp tiền vào nhưng không đáng chút nào
"Ngay trung tâm thành phố, ở quận 1, ngay phố đi bộ nha",neutral,location,1,False,"ngay trung tâm thành phố, ở quận 1, ngay phố đi bộ nha","ngay trung_tâm thành_phố , ở quận 1 , ngay phố đi bộ nha","ngay trung_tâm thành_phố , ở quận 1 , ngay phố đi bộ nha"
notd,neutral,nails_of_day,1,False,notd,notd,notd
"Không sao, bạn cứ đăng tiếp",neutral,dismissal,1,False,"không sao, bạn cứ đăng tiếp","không sao , bạn cứ đăng tiếp","không sao , bạn cứ đăng tiếp"
Vẫn âm thầm đóng góp không ngừng,positive,appreciation,2,False,vẫn âm thầm đóng góp không ngừng,vẫn âm_thầm đóng_góp không ngừng,vẫn âm_thầm đóng_góp không ngừng
"Mày nhái Liên Quân mà dở thế, vcl!",toxic,insult,0,False,"mày nhái liên quân mà dở thế, vcl!","mày nhái liên_quân mà dở_thế , vcl !","mày nhái liên_quân mà dở_thế , vcl !"
Bài viết này thực sự rất hữu ích,positive,useful,2,False,bài viết này thực sự rất hữu ích,bài viết này thực_sự rất hữu_ích,bài viết này thực_sự rất hữu_ích
khong co bien bao ro rang,negative,criticism,0,False,khong co bien bao ro rang,khong co bien bao ro rang,khong co bien bao ro rang
Người đâu gò má cao sát chân mày,toxic,bodyshaming,0,False,người đâu gò má cao sát chân mày,người đâu gò_má cao sát chân_mày,người đâu gò_má cao sát chân_mày
Return policy như nào?,neutral,inquiry,1,False,return policy như nào?,return policy như nào ?,return policy như nào ?
friend...with benefits,neutral,innuendo,1,False,friend...with benefits,friend ... with benefits,friend ... with benefits
có ai từng ăn quán nào đắt hơn không?,neutral,comparison,1,False,có ai từng ăn quán nào đắt hơn không?,có ai từng ăn quán nào đắt hơn không ?,có ai từng ăn quán nào đắt hơn không ?
Bạn quay ở đâu vậy?,neutral,question,1,False,bạn quay ở đâu vậy?,bạn quay ở đâu_vậy ?,bạn quay ở đâu_vậy ?
Hashtag spam như điên,toxic,insult,0,False,hashtag spam như điên,hashtag spam như_điên,hashtag spam như_điên
Mày post cái gì vớ vẩn vậy?,toxic,offensive,0,False,mày post cái gì vớ vẩn vậy?,mày post cái gì vớ_vẩn vậy ?,mày post cái gì vớ_vẩn vậy ?
Bạn nhận xét gì về pin?,neutral,question,1,False,bạn nhận xét gì về pin?,bạn nhận_xét gì về pin ?,bạn nhận_xét gì về pin ?
Tui single mà xem cái này buồn ghê,negative,loneliness,0,False,tui single mà xem cái này buồn ghê,tui single mà xem cái này buồn_ghê,tui single mà xem cái này buồn_ghê
Triều Nguyễn còn thì ông này bị chém đầu lâu rồi nha,toxic,curse,0,False,triều nguyễn còn thì ông này bị chém đầu lâu rồi nha,triều nguyễn còn thì ông này bị chém đầu_lâu rồi nha,triều nguyễn còn thì ông này bị chém đầu_lâu rồi nha
cai status do ma may cung dam viet len fb ha?,toxic,insult,0,True,cai status do ma may cung dam viet len facebook ha?,cai status do ma may cung dam viet len facebook ha ?,cai status do ma may cung dam viet len fb ha ?
Mặt dài như mặt ngựa vậy mà tự tin ghê,toxic,bodyshaming,0,False,mặt dài như mặt ngựa vậy mà tự tin ghê,mặt dài như mặt ngựa vậy_mà tự_tin ghê,mặt dài như mặt ngựa vậy_mà tự_tin ghê
Đặt hàng thì gửi linh tinh,toxic,insult,0,False,đặt hàng thì gửi linh tinh,đặt_hàng thì gửi linh_tinh,đặt_hàng thì gửi linh_tinh
Nên xoá kênh đi cho sạch YouTube,toxic,insult,0,False,nên xoá kênh đi cho sạch youtube,nên xoá kênh đi cho sạch youtube,nên xoá kênh đi cho sạch youtube
qotd,neutral,question_of_day,1,False,qotd,qotd,qotd
Phát ngôn nghe chói tai thật,toxic,insult,0,False,phát ngôn nghe chói tai thật,phát_ngôn nghe chói tai thật,phát_ngôn nghe chói tai thật
có ai còn nhớ giọng Suneo hông?,neutral,question,1,False,có ai còn nhớ giọng suneo hông?,có ai còn nhớ giọng suneo hông ?,có ai còn nhớ giọng suneo hông ?
dạ em xin link đồ,neutral,request,1,False,dạ em xin link đồ,dạ em xin link_đồ,dạ em xin link_đồ
Phí thời gian xem video này,toxic,insult,0,False,phí thời gian xem video này,phí thời_gian xem video này,phí thời_gian xem video này
Game chơi mãi không thấy thú vị,negative,disappointment,0,False,game chơi mãi không thấy thú vị,game chơi mãi không thấy thú_vị,game chơi mãi không thấy thú_vị
cai cach may viet status nhin la biet khong co hoc!,toxic,insult,0,True,cai cach may viet status nhin la biết khong co hoc!,cai cach may viet status nhin la biết khong co hoc !,cai cach may viet status nhin la biet khong co hoc !
Hồi nhỏ tưởng giọng thiệt của Doraemon là vậy luôn á,positive,childhood,2,False,hồi nhỏ tưởng giọng thiệt của doraemon là vậy luôn á,hồi nhỏ tưởng giọng thiệt của doraemon là vậy luôn á,hồi nhỏ tưởng giọng thiệt của doraemon là vậy luôn á
day la clip moi nhat cua kenh ha?,neutral,question,1,False,day la clip moi nhat cua kenh ha?,day la clip moi nhat cua kenh ha ?,day la clip moi nhat cua kenh ha ?
tập thể dục buổi sáng bằng cách xem clip này,positive,funny,2,False,tập thể dục buổi sáng bằng cách xem clip này,tập_thể_dục buổi sáng bằng cách xem clip này,tập_thể_dục buổi sáng bằng cách xem clip này
Chắc thiếu tình thương hay sao mà vậy,toxic,insult,0,False,chắc thiếu tình thương hay sao mà vậy,chắc thiếu tình_thương hay sao mà_vậy,chắc thiếu tình_thương hay sao mà_vậy
đoạn cuối đúng kiểu không thở nổi,positive,drama,2,False,đoạn cuối đúng kiểu không thở nổi,đoạn cuối đúng kiểu không thở nổi,đoạn cuối đúng kiểu không thở nổi
Bawling my eyes out,positive,intense_emotion,2,False,bawling my eyes out,bawling my eyes out,bawling my eyes out
Ảnh car selfie mà xe không phải của mình,toxic,insult,0,False,ảnh car selfie mà xe không phải của mình,ảnh car selfie mà xe không phải của mình,ảnh car selfie mà xe không phải của mình
đây là biểu cảm của tui mỗi sáng thứ hai,positive,relatable,2,False,đây là biểu cảm của tui mỗi sáng thứ hai,đây là biểu_cảm của tui mỗi sáng thứ hai,đây là biểu_cảm của tui mỗi sáng thứ hai
tôi cười muốn ná thở với chị này,positive,funny,2,False,tôi cười muốn ná thở với chị này,tôi cười muốn ná thở với chị này,tôi cười muốn ná thở với chị này
Bạn có thể hướng dẫn cài đặt không?,neutral,request,1,False,bạn có thể hướng dẫn cài đặt không?,bạn có_thể hướng_dẫn cài_đặt không ?,bạn có_thể hướng_dẫn cài_đặt không ?
ship lau muon xiu do,negative,complaint,0,False,ship lau muon xiu do,ship lau muon xiu do,ship lau muon xiu do
tự nhiên thấy yên lòng ghê,positive,peaceful,2,False,tự nhiên thấy yên lòng ghê,tự_nhiên thấy yên_lòng ghê,tự_nhiên thấy yên_lòng ghê
"Cơm quê giá cổng trời, ăn xong hết tiền 😅",negative,sarcasm,0,False,"cơm quê giá cổng trời, ăn xong hết tiền 😅","cơm quê giá cổng trời , ăn xong hết tiền 😅","cơm quê giá cổng trời , ăn xong hết tiền 😅"
sao may khong nhin lai cach an mac cua minh truoc?,toxic,insult,0,False,sao may khong nhin lai cach an mac cua minh truoc?,sao may khong nhin lai cach an mac cua minh truoc ?,sao may khong nhin lai cach an mac cua minh truoc ?
trứng 110k nhưng không có gì đặc biệt cả,negative,food\_quality,0,False,trứng 110k nhưng không có gì đặc biệt cả,trứng 110k nhưng không có gì đặc_biệt cả,trứng 110k nhưng không có gì đặc_biệt cả
"Thương ông này, chắc ko kiểm soát được",positive,neutral,2,True,"thương ông này, chắc không kiểm soát được","thương ông này , chắc không kiểm_soát được","thương ông này , chắc ko kiểm_soát được"
trải nghiệm một lần để biết rõ bản thân hơn,positive,useful,2,False,trải nghiệm một lần để biết rõ bản thân hơn,trải nghiệm một lần để biết rõ bản_thân hơn,trải nghiệm một lần để biết rõ bản_thân hơn
casual king,positive,everyday_style,2,False,casual king,casual king,casual king
70k/phần cơm 😌🙂🙂🙂. + ship = 100k 😏😌,positive,appreciation,2,False,70k/phần cơm 😌🙂🙂🙂. + ship = 100k 😏😌,70k / phần cơm 😌 🙂 🙂 🙂 . + ship = 100k 😏 😌,70k / phần cơm 😌 🙂 🙂 🙂 . + ship = 100k 😏 😌
Sobbing! Khóc nức nở,positive,emotional_response,2,False,sobbing! khóc nức nở,sobbing ! khóc nức_nở,sobbing ! khóc nức_nở
cai status nay ma may cung tu hao viet len a?,toxic,insult,0,False,cai status nay ma may cung tu hao viet len a?,cai status nay ma may cung tu hao viet len a ?,cai status nay ma may cung tu hao viet len a ?
Không ai cần nghe bạn nói đâu,toxic,insult,0,False,không ai cần nghe bạn nói đâu,không ai cần nghe bạn nói đâu,không ai cần nghe bạn nói đâu
cai clip livestream do nhin ma buon cuoi thiet!,toxic,insult,0,False,cai clip livestream do nhin ma buon cuoi thiet!,cai clip livestream do nhin ma buon cuoi thiet !,cai clip livestream do nhin ma buon cuoi thiet !
"Nghèo mà đẻ, khổ cả nhà",negative,anger,0,False,"nghèo mà đẻ, khổ cả nhà","nghèo mà đẻ , khổ cả nhà","nghèo mà đẻ , khổ cả nhà"
Đang xem giữa chừng mà hết clip,negative,criticism,0,False,đang xem giữa chừng mà hết clip,đang xem giữa_chừng mà hết clip,đang xem giữa_chừng mà hết clip
"Coi thấy bực mình, phí cả MB mạng",toxic,insult,0,False,"coi thấy bực mình, phí cả mb mạng","coi thấy bực_mình , phí cả mb mạng","coi thấy bực_mình , phí cả mb mạng"
Không thấy hài gì cả,negative,criticism,0,False,không thấy hài gì cả,không thấy hài gì cả,không thấy hài gì cả
Early game advantage mà không biết kết thúc,toxic,insult,0,False,early game advantage mà không biết kết thúc,early game advantage mà không biết kết_thúc,early game advantage mà không biết kết_thúc
Tôi cũng từng mua hàng tại đây,neutral,statement,1,False,tôi cũng từng mua hàng tại đây,tôi cũng từng mua hàng tại đây,tôi cũng từng mua hàng tại đây
co ai thay ban nay an nhieu ma khong beo khong?,neutral,question,1,False,co ai thay ban nay an nhieu ma khong beo khong?,co ai thay ban nay an nhieu ma khong beo khong ?,co ai thay ban nay an nhieu ma khong beo khong ?
tụi mình cần nói chuyện với nhau tử tế hơn,positive,call\_for\_kindness,2,False,tụi mình cần nói chuyện với nhau tử tế hơn,tụi mình cần nói_chuyện với nhau tử_tế hơn,tụi mình cần nói_chuyện với nhau tử_tế hơn
no makeup makeup,positive,natural_look,2,False,no makeup makeup,no makeup makeup,no makeup makeup
Đầu tóc thì như tổ quạ,toxic,bodyshaming,0,False,đầu tóc thì như tổ quạ,đầu tóc thì như tổ_quạ,đầu tóc thì như tổ_quạ
giỡn quá hoá kỳ thị nha mọi người,negative,reminder,0,False,giỡn quá hoá kỳ thị nha mọi người,giỡn quá hoá kỳ_thị nha mọi người,giỡn quá hoá kỳ_thị nha mọi người
Mấy bác biết stk anh này thì cho em xin với,neutral,question,1,True,mấy bác biết số tài khoản anh này thì cho em xin với,mấy bác biết số tài_khoản anh này thì cho em xin với,mấy bác biết stk anh này thì cho em xin với
"Thương anh quá, xin stk để hỗ trợ chút đỉnh",positive,neutral,2,True,"thương anh quá, xin số tài khoản để hỗ trợ chút đỉnh","thương anh quá , xin số tài_khoản để hỗ_trợ chút_đỉnh","thương anh quá , xin stk để hỗ_trợ chút_đỉnh"
Tưởng ai hay ho lắm hoá ra cũng vậy,toxic,insult,0,False,tưởng ai hay ho lắm hoá ra cũng vậy,tưởng ai hay_ho lắm hoá_ra cũng vậy,tưởng ai hay_ho lắm hoá_ra cũng vậy
giọng nam mà lồng con nít là khó lắm á,neutral,fact,1,False,giọng nam mà lồng con nít là khó lắm á,giọng nam mà lồng con_nít là khó lắm á,giọng nam mà lồng con_nít là khó lắm á
Bạn thấy dịch vụ giao hàng thế nào?,neutral,question,1,False,bạn thấy dịch vụ giao hàng thế nào?,bạn thấy dịch_vụ giao hàng thế_nào ?,bạn thấy dịch_vụ giao hàng thế_nào ?
"Cười xỉu với video này, hài quá!",positive,humor,2,False,"cười xỉu với video này, hài quá!","cười xỉu với video này , hài quá !","cười xỉu với video này , hài quá !"
Ảnh makeup no makeup mà full face,toxic,insult,0,True,ảnh makeup no makeup mà full facebook,ảnh makeup no makeup mà full facebook,ảnh makeup no makeup mà full face
"cha gio cu qua, chong mui",negative,criticism,0,False,"cha gio cu qua, chong mui","cha gio cu qua , chong mui","cha gio cu qua , chong mui"
clip này như thơ luôn á,positive,poetic,2,False,clip này như thơ luôn á,clip này như thơ luôn á,clip này như thơ luôn á
dễ thương gì đâu á,positive,compliment,2,False,dễ thương gì đâu á,dễ_thương gì đâu á,dễ_thương gì đâu á
Sáng giờ coi clip này là thấy vui rồi,positive,appreciation,2,False,sáng giờ coi clip này là thấy vui rồi,sáng giờ coi clip này là thấy vui rồi,sáng giờ coi clip này là thấy vui rồi
"Có vẻ oke, nhưng t hok chắc!",neutral,uncertain,1,True,"có vẻ oke, nhưng t không chắc!","có vẻ oke , nhưng t không chắc !","có vẻ oke , nhưng t hok chắc !"
dùng để dạy diễn xuất luôn được á,positive,educational,2,False,dùng để dạy diễn xuất luôn được á,dùng để dạy diễn_xuất luôn được á,dùng để dạy diễn_xuất luôn được á
"Ve chắc hoang mang lắm, hè đâu mà kêu :)))",toxic,sarcasm,0,False,"ve chắc hoang mang lắm, hè đâu mà kêu :)))","ve chắc hoang_mang lắm , hè đâu mà kêu : ) ) )","ve chắc hoang_mang lắm , hè đâu mà kêu : ) ) )"
Bạn review dòng nào vậy?,neutral,question,1,False,bạn review dòng nào vậy?,bạn review dòng nào vậy ?,bạn review dòng nào vậy ?
nhìu thằng con chửi bác bảo vệ chắc đó giờ k được ai dạy,positive,appreciation,2,True,nhìu thằng con chửi bác bảo vệ chắc đó giờ không được ai dạy,nhìu thằng con chửi bác bảo_vệ chắc đó giờ không được ai dạy,nhìu thằng con chửi bác bảo_vệ chắc đó giờ k được ai dạy
bạn thân mà nhìn nhau kiểu đó là không ổn nha,negative,suspicion,0,False,bạn thân mà nhìn nhau kiểu đó là không ổn nha,bạn thân mà nhìn nhau kiểu đó là không ổn nha,bạn thân mà nhìn nhau kiểu đó là không ổn nha
"Đóng gói sơ sài, hàng bị móp",negative,complaint,0,False,"đóng gói sơ sài, hàng bị móp","đóng_gói sơ_sài , hàng bị móp","đóng_gói sơ_sài , hàng bị móp"
do an chay nuoc,negative,criticism,0,False,do an chay nuoc,do an chay nuoc,do an chay nuoc
"Fake vãi, chả tự nhiên tí nào!",negative,artificial,0,False,"fake vãi, chả tự nhiên tí nào!","fake vãi , chả tự_nhiên tí nào !","fake vãi , chả tự_nhiên tí nào !"
"thay vì chê, sao không học hỏi văn hoá nhau",positive,encouragement,2,False,"thay vì chê, sao không học hỏi văn hoá nhau","thay_vì chê , sao không học_hỏi văn_hoá nhau","thay_vì chê , sao không học_hỏi văn_hoá nhau"
Tui single mà xem cái này buồn vcl,negative,loneliness,0,True,tui single mà xem cái này buồn vãi cả lồn,tui single mà xem cái này buồn vãi cả lồn,tui single mà xem cái này buồn vcl
Cơm quê mà giá này chắc bán ở sao Thủy 😅,negative,sarcasm,0,False,cơm quê mà giá này chắc bán ở sao thủy 😅,cơm quê mà giá này chắc bán ở sao thủy_😅,cơm quê mà giá này chắc bán ở sao thủy_😅
Chờ thông tin tiếp theo,neutral,statement,1,False,chờ thông tin tiếp theo,chờ thông_tin tiếp_theo,chờ thông_tin tiếp_theo
Tôi nghĩ cần cải thiện thêm,negative,suggestion,0,False,tôi nghĩ cần cải thiện thêm,tôi nghĩ cần cải_thiện thêm,tôi nghĩ cần cải_thiện thêm
Có gì đâu mà cũng reaction cho cố vào,toxic,insult,0,False,có gì đâu mà cũng reaction cho cố vào,có gì đâu mà cũng reaction cho cố vào,có gì đâu mà cũng reaction cho cố vào
nam nao,neutral,which_year,1,False,nam nao,nam nao,nam nao
Cái thứ rác rưởi thích gây chú ý,toxic,insult,0,False,cái thứ rác rưởi thích gây chú ý,cái thứ rác_rưởi thích gây chú_ý,cái thứ rác_rưởi thích gây chú_ý
co ai biet do an nay ten gi khong?,neutral,question,1,True,co ai biết do an nay ten gi khong?,co ai biết do an nay ten gi khong ?,co ai biet do an nay ten gi khong ?
một sản phẩm vừa nghệ thuật vừa đời thường,positive,realism,2,False,một sản phẩm vừa nghệ thuật vừa đời thường,một sản_phẩm vừa nghệ_thuật vừa đời_thường,một sản_phẩm vừa nghệ_thuật vừa đời_thường
ai cần drama thì cap này dành cho bạn,neutral,satire,1,False,ai cần drama thì cap này dành cho bạn,ai cần drama thì cap này dành cho bạn,ai cần drama thì cap này dành cho bạn
Bạn ơi nhờ quốc khánh đổi chỗ tui với=)))),positive,joke,2,False,bạn ơi nhờ quốc khánh đổi chỗ tui với=)))),bạn ơi nhờ quốc_khánh đổi chỗ tui với = ) ) ) ),bạn ơi nhờ quốc_khánh đổi chỗ tui với = ) ) ) )
Bao lâu thì nhận được hàng nhỉ?,neutral,question,1,False,bao lâu thì nhận được hàng nhỉ?,bao_lâu thì nhận được hàng nhỉ ?,bao_lâu thì nhận được hàng nhỉ ?
Bạn thấy dịch vụ sao?,neutral,question,1,False,bạn thấy dịch vụ sao?,bạn thấy dịch_vụ sao ?,bạn thấy dịch_vụ sao ?
may co biet cai mat mun do nhin ghe the nao khong?,toxic,insult,0,True,may co biết cai mat mun do nhin ghe the nao khong?,may co biết cai mat mun do nhin ghe the nao khong ?,may co biet cai mat mun do nhin ghe the nao khong ?
Mày bị gì mà post mấy cái này?,toxic,aggressive,0,False,mày bị gì mà post mấy cái này?,mày bị gì mà post mấy cái này ?,mày bị gì mà post mấy cái này ?
"Tôi cũng vậy, không alone đâu",positive,support,2,False,"tôi cũng vậy, không alone đâu","tôi cũng vậy , không alone đâu","tôi cũng vậy , không alone đâu"
Tôi miss gì rồi?,neutral,confusion,1,False,tôi miss gì rồi?,tôi miss gì rồi ?,tôi miss gì rồi ?
Doraemon và tuổi thơ không thể tách rời,positive,connection,2,False,doraemon và tuổi thơ không thể tách rời,doraemon và tuổi_thơ không_thể tách rời,doraemon và tuổi_thơ không_thể tách rời
"Trend này hot vãi, bạn bắt trend đỉnh!",positive,trending,2,False,"trend này hot vãi, bạn bắt trend đỉnh!","trend này hot_vãi , bạn bắt trend đỉnh !","trend này hot_vãi , bạn bắt trend đỉnh !"
xem clip xong muốn học lại ngành y,positive,inspiration,2,False,xem clip xong muốn học lại ngành y,xem clip xong muốn học lại ngành y,xem clip xong muốn học lại ngành y
"Chúc b mau khỏe, mạnh mẽ nha!",positive,care,2,False,"chúc b mau khỏe, mạnh mẽ nha!","chúc b mau khỏe , mạnh_mẽ nha !","chúc b mau khỏe , mạnh_mẽ nha !"
bác sĩ ơi em đau chỗ nào cũng được miễn gặp anh,positive,flirt,2,False,bác sĩ ơi em đau chỗ nào cũng được miễn gặp anh,bác_sĩ ơi em đau chỗ nào cũng được miễn gặp anh,bác_sĩ ơi em đau chỗ nào cũng được miễn gặp anh
Awkward! Ngại ngùng giùm bạn,negative,awkward,0,False,awkward! ngại ngùng giùm bạn,awkward ! ngại_ngùng giùm bạn,awkward ! ngại_ngùng giùm bạn
Bình thường như mọi khi,neutral,routine,1,False,bình thường như mọi khi,bình_thường như mọi_khi,bình_thường như mọi_khi
bệnh chưa khỏi nhưng crush đã bắt đầu,positive,romantic,2,False,bệnh chưa khỏi nhưng crush đã bắt đầu,bệnh chưa khỏi nhưng crush đã bắt_đầu,bệnh chưa khỏi nhưng crush đã bắt_đầu
video nay co dung am thanh thuc te khong?,neutral,question,1,False,video nay co dung am thanh thuc te khong?,video nay co dung am thanh thuc te khong ?,video nay co dung am thanh thuc te khong ?
Có mặt bạn trên đời đúng là dư thừa,toxic,insult,0,False,có mặt bạn trên đời đúng là dư thừa,có_mặt bạn trên đời đúng là dư_thừa,có_mặt bạn trên đời đúng là dư_thừa
video dai qua xem muon ngu,negative,disappointment,0,False,video dai qua xem muon ngu,video dai qua xem muon ngu,video dai qua xem muon ngu
"Xúc động qué, t khóc lun!",positive,emotional,2,False,"xúc động qué, t khóc lun!","xúc_động qué , t khóc lun !","xúc_động qué , t khóc lun !"
mặt bằng ở Q1 mắc thì bán online đi chớ,neutral,suggestion,1,False,mặt bằng ở q1 mắc thì bán online đi chớ,mặt_bằng ở q1 mắc thì bán online đi chớ,mặt_bằng ở q1 mắc thì bán online đi chớ
may nghi cai chan ngan tui do la hot tren fb a?,toxic,insult,0,True,may nghi cai chan ngan tui do la hot tren facebook a?,may nghi cai chan ngan tui do la hot_tren facebook a ?,may nghi cai chan ngan tui do la hot_tren fb a ?
xe oto cho hang thi dong ma lam on,negative,complaint,0,False,xe oto cho hang thi dong ma lam on,xe oto cho hang thi dong ma lam on,xe oto cho hang thi dong ma lam on
hy vọng mọi người đọc comment kỹ trước khi phản ứng,neutral,tip,1,False,hy vọng mọi người đọc comment kỹ trước khi phản ứng,hy_vọng mọi người đọc comment kỹ trước khi phản_ứng,hy_vọng mọi người đọc comment kỹ trước khi phản_ứng
Bạn đã từng đổi trả sản phẩm chưa?,neutral,question,1,False,bạn đã từng đổi trả sản phẩm chưa?,bạn đã từng đổi trả sản_phẩm chưa ?,bạn đã từng đổi trả sản_phẩm chưa ?
Mọi người share stk anh này đi,neutral,question,1,True,mọi người share số tài khoản anh này đi,mọi người share số tài_khoản anh này đi,mọi người share stk anh này đi
Bán hàng mà không có chút lương tâm,toxic,insult,0,False,bán hàng mà không có chút lương tâm,bán hàng mà không có chút lương_tâm,bán hàng mà không có chút lương_tâm
coi clip xong đọc cap mà muốn tắt điện thoại,negative,overwhelmed,0,False,coi clip xong đọc cap mà muốn tắt điện thoại,coi clip xong đọc cap mà muốn tắt điện_thoại,coi clip xong đọc cap mà muốn tắt điện_thoại
Đã xem,neutral,statement,1,False,đã xem,đã xem,đã xem
Không biết xấu hổ là gì,toxic,insult,0,False,không biết xấu hổ là gì,không biết xấu_hổ là gì,không biết xấu_hổ là gì
clip này mà không viral thì hơi phí,positive,potential,2,False,clip này mà không viral thì hơi phí,clip này mà không viral thì hơi phí,clip này mà không viral thì hơi phí
hồi đó cứ nghĩ mấy người lồng tiếng là nhân vật thật,positive,childhood,2,False,hồi đó cứ nghĩ mấy người lồng tiếng là nhân vật thật,hồi đó cứ nghĩ mấy người lồng_tiếng là nhân_vật thật,hồi đó cứ nghĩ mấy người lồng_tiếng là nhân_vật thật
Người Việt làm nên điều kỳ diệu,positive,appreciation,2,False,người việt làm nên điều kỳ diệu,người việt làm_nên điều kỳ_diệu,người việt làm_nên điều kỳ_diệu
cottagecore,positive,rural_aesthetic,2,False,cottagecore,cottagecore,cottagecore
clout chaser,negative,fame_seeker,0,False,clout chaser,clout chaser,clout chaser
do an nay ban tu lam hay mua ngoai?,neutral,question,1,False,do an nay ban tu lam hay mua ngoai?,do an nay ban tu lam hay mua ngoai ?,do an nay ban tu lam hay mua ngoai ?
nghe muon tat am thanh,negative,disappointment,0,False,nghe muon tat am thanh,nghe muon tat am thanh,nghe muon tat am thanh
mình mà ngồi lớp này chắc không nghe giảng nổi,positive,distracted,2,False,mình mà ngồi lớp này chắc không nghe giảng nổi,mình mà ngồi lớp này chắc không nghe giảng nổi,mình mà ngồi lớp này chắc không nghe giảng nổi
"Clickbait quá, thất vọng thật sự",negative,criticism,0,False,"clickbait quá, thất vọng thật sự","clickbait quá , thất_vọng thật_sự","clickbait quá , thất_vọng thật_sự"
quan khong co may lanh,negative,criticism,0,False,quan khong co may lanh,quan khong co may lanh,quan khong co may lanh
Đúng là đáng yêu thật sự luôn á,positive,compliment,2,False,đúng là đáng yêu thật sự luôn á,đúng là đáng yêu thật_sự luôn á,đúng là đáng yêu thật_sự luôn á
may nghi may noi gi cung dung tren fb nay a?,toxic,insult,0,True,may nghi may noi gi cung dung tren facebook nay a?,may nghi may noi gi cung dung tren facebook nay a ?,may nghi may noi gi cung dung tren fb nay a ?
Shop này nên đóng cửa đi là vừa,toxic,insult,0,False,shop này nên đóng cửa đi là vừa,shop này nên đóng_cửa đi là vừa,shop này nên đóng_cửa đi là vừa
Game không đủ hấp dẫn để giữ chân người chơi,negative,criticism,0,False,game không đủ hấp dẫn để giữ chân người chơi,game không đủ hấp_dẫn để giữ_chân người chơi,game không đủ hấp_dẫn để giữ_chân người chơi
vừa ăn vừa coi clip cười muốn sặc,positive,funny,2,False,vừa ăn vừa coi clip cười muốn sặc,vừa ăn vừa coi clip cười muốn sặc,vừa ăn vừa coi clip cười muốn sặc
thề luôn nhìn vậy ai mà chịu nổi,positive,teasing,2,False,thề luôn nhìn vậy ai mà chịu nổi,thề luôn nhìn vậy ai mà chịu nổi,thề luôn nhìn vậy ai mà chịu nổi
Sản phẩm không ổn định khi sử dụng lâu,negative,criticism,0,False,sản phẩm không ổn định khi sử dụng lâu,sản_phẩm không ổn_định khi sử_dụng lâu,sản_phẩm không ổn_định khi sử_dụng lâu
may co biet cai chan cong do nhin muoi mat khong?,toxic,insult,0,True,may co biết cai chan cong do nhin muoi mat khong?,may co biết cai chan cong do nhin muoi mat khong ?,may co biet cai chan cong do nhin muoi mat khong ?
Mua hàng như mua phiền toái,toxic,insult,0,False,mua hàng như mua phiền toái,mua hàng như mua phiền_toái,mua hàng như mua phiền_toái
đáng sợ ghê á trời,positive,appreciation,2,False,đáng sợ ghê á trời,đáng sợ ghê_á trời,đáng sợ ghê_á trời
10 điểm cho pha xử lý đỉnh cao 👏,positive,compliment,2,False,10 điểm cho pha xử lý đỉnh cao 👏,10 điểm cho pha xử_lý đỉnh_cao 👏,10 điểm cho pha xử_lý đỉnh_cao 👏
Stream content như không có soul,toxic,insult,0,False,stream content như không có soul,stream content như_không có soul,stream content như_không có soul
Tuổi này khó dạy lắm,toxic,judgment,0,False,tuổi này khó dạy lắm,tuổi này khó dạy lắm,tuổi này khó dạy lắm
Hàng rẻ tiền mà chất lượng còn rẻ hơn,toxic,insult,0,False,hàng rẻ tiền mà chất lượng còn rẻ hơn,hàng rẻ_tiền mà chất_lượng còn rẻ hơn,hàng rẻ_tiền mà chất_lượng còn rẻ hơn
người làm cap có tâm quá đi,positive,appreciation,2,False,người làm cap có tâm quá đi,người_làm cap có tâm quá đi,người_làm cap có tâm quá đi
sao may khong biet minh dang noi nham nhan gi?,toxic,insult,0,True,sao may khong biết minh dang noi nham nhan gi?,sao may khong biết minh dang noi nham nhan gi ?,sao may khong biet minh dang noi nham nhan gi ?
mình ăn rồi và cảm thấy không tệ nhưng không đáng giá,neutral,honest\_review,1,False,mình ăn rồi và cảm thấy không tệ nhưng không đáng giá,mình ăn rồi và cảm_thấy không tệ nhưng không đáng_giá,mình ăn rồi và cảm_thấy không tệ nhưng không đáng_giá
visual king,positive,attractive_praise,2,False,visual king,visual king,visual king
chỉ sơ suất chút thôi là mất hết tiền,positive,appreciation,2,False,chỉ sơ suất chút thôi là mất hết tiền,chỉ sơ_suất chút thôi là mất hết tiền,chỉ sơ_suất chút thôi là mất hết tiền
"Chúc bạn thi đỗ, cố lên!",positive,encouragement,2,False,"chúc bạn thi đỗ, cố lên!","chúc bạn thi đỗ , cố lên !","chúc bạn thi đỗ , cố lên !"
cái giọng huyền thoại đây rồi,positive,nickname,2,False,cái giọng huyền thoại đây rồi,cái giọng huyền_thoại đây rồi,cái giọng huyền_thoại đây rồi
tra sua nhat nheo,negative,disappointment,0,False,tra sua nhat nheo,tra sua nhat nheo,tra sua nhat nheo
cai cach may comment tren fb nhin la biet vo hoc!,toxic,insult,0,True,cai cach may comment tren facebook nhin la biết vo hoc!,cai cach may comment tren facebook nhin la biết vo hoc !,cai cach may comment tren fb nhin la biet vo hoc !
cơm quê mà giá không quê,negative,wordplay,0,False,cơm quê mà giá không quê,cơm quê mà giá không quê,cơm quê mà giá không quê
"Tâm thần sao biết phá ngai vàng, nghi ngờ lắm",toxic,sarcasm,0,False,"tâm thần sao biết phá ngai vàng, nghi ngờ lắm","tâm_thần sao biết phá ngai vàng , nghi_ngờ lắm","tâm_thần sao biết phá ngai vàng , nghi_ngờ lắm"
Couple goals thật sự!,positive,relationship_goals,2,False,couple goals thật sự!,couple goals thật_sự !,couple goals thật_sự !
nem chua chua lau qua,negative,criticism,0,False,nem chua chua lau qua,nem_chua chua lau qua,nem_chua chua lau qua
Cái thứ thất bại của xã hội,toxic,insult,0,False,cái thứ thất bại của xã hội,cái thứ thất_bại của xã_hội,cái thứ thất_bại của xã_hội
Spoiled! Được nuông chiều quá,negative,spoiled,0,False,spoiled! được nuông chiều quá,spoiled ! được nuông_chiều quá,spoiled ! được nuông_chiều quá
cai clip do ma may cung dam livestream tren fb ha?,toxic,insult,0,True,cai clip do ma may cung dam livestream tren facebook ha?,cai clip do ma may cung dam livestream tren facebook ha ?,cai clip do ma may cung dam livestream tren fb ha ?
"Đoán được từ đầu, chán thật",negative,predictable,0,False,"đoán được từ đầu, chán thật","đoán được từ đầu , chán thật","đoán được từ đầu , chán thật"
coi clip mà muốn gục luôn á,positive,exaggeration,2,False,coi clip mà muốn gục luôn á,coi clip mà muốn gục luôn á,coi clip mà muốn gục luôn á
cotd,neutral,color_of_day,1,False,cotd,cotd,cotd
Shop này chỉ giỏi lừa người mới mua lần đầu,toxic,insult,0,False,shop này chỉ giỏi lừa người mới mua lần đầu,shop này chỉ giỏi lừa người mới mua lần đầu,shop này chỉ giỏi lừa người mới mua lần đầu
555 thai funny,positive,thai_laugh,2,False,5 thai funny,5 thai funny,555 thai funny
"Tạm ổn, nhưng có thể hay hơn",neutral,mediocre,1,False,"tạm ổn, nhưng có thể hay hơn","tạm ổn , nhưng có_thể hay hơn","tạm ổn , nhưng có_thể hay hơn"
Liên hệ qua đâu?,neutral,question,1,False,liên hệ qua đâu?,liên_hệ qua đâu ?,liên_hệ qua đâu ?
clip nay quay o dau vay?,neutral,question,1,False,clip nay quay o dau vay?,clip nay quay o dau vay ?,clip nay quay o dau vay ?
Steal jungle của team,toxic,insult,0,False,steal jungle của team,steal jungle của team,steal jungle của team
Bạn có video unbox sản phẩm không?,neutral,request,1,False,bạn có video unbox sản phẩm không?,bạn có video unbox sản_phẩm không ?,bạn có video unbox sản_phẩm không ?
"Thương anh lắm, cố lên anh nhé",positive,neutral,2,False,"thương anh lắm, cố lên anh nhé","thương anh lắm , cố lên anh nhé","thương anh lắm , cố lên anh nhé"
Bạn gửi file đính kèm giúp mình nhé,neutral,request,1,False,bạn gửi file đính kèm giúp mình nhé,bạn gửi file đính kèm giúp mình nhé,bạn gửi file đính kèm giúp mình nhé
Đặt hàng như rước họa vào nhà,toxic,insult,0,False,đặt hàng như rước họa vào nhà,đặt_hàng như rước_họa vào nhà,đặt_hàng như rước_họa vào nhà
kỷ luật thép nhưng tình cảm cũng chân thành,positive,appreciation,2,False,kỷ luật thép nhưng tình cảm cũng chân thành,kỷ_luật thép nhưng tình_cảm cũng chân_thành,kỷ_luật thép nhưng tình_cảm cũng chân_thành
Cứ đóng vai đáng thương là được tha thứ à?,toxic,insult,0,False,cứ đóng vai đáng thương là được tha thứ à?,cứ đóng vai đáng thương là được tha_thứ à ?,cứ đóng vai đáng thương là được tha_thứ à ?
"65k với giá đấy 1 suất ăn đêm thì không sao ,nếu có trứng thì ổn",positive,appreciation,2,False,"65k với giá đấy 1 suất ăn đêm thì không sao ,nếu có trứng thì ổn","65k với giá đấy 1 suất ăn đêm thì không sao , nếu có trứng thì ổn","65k với giá đấy 1 suất ăn đêm thì không sao , nếu có trứng thì ổn"
Để tôi nghĩ xem,neutral,consideration,1,False,để tôi nghĩ xem,để tôi nghĩ xem,để tôi nghĩ xem
"Clip dài quá, xem hơi chán",negative,criticism,0,False,"clip dài quá, xem hơi chán","clip dài quá , xem hơi chán","clip dài quá , xem hơi chán"
Có hướng dẫn lắp đặt không bạn?,neutral,request,1,False,có hướng dẫn lắp đặt không bạn?,có hướng_dẫn lắp_đặt không bạn ?,có hướng_dẫn lắp_đặt không bạn ?
Chỉnh sửa clip không tự nhiên,negative,criticism,0,False,chỉnh sửa clip không tự nhiên,chỉnh_sửa clip không tự_nhiên,chỉnh_sửa clip không tự_nhiên
Đi đứng như vịt bầu,toxic,bodyshaming,0,False,đi đứng như vịt bầu,đi_đứng như vịt_bầu,đi_đứng như vịt_bầu
Dịch vụ như không dành cho con người,toxic,insult,0,False,dịch vụ như không dành cho con người,dịch_vụ như_không dành cho con_người,dịch_vụ như_không dành cho con_người
sao may khong biet minh dang lam tro tren fb vay?,toxic,insult,0,True,sao may khong biết minh dang lam tro tren facebook vay?,sao may khong biết minh dang lam tro tren facebook vay ?,sao may khong biet minh dang lam tro tren fb vay ?
Sản phẩm có mùi khó chịu,negative,complaint,0,False,sản phẩm có mùi khó chịu,sản_phẩm có mùi khó_chịu,sản_phẩm có mùi khó_chịu
có đi mới thấy cha mẹ ngoài đời cực khổ ra sao,positive,useful,2,False,có đi mới thấy cha mẹ ngoài đời cực khổ ra sao,có đi mới thấy cha_mẹ ngoài đời cực_khổ ra sao,có đi mới thấy cha_mẹ ngoài đời cực_khổ ra sao
sao may cu thich di noi xau nguoi khac tren fb?,toxic,insult,0,True,sao may cu thích di noi xau người khac tren fb?,sao may cu thích di_noi xau người khac tren fb ?,sao may cu thich di_noi xau nguoi khac tren fb ?
"Hài vl, chắc tưởng mình là vua triều Nguyễn",neutral,humor,1,False,"hài vl, chắc tưởng mình là vua triều nguyễn","hài vl , chắc tưởng mình là vua triều nguyễn","hài vl , chắc tưởng mình là vua triều nguyễn"
Single pringle ở đây!,neutral,single_status,1,False,single pringle ở đây!,single pringle ở đây !,single pringle ở đây !
Khuyến mãi lừa đảo 100%,toxic,insult,0,False,khuyến mãi lừa đảo 100%,khuyến_mãi lừa_đảo 100 %,khuyến_mãi lừa_đảo 100 %
Mát mẻ thế này đúng là trời chiều lòng người,positive,neutral,2,False,mát mẻ thế này đúng là trời chiều lòng người,mát_mẻ thế này đúng là trời chiều lòng người,mát_mẻ thế này đúng là trời chiều lòng người
Đừng có láo nháo,toxic,rude,0,False,đừng có láo nháo,đừng có láo_nháo,đừng có láo_nháo
Chúc bạn ngày càng nổi tiếng nha!,positive,blessing,2,False,chúc bạn ngày càng nổi tiếng nha!,chúc bạn ngày_càng nổi_tiếng nha !,chúc bạn ngày_càng nổi_tiếng nha !
Sau này có cho cũng không dám đặt lại,toxic,insult,0,False,sau này có cho cũng không dám đặt lại,sau_này có cho cũng không dám đặt lại,sau_này có cho cũng không dám đặt lại
mọi thứ đều ổn trừ cái thái độ,negative,attitude,0,False,mọi thứ đều ổn trừ cái thái độ,mọi thứ đều ổn trừ cái thái_độ,mọi thứ đều ổn trừ cái thái_độ
mỗi lần cảm xúc dồn nén là mở clip kiểu này xem,positive,therapeutic,2,False,mỗi lần cảm xúc dồn nén là mở clip kiểu này xem,mỗi lần cảm_xúc dồn_nén là mở clip kiểu này xem,mỗi lần cảm_xúc dồn_nén là mở clip kiểu này xem
Kiting như đứng im,toxic,insult,0,False,kiting như đứng im,kiting như đứng im,kiting như đứng im
"Đc thui, cứ làm típ đi!",neutral,acceptance,1,True,"được thui, cứ làm típ đi!","được thui , cứ làm típ đi !","đc thui , cứ làm típ đi !"
ban lam video moi vao thu may?,neutral,question,1,False,ban lam video moi vao thu may?,ban lam video moi vao thu may ?,ban lam video moi vao thu may ?
Sleep is for the weak,positive,prioritizing_content,2,False,sleep is for the weak,sleep is for the_weak,sleep is for the_weak
mỗi lần lướt là mỗi lần bị choáng,neutral,overwhelmed,1,False,mỗi lần lướt là mỗi lần bị choáng,mỗi lần lướt là mỗi lần bị choáng,mỗi lần lướt là mỗi lần bị choáng
"Có ai giống tôi không, coi xong mà thấy ấm lòng",positive,appreciation,2,False,"có ai giống tôi không, coi xong mà thấy ấm lòng","có ai giống tôi không , coi xong mà thấy ấm lòng","có ai giống tôi không , coi xong mà thấy ấm lòng"
Chưa hài lòng về thiết kế,negative,criticism,0,False,chưa hài lòng về thiết kế,chưa hài_lòng về thiết_kế,chưa hài_lòng về thiết_kế
Thời tiết Hà Nội đúng là drama queen,negative,humor,0,False,thời tiết hà nội đúng là drama queen,thời_tiết hà_nội đúng là drama queen,thời_tiết hà_nội đúng là drama queen
coi vậy chứ điểm cao ngất ngưởng á,positive,achievement,2,False,coi vậy chứ điểm cao ngất ngưởng á,coi vậy chứ điểm_cao_ngất_ngưởng á,coi vậy chứ điểm_cao_ngất_ngưởng á
muon comment nhung chang biet ghi gi,negative,criticism,0,True,muon comment nhung chang biết ghi gi,muon comment nhung chang biết ghi gi,muon comment nhung chang biet ghi gi
"Wow, không ngờ bạn làm hay thế!",positive,amazement,2,False,"wow, không ngờ bạn làm hay thế!","wow , không ngờ bạn làm hay thế !","wow , không ngờ bạn làm hay thế !"
Không hài lòng với hệ thống điều khiển,negative,criticism,0,False,không hài lòng với hệ thống điều khiển,không hài_lòng với hệ_thống điều_khiển,không hài_lòng với hệ_thống điều_khiển
Dự án nào của họ cũng có dấu ấn riêng,positive,appreciation,2,False,dự án nào của họ cũng có dấu ấn riêng,dự_án nào của họ cũng có dấu_ấn riêng,dự_án nào của họ cũng có dấu_ấn riêng
"Đm, video này tốn thời gian vãi",toxic,vulgar,0,False,"đm, video này tốn thời gian vãi","đm , video này tốn thời_gian vãi","đm , video này tốn thời_gian vãi"
góc nghiêng thần thánh xuất hiện,positive,compliment,2,False,góc nghiêng thần thánh xuất hiện,góc nghiêng thần_thánh xuất_hiện,góc nghiêng thần_thánh xuất_hiện
It's not that serious,neutral,perspective,1,False,it's not that serious,it ' s not that serious,it ' s not that serious
coi vậy chứ nhiều chỗ còn đắt hơn,positive,appreciation,2,False,coi vậy chứ nhiều chỗ còn đắt hơn,coi vậy chứ nhiều chỗ còn đắt hơn,coi vậy chứ nhiều chỗ còn đắt hơn
"Đồ rác, đừng post nữa nha!",toxic,offensive,0,False,"đồ rác, đừng post nữa nha!","đồ rác , đừng post nữa nha !","đồ rác , đừng post nữa nha !"
edit loang choang,negative,criticism,0,False,edit loang choang,edit loang choang,edit loang choang
quán có phục vụ tận tình không mọi người?,neutral,question,1,False,quán có phục vụ tận tình không mọi người?,quán có phục_vụ tận_tình không mọi người ?,quán có phục_vụ tận_tình không mọi người ?
"Không có gì to tát, relax nha!",neutral,reassurance,1,False,"không có gì to tát, relax nha!","không có gì to_tát , relax nha !","không có gì to_tát , relax nha !"
rất mong được xem thêm những sản phẩm như vậy,positive,follow\_up,2,False,rất mong được xem thêm những sản phẩm như vậy,rất mong được xem thêm những sản_phẩm như_vậy,rất mong được xem thêm những sản_phẩm như_vậy
"Đã nhận được hàng, cảm ơn shop",neutral,statement,1,False,"đã nhận được hàng, cảm ơn shop","đã nhận được hàng , cảm_ơn shop","đã nhận được hàng , cảm_ơn shop"
Không rõ bạn muốn nói gì,negative,unclear,0,False,không rõ bạn muốn nói gì,không rõ bạn muốn nói_gì,không rõ bạn muốn nói_gì
Hỏi thông tin mà trả lời như đuổi khách,toxic,insult,0,False,hỏi thông tin mà trả lời như đuổi khách,hỏi thông_tin mà trả_lời như đuổi khách,hỏi thông_tin mà trả_lời như đuổi khách
"Cần thêm thông tin, giải thích thêm!",neutral,request,1,False,"cần thêm thông tin, giải thích thêm!","cần thêm thông_tin , giải_thích thêm !","cần thêm thông_tin , giải_thích thêm !"
Shop nói dối mà không biết đỏ mặt,toxic,insult,0,False,shop nói dối mà không biết đỏ mặt,shop nói_dối mà không biết đỏ mặt,shop nói_dối mà không biết đỏ mặt
Link tải ở đâu vậy bạn?,neutral,question,1,False,link tải ở đâu vậy bạn?,link tải ở đâu vậy bạn ?,link tải ở đâu vậy bạn ?
"Cô ơi, bật bài Trình cho khách nghe đi",neutral,humor,1,False,"cô ơi, bật bài trình cho khách nghe đi","cô ơi , bật bài trình cho khách nghe đi","cô ơi , bật bài trình cho khách nghe đi"
Quán cơm quê dượng bầu đúng là số 1 😎,positive,neutral,2,False,quán cơm quê dượng bầu đúng là số 1 😎,quán cơm quê dượng bầu đúng là số 1 😎,quán cơm quê dượng bầu đúng là số 1 😎
"Trend này hot vãi, bạn bắt trend đỉnh!",positive,trending,2,False,"trend này hot vãi, bạn bắt trend đỉnh!","trend này hot_vãi , bạn bắt trend đỉnh !","trend này hot_vãi , bạn bắt trend đỉnh !"
noi that la xem xong thay cha co gi,negative,disappointment,0,False,noi that la xem xong thay cha co gi,noi that la xem xong thay cha co gi,noi that la xem xong thay cha co gi
"banh can cu, hoi hoi",negative,criticism,0,False,"banh can cu, hoi hoi","banh can cu , hoi hoi","banh can cu , hoi hoi"
Killed it! Xuất sắc,positive,excellence,2,False,killed it! xuất sắc,killed it ! xuất_sắc,killed it ! xuất_sắc
Xài tool là vào được hết á,positive,useful,2,False,xài tool là vào được hết á,xài tool là vào được hết á,xài tool là vào được hết á
matte finish,positive,non_shiny_makeup,2,False,matte finish,matte finish,matte finish
Không thấy có gì đặc biệt ở đây,negative,criticism,0,False,không thấy có gì đặc biệt ở đây,không thấy có gì đặc_biệt ở đây,không thấy có gì đặc_biệt ở đây
Bạn có thể demo sản phẩm không?,neutral,request,1,False,bạn có thể demo sản phẩm không?,bạn có_thể demo sản_phẩm không ?,bạn có_thể demo sản_phẩm không ?
có người mua là có lý do hết á,positive,appreciation,2,False,có người mua là có lý do hết á,có người mua là có_lý_do hết á,có người mua là có_lý_do hết á
okie dokie,neutral,cute_okay,1,False,okie dokie,okie dokie,okie dokie
Cái này mà cũng lên trending hả?,toxic,insult,0,False,cái này mà cũng lên trending hả?,cái này mà cũng lên trending hả ?,cái này mà cũng lên trending hả ?
Tấm lòng đẹp luôn được ghi nhận 🥹,positive,appreciation,2,False,tấm lòng đẹp luôn được ghi nhận 🥹,tấm lòng đẹp luôn được ghi_nhận 🥹,tấm lòng đẹp luôn được ghi_nhận 🥹
cai cach may an mac nhin la biet que mua roi!,toxic,insult,0,True,cai cach may an mac nhin la biết que mua roi!,cai cach may an mac nhin la biết que mua roi !,cai cach may an mac nhin la biet que mua roi !
Xem stream này phí thời gian,toxic,insult,0,False,xem stream này phí thời gian,xem stream này phí thời_gian,xem stream này phí thời_gian
"Đã nghèo còn đẻ, nghĩ sao nổi trời",negative,anger,0,False,"đã nghèo còn đẻ, nghĩ sao nổi trời","đã nghèo còn đẻ , nghĩ sao nổi trời","đã nghèo còn đẻ , nghĩ sao nổi trời"
"Ai dẫn ông này vô được vậy, kỳ quá",neutral,question,1,False,"ai dẫn ông này vô được vậy, kỳ quá","ai dẫn ông này vô được vậy , kỳ quá","ai dẫn ông này vô được vậy , kỳ quá"
noi lech chu de,negative,criticism,0,False,noi lech chu de,noi lech chu de,noi lech chu de
Counter pick mà vẫn thua lane,toxic,insult,0,False,counter pick mà vẫn thua lane,counter pick mà vẫn thua lane,counter pick mà vẫn thua lane
Bạn đánh giá độ bền sản phẩm như thế nào?,neutral,question,1,False,bạn đánh giá độ bền sản phẩm như thế nào?,bạn đánh_giá độ bền sản_phẩm như thế_nào ?,bạn đánh_giá độ bền sản_phẩm như thế_nào ?
Nhạc nền là bài gì thế?,neutral,question,1,False,nhạc nền là bài gì thế?,nhạc nền là bài gì thế ?,nhạc nền là bài gì thế ?
Không thấy phụ kiện kèm theo,negative,complaint,0,False,không thấy phụ kiện kèm theo,không thấy phụ_kiện kèm theo,không thấy phụ_kiện kèm theo
Ủa vậy là mình không nên đánh giá qua vẻ ngoài hả?,positive,useful,2,False,ủa vậy là mình không nên đánh giá qua vẻ ngoài hả?,ủa vậy là mình không nên đánh_giá qua vẻ ngoài hả ?,ủa vậy là mình không nên đánh_giá qua vẻ ngoài hả ?
tưởng ai ngầu ai dè hài hước dữ thần,positive,surprise,2,False,tưởng ai ngầu ai dè hài hước dữ thần,tưởng ai ngầu ai dè hài_hước dữ_thần,tưởng ai ngầu ai dè hài_hước dữ_thần
bạn tôi bảo cap này là để gài người yêu,positive,teasing,2,False,bạn tôi bảo cap này là để gài người yêu,bạn tôi bảo cap này là để gài người_yêu,bạn tôi bảo cap này là để gài người_yêu
Tự sướng suốt ngày chán thật,toxic,insult,0,False,tự sướng suốt ngày chán thật,tự sướng suốt ngày chán thật,tự sướng suốt ngày chán thật
thật sự không ngờ luôn á,positive,shock,2,False,thật sự không ngờ luôn á,thật_sự không ngờ luôn á,thật_sự không ngờ luôn á
Nói chuyện như con nít,toxic,condescending,0,False,nói chuyện như con nít,nói_chuyện như con_nít,nói_chuyện như con_nít
"Valentine's Day is coming, tôi cần gấu",neutral,single_status,1,False,"valentine's day is coming, tôi cần gấu","valentine ' s day is coming , tôi cần gấu","valentine ' s day is coming , tôi cần gấu"
Tim tui tan chảy với clip này!,positive,heartwarming,2,False,tim tui tan chảy với clip này!,tim tui tan chảy với clip này !,tim tui tan chảy với clip này !
Ảnh landscape mà chụp như anh nghiệp dư,toxic,insult,0,False,ảnh landscape mà chụp như anh nghiệp dư,ảnh landscape mà chụp như anh nghiệp_dư,ảnh landscape mà chụp như anh nghiệp_dư
nếu được chữa bệnh vậy thì ai cũng khỏe liền,positive,imagine,2,False,nếu được chữa bệnh vậy thì ai cũng khỏe liền,nếu được chữa bệnh vậy thì ai cũng khỏe liền,nếu được chữa bệnh vậy thì ai cũng khỏe liền
"Mày bị khùng hả, nội dung rác vcl",toxic,extreme_insult,0,True,"mày bị khùng hả, nội dung rác vãi cả lồn","mày bị khùng hả , nội_dung rác vãi cả lồn","mày bị khùng hả , nội_dung rác vcl"
Plot twist! Không ngờ,positive,surprise,2,False,plot twist! không ngờ,plot twist ! không ngờ,plot twist ! không ngờ
Stream mà mic như nuốt đá,toxic,insult,0,False,stream mà mic như nuốt đá,stream mà mic như nuốt đá,stream mà mic như nuốt đá
tuổi học trò dữ dội ghê,positive,appreciation,2,False,tuổi học trò dữ dội ghê,tuổi học_trò dữ_dội ghê,tuổi học_trò dữ_dội ghê
Overreacting! Phản ứng thái quá,negative,excessive,0,False,overreacting! phản ứng thái quá,overreacting ! phản_ứng thái_quá,overreacting ! phản_ứng thái_quá
tưởng idol Hàn Quốc không á,positive,compliment,2,False,tưởng idol hàn quốc không á,tưởng idol hàn_quốc không á,tưởng idol hàn_quốc không á
"Đi làm sáng nay rét, quên mang áo khoác",negative,neutral,0,False,"đi làm sáng nay rét, quên mang áo khoác","đi làm sáng nay rét , quên mang áo_khoác","đi làm sáng nay rét , quên mang áo_khoác"
"Toàn ăn theo người khác, chẳng sáng tạo gì",toxic,insult,0,False,"toàn ăn theo người khác, chẳng sáng tạo gì","toàn ăn_theo người khác , chẳng sáng_tạo gì","toàn ăn_theo người khác , chẳng sáng_tạo gì"
Sản phẩm còn màu nào khác không?,neutral,question,1,False,sản phẩm còn màu nào khác không?,sản_phẩm còn màu nào khác không ?,sản_phẩm còn màu nào khác không ?
Post ảnh book recommendation mà chưa đọc,toxic,insult,0,False,post ảnh book recommendation mà chưa đọc,post ảnh book recommendation mà chưa đọc,post ảnh book recommendation mà chưa đọc
bài học chưa thuộc nhưng outfit là phải đỉnh,positive,contrast,2,False,bài học chưa thuộc nhưng outfit là phải đỉnh,bài_học chưa thuộc nhưng outfit là phải đỉnh,bài_học chưa thuộc nhưng outfit là phải đỉnh
cai clip do nhin ma chi muon report ngay!,toxic,insult,0,False,cai clip do nhin ma chi muon report ngay!,cai clip do nhin ma chi muon report ngay !,cai clip do nhin ma chi muon report ngay !
góc nghiêng chớp thời cơ quá chuẩn,positive,timing,2,False,góc nghiêng chớp thời cơ quá chuẩn,góc nghiêng chớp thời_cơ quá chuẩn,góc nghiêng chớp thời_cơ quá chuẩn
Bạn có thể gửi link giúp mình không?,neutral,request,1,False,bạn có thể gửi link giúp mình không?,bạn có_thể gửi link giúp mình không ?,bạn có_thể gửi link giúp mình không ?
Shop treo đầu dê bán thịt chó,toxic,insult,0,False,shop treo đầu dê bán thịt chó,shop treo đầu dê bán thịt chó,shop treo đầu dê bán thịt chó
Để xem sao,neutral,statement,1,False,để xem sao,để xem sao,để xem sao
may co biet minh nhin te the tren fb nay khong?,toxic,insult,0,True,may co biết minh nhin te the tren facebook nay khong?,may co biết minh nhin te the tren facebook nay khong ?,may co biet minh nhin te the tren fb nay khong ?
Map awareness = 0,toxic,insult,0,False,map awareness = 0,map awareness = 0,map awareness = 0
đôi khi chỉ cần một khung hình là hiểu hết,positive,clarity,2,False,đôi khi chỉ cần một khung hình là hiểu hết,đôi_khi chỉ cần một khung hình là hiểu hết,đôi_khi chỉ cần một khung hình là hiểu hết
Nhận được hàng mà muốn khóc luôn,toxic,insult,0,False,nhận được hàng mà muốn khóc luôn,nhận được hàng mà muốn khóc luôn,nhận được hàng mà muốn khóc luôn
Quảng cáo 99% là lừa đảo,toxic,insult,0,False,quảng cáo 99% là lừa đảo,quảng_cáo 99 % là lừa_đảo,quảng_cáo 99 % là lừa_đảo
Tự nhiên thấy yêu đời hơn á 😌,positive,appreciation,2,False,tự nhiên thấy yêu đời hơn á 😌,tự_nhiên thấy yêu_đời hơn á 😌,tự_nhiên thấy yêu_đời hơn á 😌
Nội dung chưa rõ ràng lắm,negative,criticism,0,False,nội dung chưa rõ ràng lắm,nội_dung chưa rõ_ràng lắm,nội_dung chưa rõ_ràng lắm
"Nghèo thì ở vậy, đẻ chi khổ",negative,suggestion,0,False,"nghèo thì ở vậy, đẻ chi khổ","nghèo thì ở_vậy , đẻ chi khổ","nghèo thì ở_vậy , đẻ chi khổ"
Tag bạn bè spam vào post,toxic,insult,0,False,tag bạn bè spam vào post,tag bạn_bè spam vào post,tag bạn_bè spam vào post
Bạn thấy cách đóng gói hàng có tốt không?,neutral,question,1,False,bạn thấy cách đóng gói hàng có tốt không?,bạn thấy cách đóng_gói hàng có tốt không ?,bạn thấy cách đóng_gói hàng có tốt không ?
KDA tệ mà còn flame người khác,toxic,insult,0,False,kda tệ mà còn flame người khác,kda tệ mà còn flame người khác,kda tệ mà còn flame người khác
"Nghèo còn đẻ, tự chuốc khổ",toxic,sarcasm,0,False,"nghèo còn đẻ, tự chuốc khổ","nghèo còn đẻ , tự chuốc khổ","nghèo còn đẻ , tự chuốc khổ"
Bạn từng bảo hành chưa?,neutral,question,1,False,bạn từng bảo hành chưa?,bạn từng bảo_hành chưa ?,bạn từng bảo_hành chưa ?
Thời tiết Hà Nội đúng là khó đoán vl,negative,neutral,0,True,thời tiết hà nội đúng là khó đoán vãi lồn,thời_tiết hà_nội đúng là khó đoán vãi lồn,thời_tiết hà_nội đúng là khó đoán vl
Chơi mãi không lên rank nổi,negative,disappointment,0,False,chơi mãi không lên rank nổi,chơi mãi không lên rank nổi,chơi mãi không lên rank nổi
tui lưu lại để chỉ người thân luôn,positive,useful,2,False,tui lưu lại để chỉ người thân luôn,tui lưu lại để chỉ người_thân luôn,tui lưu lại để chỉ người_thân luôn
may nghi post cai video do len fb la ngau lam a?,toxic,insult,0,True,may nghi post cai video do len facebook la ngau lam a?,may nghi_post cai video do len facebook la ngau lam a ?,may nghi_post cai video do len fb la ngau lam a ?
"Thời tiết bất ổn thế này, mai nóng lại chắc",negative,anger,0,False,"thời tiết bất ổn thế này, mai nóng lại chắc","thời_tiết bất_ổn thế này , mai nóng lại chắc","thời_tiết bất_ổn thế này , mai nóng lại chắc"
"Sản phẩm dễ bám bụi, khó vệ sinh",negative,criticism,0,False,"sản phẩm dễ bám bụi, khó vệ sinh","sản_phẩm dễ bám bụi , khó vệ_sinh","sản_phẩm dễ bám bụi , khó vệ_sinh"
Original! Sáng tạo lắm,positive,originality,2,False,original! sáng tạo lắm,original ! sáng_tạo lắm,original ! sáng_tạo lắm
may co biet minh nhin te the tren fb nay khong?,toxic,insult,0,True,may co biết minh nhin te the tren facebook nay khong?,may co biết minh nhin te the tren facebook nay khong ?,may co biet minh nhin te the tren fb nay khong ?
"Sinh con ra khổ thế này, haiz",negative,anger,0,False,"sinh con ra khổ thế này, haiz","sinh con ra khổ thế này , haiz","sinh con ra khổ thế này , haiz"
Người gầy như sắp biến mất đến nơi,toxic,bodyshaming,0,False,người gầy như sắp biến mất đến nơi,người gầy như sắp biến mất đến_nơi,người gầy như sắp biến mất đến_nơi
Tưởng lên tiếng là được tha?,toxic,insult,0,False,tưởng lên tiếng là được tha?,tưởng lên_tiếng là được tha ?,tưởng lên_tiếng là được tha ?
Bạn gửi file hướng dẫn giúp mình nhé,neutral,request,1,False,bạn gửi file hướng dẫn giúp mình nhé,bạn gửi file hướng_dẫn giúp mình nhé,bạn gửi file hướng_dẫn giúp mình nhé
Nội dung nhàm chán muốn tắt stream,toxic,insult,0,False,nội dung nhàm chán muốn tắt stream,nội_dung nhàm_chán muốn tắt_stream,nội_dung nhàm_chán muốn tắt_stream
Plot twist! Không ngờ,positive,surprise,2,False,plot twist! không ngờ,plot twist ! không ngờ,plot twist ! không ngờ
Nhạc nền nghe không phù hợp lắm,negative,criticism,0,False,nhạc nền nghe không phù hợp lắm,nhạc nền nghe không phù_hợp lắm,nhạc nền nghe không phù_hợp lắm
"Sáng tạo vcl, lần đầu tui thấy!",positive,originality,2,False,"sáng tạo vcl, lần đầu tui thấy!","sáng_tạo vcl , lần đầu tui thấy !","sáng_tạo vcl , lần đầu tui thấy !"
Bạn thử test nhiều chức năng chưa?,neutral,question,1,False,bạn thử test nhiều chức năng chưa?,bạn thử test nhiều chức_năng chưa ?,bạn thử test nhiều chức_năng chưa ?
"Đồ khốn, cút mẹ mày đi!",toxic,curse,0,False,"đồ khốn, cút mẹ mày đi!","đồ khốn , cút mẹ mày đi !","đồ khốn , cút mẹ mày đi !"
banh flan nhu bot,negative,criticism,0,False,banh flan nhu bot,banh flan nhu bot,banh flan nhu bot
Bạn có thể hỗ trợ khách hàng không?,neutral,request,1,False,bạn có thể hỗ trợ khách hàng không?,bạn có_thể hỗ_trợ khách_hàng không ?,bạn có_thể hỗ_trợ khách_hàng không ?
ban co hay an cay khong?,neutral,question,1,False,ban co hay an cay khong?,ban co hay an cay khong ?,ban co hay an cay khong ?
Game sense như không có,toxic,insult,0,False,game sense như không có,game sense như_không có,game sense như_không có
"mk ko cho lưu, mà bắt đổi thường xuyên, còn kí hiệu đặc biệt nữa",positive,useful,2,True,"mình không cho lưu, mà bắt đổi thường xuyên, còn kí hiệu đặc biệt nữa","mình không cho lưu , mà bắt đổi thường_xuyên , còn kí_hiệu đặc_biệt nữa","mk ko cho lưu , mà bắt đổi thường_xuyên , còn kí_hiệu đặc_biệt nữa"
Chất lượng hình ảnh thấp quá,negative,criticism,0,False,chất lượng hình ảnh thấp quá,chất_lượng hình_ảnh thấp quá,chất_lượng hình_ảnh thấp quá
Slow down a bit,neutral,suggestion,1,True,slow down anh bit,slow down anh bit,slow down a bit
Relax! Đừng stress,neutral,reassurance,1,False,relax! đừng stress,relax ! đừng stress,relax ! đừng stress
"tụi mình ai cũng có giọng, có văn hoá riêng chứ",positive,identity,2,False,"tụi mình ai cũng có giọng, có văn hoá riêng chứ","tụi mình ai cũng có giọng , có văn_hoá riêng chứ","tụi mình ai cũng có giọng , có văn_hoá riêng chứ"
ủa alo? tôi có đọc nhầm gì không vậy?,neutral,confused,1,False,ủa alo? tôi có đọc nhầm gì không vậy?,ủa alo ? tôi có đọc nhầm gì không vậy ?,ủa alo ? tôi có đọc nhầm gì không vậy ?
Camera nào vậy bạn?,neutral,question,1,False,camera nào vậy bạn?,camera nào vậy bạn ?,camera nào vậy bạn ?
cai anh do nhin ma chi muon block ngay luon!,toxic,insult,0,False,cai anh do nhin ma chi muon block ngay luon!,cai anh do nhin ma chi muon block ngay luon !,cai anh do nhin ma chi muon block ngay luon !
"Bạn là number one, xuất sắc!",positive,praise,2,False,"bạn là number one, xuất sắc!","bạn là number one , xuất_sắc !","bạn là number one , xuất_sắc !"
Chỉ giỏi copy rồi nói nhảm,toxic,insult,0,False,chỉ giỏi copy rồi nói nhảm,chỉ giỏi copy rồi nói nhảm,chỉ giỏi copy rồi nói nhảm
"Đồ ngu, học lại cách làm video đi",toxic,insult,0,False,"đồ ngu, học lại cách làm video đi","đồ ngu , học lại cách làm video đi","đồ ngu , học lại cách làm video đi"
"Video này dài quá, cắt ngắn chút đi",negative,suggestion,0,False,"video này dài quá, cắt ngắn chút đi","video này dài quá , cắt ngắn chút đi","video này dài quá , cắt ngắn chút đi"
cap hay nhưng nghe xong hơi buồn,negative,bittersweet,0,False,cap hay nhưng nghe xong hơi buồn,cap hay nhưng nghe xong hơi buồn,cap hay nhưng nghe xong hơi buồn
Video âm thanh nhỏ quá,negative,criticism,0,False,video âm thanh nhỏ quá,video âm_thanh nhỏ quá,video âm_thanh nhỏ quá
Inting khi không được position,toxic,insult,0,False,inting khi không được position,inting khi không được position,inting khi không được position
Thể loại này chỉ giỏi hại người,toxic,insult,0,False,thể loại này chỉ giỏi hại người,thể_loại này chỉ giỏi hại người,thể_loại này chỉ giỏi hại người
"Reaction mà như đọc kịch bản, giả quá",toxic,insult,0,False,"reaction mà như đọc kịch bản, giả quá","reaction mà như đọc kịch_bản , giả quá","reaction mà như đọc kịch_bản , giả quá"
Loại này chỉ biết đi gây phiền cho người khác,toxic,insult,0,False,loại này chỉ biết đi gây phiền cho người khác,loại này chỉ biết đi gây phiền cho người khác,loại này chỉ biết đi gây phiền cho người khác
giao thong rat hon loan,negative,criticism,0,False,giao thong rat hon loan,giao thong rat hon loan,giao thong rat hon loan
ngày đó cứ như hôm qua vậy,positive,appreciation,2,False,ngày đó cứ như hôm qua vậy,ngày đó cứ như hôm_qua vậy,ngày đó cứ như hôm_qua vậy
"Đúng vibe tui luôn, yêu ghê!",positive,lifestyle,2,False,"đúng vibe tui luôn, yêu ghê!","đúng vibe tui luôn , yêu ghê !","đúng vibe tui luôn , yêu ghê !"
cai video do ma may cung dam share len fb a?,toxic,insult,0,True,cai video do ma may cung dam share len facebook a?,cai video do ma may cung dam share len facebook a ?,cai video do ma may cung dam share len fb a ?
Bạn mua sản phẩm này ở đâu?,neutral,question,1,False,bạn mua sản phẩm này ở đâu?,bạn mua sản_phẩm này ở đâu ?,bạn mua sản_phẩm này ở đâu ?
Bán hàng mà không có tâm lương,toxic,insult,0,False,bán hàng mà không có tâm lương,bán hàng mà không có tâm lương,bán hàng mà không có tâm lương
clip này là gu mình nè,positive,preference,2,False,clip này là gu mình nè,clip này là gu mình nè,clip này là gu mình nè
noi chuyen ko co dau,negative,criticism,0,True,noi chuyen không co dau,noi chuyen không co dau,noi chuyen ko co dau
co ai biet cong thuc nuoc cham nay khong?,neutral,question,1,True,co ai biết cong thuc nuoc cham nay khong?,co ai biết cong thuc nuoc cham nay khong ?,co ai biet cong thuc nuoc cham nay khong ?
"Đúng vibe tui luôn, yêu ghê!",positive,lifestyle,2,False,"đúng vibe tui luôn, yêu ghê!","đúng vibe tui luôn , yêu ghê !","đúng vibe tui luôn , yêu ghê !"
Để tui xem xét thêm nha,neutral,consideration,1,False,để tui xem xét thêm nha,để tui xem_xét thêm nha,để tui xem_xét thêm nha
"Thằng khốn, đừng đăng nữa!",toxic,curse,0,True,"thằng khốn, đừng đăng nữa!","thằng khốn , đừng đăng nữa !","thằng khốn , đừng đăng nữa !"
ai mà dễ thương dữ thần vậy trời,positive,compliment,2,False,ai mà dễ thương dữ thần vậy trời,ai mà dễ_thương dữ thần_vậy trời,ai mà dễ_thương dữ thần_vậy trời
repurchase,positive,buy_again,2,False,repurchase,repurchase,repurchase
"Nói gì zậy, t hok hỉu gì hết?",neutral,confusion,1,True,"nói gì zậy, t không hỉu gì hết?","nói gì zậy , t không hỉu gì hết ?","nói gì zậy , t hok hỉu gì hết ?"
Sản phẩm có hỗ trợ trả góp không bạn?,neutral,question,1,False,sản phẩm có hỗ trợ trả góp không bạn?,sản_phẩm có hỗ_trợ trả_góp không bạn ?,sản_phẩm có hỗ_trợ trả_góp không bạn ?
cảm thấy hơi bị lú sau khi xem,neutral,confusion,1,False,cảm thấy hơi bị lú sau khi xem,cảm_thấy hơi bị lú sau khi xem,cảm_thấy hơi bị lú sau khi xem
quán đông nhưng không hiểu lý do,negative,confusion,0,False,quán đông nhưng không hiểu lý do,quán đông nhưng không hiểu lý_do,quán đông nhưng không hiểu lý_do
Ảnh check-in mà không được mời,toxic,insult,0,False,ảnh check-in mà không được mời,ảnh check - in mà không được mời,ảnh check - in mà không được mời
"Hài vl, chắc tưởng mình là vua nên phá ngai vàng luôn",neutral,humor,1,False,"hài vl, chắc tưởng mình là vua nên phá ngai vàng luôn","hài vl , chắc tưởng mình là vua nên phá ngai vàng luôn","hài vl , chắc tưởng mình là vua nên phá ngai vàng luôn"
Người đâu vừa lùn vừa béo,toxic,bodyshaming,0,False,người đâu vừa lùn vừa béo,người đâu vừa lùn vừa béo,người đâu vừa lùn vừa béo
"Ngại giùm luôn, awkward vãi",negative,awkward,0,False,"ngại giùm luôn, awkward vãi","ngại giùm luôn , awkward vãi","ngại giùm luôn , awkward vãi"
"Thở sâu vô, đừng căng thẳng!",neutral,calming,1,False,"thở sâu vô, đừng căng thẳng!","thở sâu vô , đừng căng_thẳng !","thở sâu vô , đừng căng_thẳng !"
bác sĩ gì đâu mà như nam chính ngôn tình,positive,comparison,2,False,bác sĩ gì đâu mà như nam chính ngôn tình,bác_sĩ gì đâu mà như nam_chính ngôn tình,bác_sĩ gì đâu mà như nam_chính ngôn tình
Coi xong thấy thất vọng,negative,disappointment,0,False,coi xong thấy thất vọng,coi xong thấy thất_vọng,coi xong thấy thất_vọng
"Thất vọng ghê, t mong hay hơn á",negative,disappointment,0,False,"thất vọng ghê, t mong hay hơn á","thất_vọng ghê , t mong hay hơn á","thất_vọng ghê , t mong hay hơn á"
Nhái Liên Quân hả? Tuổi gì so dc!,toxic,insult,0,False,nhái liên quân hả? tuổi gì so dc!,nhái liên_quân hả ? tuổi gì so dc !,nhái liên_quân hả ? tuổi gì so dc !
co giao thong gi ma nhu ran cuon,negative,criticism,0,False,co giao thong gi ma nhu ran cuon,co giao thong gi ma nhu ran cuon,co giao thong gi ma nhu ran cuon
"Shop hứa như mía lùi, làm chẳng ra gì",toxic,insult,0,False,"shop hứa như mía lùi, làm chẳng ra gì","shop hứa như mía lùi , làm chẳng ra_gì","shop hứa như mía lùi , làm chẳng ra_gì"
Chỉnh hiệu ứng hơi quá tay,negative,criticism,0,False,chỉnh hiệu ứng hơi quá tay,chỉnh hiệu_ứng hơi quá_tay,chỉnh hiệu_ứng hơi quá_tay
gia tren troi ma mon nho xiu,negative,criticism,0,False,gia tren troi ma mon nho xiu,gia tren troi ma mon nho xiu,gia tren troi ma mon nho xiu
nên dùng OTP chứ đừng lưu mật khẩu trên máy,positive,useful,2,False,nên dùng otp chứ đừng lưu mật khẩu trên máy,nên dùng otp chứ đừng lưu mật_khẩu trên máy,nên dùng otp chứ đừng lưu mật_khẩu trên máy
quán đẹp để chụp hình chứ đừng đặt kỳ vọng món ăn,negative,advice,0,False,quán đẹp để chụp hình chứ đừng đặt kỳ vọng món ăn,quán đẹp để chụp hình chứ đừng đặt kỳ_vọng món ăn,quán đẹp để chụp hình chứ đừng đặt kỳ_vọng món ăn
"Tâm thần mà phá đúng chỗ, kn nổi",toxic,sarcasm,0,False,"tâm thần mà phá đúng chỗ, kn nổi","tâm_thần mà phá đúng chỗ , kn nổi","tâm_thần mà phá đúng chỗ , kn nổi"
có cái gì đó rất nhân văn trong từng khung hình,positive,humanity,2,False,có cái gì đó rất nhân văn trong từng khung hình,có cái gì đó rất nhân_văn trong từng khung hình,có cái gì đó rất nhân_văn trong từng khung hình
"Đang hot trên mạng, hay lắm bạn!",positive,buzzing,2,False,"đang hot trên mạng, hay lắm bạn!","đang hot trên mạng , hay lắm bạn !","đang hot trên mạng , hay lắm bạn !"
Video này chưa đủ hấp dẫn,negative,criticism,0,False,video này chưa đủ hấp dẫn,video này chưa đủ hấp_dẫn,video này chưa đủ hấp_dẫn
Rage quit khi thua teamfight,toxic,insult,0,False,rage quit khi thua teamfight,rage quit khi thua teamfight,rage quit khi thua teamfight
quan nay phuc vu cham qua,negative,complaint,0,False,quan nay phuc vu cham qua,quan nay phuc vu cham qua,quan nay phuc vu cham qua
Tôi sẽ cân nhắc sau khi xem clip,neutral,statement,1,False,tôi sẽ cân nhắc sau khi xem clip,tôi sẽ cân_nhắc sau khi xem clip,tôi sẽ cân_nhắc sau khi xem clip
ở một câu chuyện khác: cô gái VN cần đảm 1 mình,positive,empowerment,2,True,ở một câu chuyện khác: cô gái việt nam cần đảm 1 mình,ở một câu_chuyện khác : cô gái việt nam cần đảm 1 mình,ở một câu_chuyện khác : cô gái vn cần đảm 1 mình
"Đẻ con ra khổ thế này, chán vl",toxic,sarcasm,0,True,"đẻ con ra khổ thế này, chán vãi lồn","đẻ con ra khổ thế này , chán vãi lồn","đẻ con ra khổ thế này , chán vl"
may co biet cai cach noi chuyen nay nghe ghe khong?,toxic,insult,0,True,may co biết cai cach noi chuyen nay nghe ghe khong?,may co biết cai cach noi chuyen nay nghe ghe khong ?,may co biet cai cach noi chuyen nay nghe ghe khong ?
ko lay gi lam thu vi,negative,disappointment,0,True,không lay gi lam thu vi,không lay gi lam thu_vi,ko lay gi lam thu_vi
sao may cu khoe cai body te hai do tren fb vay?,toxic,insult,0,True,sao may cu khoe cai body te hai do tren facebook vay?,sao may cu khoe cai body te hai do tren facebook vay ?,sao may cu khoe cai body te hai do tren fb vay ?
Bạn gửi video so sánh sản phẩm giúp mình,neutral,request,1,False,bạn gửi video so sánh sản phẩm giúp mình,bạn gửi video so_sánh sản_phẩm giúp mình,bạn gửi video so_sánh sản_phẩm giúp mình
"Lan man qué, t hok hỉu gì hết!",negative,confusion,0,True,"lan man qué, t không hỉu gì hết!","lan_man qué , t không hỉu gì hết !","lan_man qué , t hok hỉu gì hết !"
cơm quê mà giá không quê chút nào,negative,irony,0,False,cơm quê mà giá không quê chút nào,cơm quê mà giá không quê chút nào,cơm quê mà giá không quê chút nào
"Đúng vibe tui luôn, yêu lắm!",positive,lifestyle,2,False,"đúng vibe tui luôn, yêu lắm!","đúng vibe tui luôn , yêu lắm !","đúng vibe tui luôn , yêu lắm !"
Ảnh positive vibes mà spread negativity,toxic,insult,0,False,ảnh positive vibes mà spread negativity,ảnh positive vibes mà spread negativity,ảnh positive vibes mà spread negativity
so với chỗ khác thì vẫn rẻ chán,positive,appreciation,2,False,so với chỗ khác thì vẫn rẻ chán,so với chỗ khác thì vẫn rẻ chán,so với chỗ khác thì vẫn rẻ chán
Thất vọng về chất lượng video,negative,disappointment,0,False,thất vọng về chất lượng video,thất_vọng về chất_lượng video,thất_vọng về chất_lượng video
một sự thật không ai muốn đối mặt,neutral,reality,1,False,một sự thật không ai muốn đối mặt,một sự_thật không ai muốn đối_mặt,một sự_thật không ai muốn đối_mặt
Deadline khi nào vậy?,neutral,question,1,False,deadline khi nào vậy?,deadline khi nào vậy ?,deadline khi nào vậy ?
duong ray tau khong co rao chan,negative,criticism,0,False,duong ray tau khong co rao chan,duong ray tau khong co rao chan,duong ray tau khong co rao chan
Không có tí sáng tạo nào luôn,toxic,insult,0,False,không có tí sáng tạo nào luôn,không có tí sáng_tạo nào luôn,không có tí sáng_tạo nào luôn
lúc đầu tưởng vui ai ngờ toxic nhẹ,negative,toxic,0,False,lúc đầu tưởng vui ai ngờ toxic nhẹ,lúc đầu tưởng vui ai_ngờ toxic nhẹ,lúc đầu tưởng vui ai_ngờ toxic nhẹ
Bảo vệ ngủ quên hay sao mà để chuyện này xảy ra,negative,sarcasm,0,False,bảo vệ ngủ quên hay sao mà để chuyện này xảy ra,bảo_vệ ngủ quên hay sao mà để chuyện này xảy ra,bảo_vệ ngủ quên hay sao mà để chuyện này xảy ra
tea,neutral,gossip,1,False,tea,tea,tea
tra sua toan bot,negative,criticism,0,False,tra sua toan bot,tra sua toan bot,tra sua toan bot
co cong thuc do an nay khong?,neutral,question,1,False,co cong thuc do an nay khong?,co cong thuc do an nay khong ?,co cong thuc do an nay khong ?
giọng nobita cười dễ thương xỉu,positive,compliment,2,False,giọng nobita cười dễ thương xỉu,giọng nobita cười dễ_thương xỉu,giọng nobita cười dễ_thương xỉu
Cảm ơn bạn đã giải thích rõ ràng,positive,gratitude,2,False,cảm ơn bạn đã giải thích rõ ràng,cảm_ơn bạn đã giải_thích rõ_ràng,cảm_ơn bạn đã giải_thích rõ_ràng
video ko co noi dung,negative,criticism,0,True,video không co noi dung,video không co noi dung,video ko co noi dung
Lên sóng chỉ tổ xấu hổ,toxic,insult,0,False,lên sóng chỉ tổ xấu hổ,lên sóng chỉ tổ xấu_hổ,lên sóng chỉ tổ xấu_hổ
Bạn đã từng sử dụng sản phẩm cùng loại chưa?,neutral,question,1,False,bạn đã từng sử dụng sản phẩm cùng loại chưa?,bạn đã từng sử_dụng sản_phẩm cùng loại chưa ?,bạn đã từng sử_dụng sản_phẩm cùng loại chưa ?
Cơm quê mà giá này chắc bán ở sao Hỏa 😅,negative,sarcasm,0,False,cơm quê mà giá này chắc bán ở sao hỏa 😅,cơm quê mà giá này chắc bán ở sao hỏa_😅,cơm quê mà giá này chắc bán ở sao hỏa_😅
"Tks b nhìu, info hữu ích vcl!",positive,gratitude,2,True,"cảm ơn b nhìu, info hữu ích vcl!","cảm_ơn b nhìu , info hữu_ích vcl !","tks b nhìu , info hữu_ích vcl !"
Đóng gói như ném vào thùng rác,toxic,insult,0,False,đóng gói như ném vào thùng rác,đóng_gói như ném vào thùng rác,đóng_gói như ném vào thùng rác
phòng khám này có nhận học việc không vậy?,positive,joke,2,False,phòng khám này có nhận học việc không vậy?,phòng_khám này có nhận học_việc không vậy ?,phòng_khám này có nhận học_việc không vậy ?
cai cach may livestream nhin la biet vo duyen!,toxic,insult,0,True,cai cach may livestream nhin la biết vo duyen!,cai cach may livestream nhin la biết vo duyen !,cai cach may livestream nhin la biet vo duyen !
Phốt chồng phốt,toxic,insult,0,False,phốt chồng phốt,phốt chồng phốt,phốt chồng phốt
ko bat kip trend,negative,criticism,0,True,không bat kip trend,không bat kip trend,ko bat kip trend
giọng này nghe riết ghiền luôn á,positive,addiction,2,False,giọng này nghe riết ghiền luôn á,giọng này nghe riết ghiền luôn á,giọng này nghe riết ghiền luôn á
"quán chill, nhưng đồ ăn không chill theo",negative,atmosphere,0,False,"quán chill, nhưng đồ ăn không chill theo","quán chill , nhưng đồ ăn_không chill theo","quán chill , nhưng đồ ăn_không chill theo"
sao có thể bắt chước giọng con nít hay vậy trời,positive,talent,2,False,sao có thể bắt chước giọng con nít hay vậy trời,sao có_thể bắt_chước giọng con_nít hay vậy trời,sao có_thể bắt_chước giọng con_nít hay vậy trời
Bạn đăng video vào thứ mấy vậy?,neutral,question,1,False,bạn đăng video vào thứ mấy vậy?,bạn đăng video vào thứ mấy vậy ?,bạn đăng video vào thứ mấy vậy ?
Hot topic của tuần,positive,popular,2,False,hot topic của tuần,hot_topic của tuần,hot_topic của tuần
Relationship này precious lắm,positive,precious,2,False,relationship này precious lắm,relationship này precious lắm,relationship này precious lắm
Làm video chưa đầu tư,negative,criticism,0,False,làm video chưa đầu tư,làm video chưa đầu_tư,làm video chưa đầu_tư
"Clip này đáng để viral, đỉnh thật!",positive,excellence,2,False,"clip này đáng để viral, đỉnh thật!","clip này đáng để viral , đỉnh thật !","clip này đáng để viral , đỉnh thật !"
may nghi may la ai ma di noi xau nguoi khac the?,toxic,insult,0,True,may nghi may la ai ma di noi xau người khac the?,may nghi may la ai ma_di_noi xau người khac the ?,may nghi may la ai ma_di_noi xau nguoi khac the ?
phai noi la xem thua time,negative,disappointment,0,False,phai noi la xem thua time,phai noi la xem thua time,phai noi la xem thua time
Xin stk để gửi chút hỗ trợ cho anh này,neutral,question,1,True,xin số tài khoản để gửi chút hỗ trợ cho anh này,xin số tài_khoản để gửi chút hỗ_trợ cho anh này,xin stk để gửi chút hỗ_trợ cho anh này
cai cach may noi chuyen tren fb nhin la vo duyen!,toxic,insult,0,True,cai cach may noi chuyen tren facebook nhin la vo duyen!,cai cach may noi chuyen tren facebook nhin la vo duyen !,cai cach may noi chuyen tren fb nhin la vo duyen !
Tự biên tự diễn giỏi thật,toxic,insult,0,False,tự biên tự diễn giỏi thật,tự_biên tự diễn giỏi thật,tự_biên tự diễn giỏi thật
Cảm ơn vì đã share,positive,gratitude,2,False,cảm ơn vì đã share,cảm_ơn vì đã share,cảm_ơn vì đã share
thời đi học đúng là vui thật,positive,appreciation,2,False,thời đi học đúng là vui thật,thời đi học đúng là vui thật,thời đi học đúng là vui thật
Bạn có thể chia sẻ link nhóm hỗ trợ không?,neutral,request,1,False,bạn có thể chia sẻ link nhóm hỗ trợ không?,bạn có_thể chia_sẻ link nhóm hỗ_trợ không ?,bạn có_thể chia_sẻ link nhóm hỗ_trợ không ?
Clip này chẳng khác gì trăm clip khác,negative,criticism,0,False,clip này chẳng khác gì trăm clip khác,clip này chẳng khác gì trăm clip khác,clip này chẳng khác gì trăm clip khác
sao cứ phải tag tôi vô mấy cái cap nhạy cảm vậy trời,negative,frustration,0,False,sao cứ phải tag tôi vô mấy cái cap nhạy cảm vậy trời,sao cứ phải tag tôi vô mấy cái cap nhạy_cảm_vậy trời,sao cứ phải tag tôi vô mấy cái cap nhạy_cảm_vậy trời
Không có phản hồi sau khi báo lỗi,negative,complaint,0,False,không có phản hồi sau khi báo lỗi,không có phản_hồi sau khi báo lỗi,không có phản_hồi sau khi báo lỗi
Priorities? I don't know her,negative,misplaced_priorities,0,False,priorities? i don't know her,priorities ? i don ' t know her,priorities ? i don ' t know her
Bạn đang dùng bản cập nhật nào?,neutral,question,1,False,bạn đang dùng bản cập nhật nào?,bạn đang dùng bản cập_nhật nào ?,bạn đang dùng bản cập_nhật nào ?
Hit me up if interested,neutral,contact,1,False,hit me up if interested,hit me up if interested,hit me up if interested
"Không nói nhiều, 10 điểm!",positive,congratulation,2,False,"không nói nhiều, 10 điểm!","không nói nhiều , 10 điểm !","không nói nhiều , 10 điểm !"
Nhìn như con lợn ấy mà cũng lên sóng,toxic,bodyshaming,0,False,nhìn như con lợn ấy mà cũng lên sóng,nhìn như con lợn ấy mà cũng lên sóng,nhìn như con lợn ấy mà cũng lên sóng
xe may chay vao duong cam,negative,criticism,0,False,xe may chay vao duong cam,xe may chay vao duong cam,xe may chay vao duong cam
may nghi khoe cai chan ngan do la ngau lam a?,toxic,insult,0,False,may nghi khoe cai chan ngan do la ngau lam a?,may nghi khoe cai chan ngan do la ngau lam a ?,may nghi khoe cai chan ngan do la ngau lam a ?
"An ninh lỏng lẻo quá, cần sa thải hết đội bảo vệ đi",negative,anger,0,False,"an ninh lỏng lẻo quá, cần sa thải hết đội bảo vệ đi","an_ninh lỏng_lẻo quá , cần_sa_thải hết đội bảo_vệ đi","an_ninh lỏng_lẻo quá , cần_sa_thải hết đội bảo_vệ đi"
Cần thêm góc quay thực tế,neutral,request,1,False,cần thêm góc quay thực tế,cần thêm góc_quay thực_tế,cần thêm góc_quay thực_tế
Có thể mở hộp sản phẩm không bạn?,neutral,request,1,False,có thể mở hộp sản phẩm không bạn?,có_thể mở hộp sản_phẩm không bạn ?,có_thể mở hộp sản_phẩm không bạn ?
clip này chắc quay xong mệt thiệt,neutral,realistic,1,False,clip này chắc quay xong mệt thiệt,clip này chắc quay xong mệt thiệt,clip này chắc quay xong mệt thiệt
Story close friends mà add bừa,toxic,insult,0,False,story close friends mà add bừa,story close friends mà add bừa,story close friends mà add bừa
người lồng tiếng giỏi thật,positive,admiration,2,False,người lồng tiếng giỏi thật,người lồng_tiếng giỏi thật,người lồng_tiếng giỏi thật
may nghi post cai anh do len fb la ai cung khen ha?,toxic,insult,0,True,may nghi post cai anh do len facebook la ai cung khen ha?,may nghi_post cai anh do len facebook la ai cung khen ha ?,may nghi_post cai anh do len fb la ai cung khen ha ?
Nội dung clip rất nhân văn luôn,positive,appreciation,2,False,nội dung clip rất nhân văn luôn,nội_dung clip rất nhân_văn luôn,nội_dung clip rất nhân_văn luôn
10-4,neutral,radio_confirm,1,False,10-4,10 - 4,10 - 4
Đây là sản phẩm mới ra mắt đúng không?,neutral,question,1,False,đây là sản phẩm mới ra mắt đúng không?,đây là sản_phẩm mới ra_mắt đúng không ?,đây là sản_phẩm mới ra_mắt đúng không ?
Bên ngoài chặn nhưng bên trong mở toang,positive,appreciation,2,False,bên ngoài chặn nhưng bên trong mở toang,bên ngoài chặn nhưng bên trong mở_toang,bên ngoài chặn nhưng bên trong mở_toang
may co nghi cai status nay nham nhi the nao khong?,toxic,insult,0,False,may co nghi cai status nay nham nhi the nao khong?,may co nghi cai status nay nham nhi the nao khong ?,may co nghi cai status nay nham nhi the nao khong ?
may nghi post cai anh do len fb la ai cung thich?,toxic,insult,0,True,may nghi post cai anh do len facebook la ai cung thich?,may nghi_post cai anh do len facebook la ai cung thich ?,may nghi_post cai anh do len fb la ai cung thich ?
Không còn niềm tin với shop,negative,disappointment,0,False,không còn niềm tin với shop,không còn niềm tin với shop,không còn niềm tin với shop
"Hok đoán dc, hay xĩu lun!",positive,amazement,2,True,"không đoán dc, hay xĩu lun!","không đoán dc , hay xĩu lun !","hok đoán dc , hay xĩu lun !"
Streamer này nên nghỉ stream đi,toxic,insult,0,False,streamer này nên nghỉ stream đi,streamer này nên nghỉ stream đi,streamer này nên nghỉ stream đi
Coi bao nhiêu lần vẫn cười 😆,positive,excitement,2,False,coi bao nhiêu lần vẫn cười 😆,coi bao_nhiêu lần vẫn cười 😆,coi bao_nhiêu lần vẫn cười 😆
"Ờ, tui sẽ check sau",neutral,acknowledgment,1,False,"ờ, tui sẽ check sau","ờ , tui sẽ check sau","ờ , tui sẽ check sau"
Productivity has left the chat,negative,distraction,0,False,productivity has left the chat,productivity has left the_chat,productivity has left the_chat
order 2 mon giao co 1,negative,complaint,0,False,order 2 mon giao co 1,order 2 mon giao co 1,order 2 mon giao co 1
aye aye captain,neutral,playful_yes,1,True,anh yêu em anh yêu em captain,anh yêu em anh yêu em captain,aye aye captain
mấy bạn có kinh nghiệm thì chỉ thêm cho tụi mình nha,positive,useful,2,False,mấy bạn có kinh nghiệm thì chỉ thêm cho tụi mình nha,mấy bạn có kinh_nghiệm thì chỉ thêm cho tụi mình nha,mấy bạn có kinh_nghiệm thì chỉ thêm cho tụi mình nha
coi kỹ thì giá không cao đâu nha,positive,appreciation,2,False,coi kỹ thì giá không cao đâu nha,coi kỹ thì giá không cao đâu nha,coi kỹ thì giá không cao đâu nha
Video cắt ghép hơi nhiều,negative,criticism,0,False,video cắt ghép hơi nhiều,video cắt ghép hơi nhiều,video cắt ghép hơi nhiều
"Tùy bạn, tui không quan tâm lắm",neutral,indifference,1,False,"tùy bạn, tui không quan tâm lắm","tùy bạn , tui không quan_tâm lắm","tùy bạn , tui không quan_tâm lắm"
đúng là thanh xuân đáng giá nhất,positive,appreciation,2,False,đúng là thanh xuân đáng giá nhất,đúng là thanh_xuân đáng_giá nhất,đúng là thanh_xuân đáng_giá nhất
Chưa có bản cập nhật mới,negative,criticism,0,False,chưa có bản cập nhật mới,chưa có bản cập_nhật mới,chưa có bản cập_nhật mới
Có fame nên nghĩ gì cũng đúng à?,toxic,insult,0,False,có fame nên nghĩ gì cũng đúng à?,có fame nên nghĩ gì cũng đúng à ?,có fame nên nghĩ gì cũng đúng à ?
Game này hay lỗi đăng nhập,negative,complaint,0,False,game này hay lỗi đăng nhập,game này hay lỗi đăng_nhập,game này hay lỗi đăng_nhập
"từng bị trêu vì giọng quê, nên hiểu cảm giác",negative,empathy,0,False,"từng bị trêu vì giọng quê, nên hiểu cảm giác","từng bị trêu vì giọng quê , nên hiểu cảm_giác","từng bị trêu vì giọng quê , nên hiểu cảm_giác"
Totally relate! Tôi hiểu feeling này,positive,empathy,2,False,totally relate! tôi hiểu feeling này,totally relate ! tôi hiểu feeling này,totally relate ! tôi hiểu feeling này
dep trai qua,positive,handsome,2,False,dep trai qua,dep trai qua,dep trai qua
Ảnh authentic self mà fake personality,toxic,insult,0,False,ảnh authentic self mà fake personality,ảnh authentic self mà fake personality,ảnh authentic self mà fake personality
Hàng fake bán giá như hàng auth,toxic,insult,0,False,hàng fake bán giá như hàng auth,hàng fake bán giá_như hàng auth,hàng fake bán giá_như hàng auth
cai cach may comment tren fb nhin la biet vo hoc!,toxic,insult,0,True,cai cach may comment tren facebook nhin la biết vo hoc!,cai cach may comment tren facebook nhin la biết vo hoc !,cai cach may comment tren fb nhin la biet vo hoc !
clip khiến mình nhận ra nhiều thứ trong cuộc sống,positive,realization,2,False,clip khiến mình nhận ra nhiều thứ trong cuộc sống,clip khiến mình nhận ra nhiều thứ trong cuộc_sống,clip khiến mình nhận ra nhiều thứ trong cuộc_sống
vấn đề là người ta vẫn mua đó thôi,positive,appreciation,2,False,vấn đề là người ta vẫn mua đó thôi,vấn_đề là người_ta vẫn mua đó thôi,vấn_đề là người_ta vẫn mua đó thôi
Làm YouTube kiểu này nên nghỉ đi,toxic,insult,0,False,làm youtube kiểu này nên nghỉ đi,làm youtube kiểu này nên nghỉ đi,làm youtube kiểu này nên nghỉ đi
do an nhu chua nau chin,negative,criticism,0,False,do an nhu chua nau chin,do an nhu chua nau chin,do an nhu chua nau chin
"Đm, lừa đảo hả? Đừng tin!",toxic,warning,0,False,"đm, lừa đảo hả? đừng tin!","đm , lừa_đảo hả ? đừng tin !","đm , lừa_đảo hả ? đừng tin !"
vật lý trị liệu mà tim thì yếu dần đều,positive,humor,2,False,vật lý trị liệu mà tim thì yếu dần đều,vật_lý trị_liệu mà tim thì yếu dần đều,vật_lý trị_liệu mà tim thì yếu dần đều
DM is open,neutral,contact,1,True,địt mẹ is open,địt_mẹ is open,dm is open
Họ là minh chứng cho sự tử tế vẫn tồn tại trong kinh doanh,positive,appreciation,2,False,họ là minh chứng cho sự tử tế vẫn tồn tại trong kinh doanh,họ là minh chứng cho sự tử_tế vẫn tồn_tại trong kinh_doanh,họ là minh chứng cho sự tử_tế vẫn tồn_tại trong kinh_doanh
"Dm, tốn time xem cái rác nì!",toxic,curse,0,False,"dm, tốn time xem cái rác nì!","dm , tốn time xem cái rác nì !","dm , tốn time xem cái rác nì !"
Phong cách viết hơi khô khan,negative,style,0,False,phong cách viết hơi khô khan,phong_cách viết hơi khô_khan,phong_cách viết hơi khô_khan
đọc xong cap thấy quắn quéo,positive,emotion,2,False,đọc xong cap thấy quắn quéo,đọc xong cap thấy quắn quéo,đọc xong cap thấy quắn quéo
Exceeded expectations,positive,surpassed,2,False,exceeded expectations,exceeded expectations,exceeded expectations
Sobbing! Khóc nức nở,positive,emotional_response,2,False,sobbing! khóc nức nở,sobbing ! khóc nức_nở,sobbing ! khóc nức_nở
Spoiler alert! Cảnh báo,neutral,warning,1,False,spoiler alert! cảnh báo,spoiler alert ! cảnh_báo,spoiler alert ! cảnh_báo
comfort show,positive,relaxing_content,2,False,comfort show,comfort show,comfort show
"Da xỉn màu, nhìn thiếu sức sống ghê",toxic,bodyshaming,0,False,"da xỉn màu, nhìn thiếu sức sống ghê","da xỉn màu , nhìn thiếu sức_sống ghê","da xỉn màu , nhìn thiếu sức_sống ghê"
Giao hàng về bị thiếu phụ kiện,negative,complaint,0,False,giao hàng về bị thiếu phụ kiện,giao hàng về bị thiếu_phụ_kiện,giao hàng về bị thiếu_phụ_kiện
"Xem giải trí là chính, đừng soi quá",positive,appreciation,2,False,"xem giải trí là chính, đừng soi quá","xem giải_trí là chính , đừng soi quá","xem giải_trí là chính , đừng soi quá"
Chất lượng video này xứng đáng viral!,positive,excellence,2,False,chất lượng video này xứng đáng viral!,chất_lượng video này xứng_đáng viral !,chất_lượng video này xứng_đáng viral !
Bạn update link mua hàng mới giúp mình,neutral,request,1,False,bạn update link mua hàng mới giúp mình,bạn update link mua hàng mới giúp mình,bạn update link mua hàng mới giúp mình
"Clip anh Huy vui, xem xong muốn ăn cơm quê 😄",positive,neutral,2,False,"clip anh huy vui, xem xong muốn ăn cơm quê 😄","clip anh huy vui , xem xong muốn ăn cơm quê 😄","clip anh huy vui , xem xong muốn ăn cơm quê 😄"
Donation mà đọc tên như đuổi khách,toxic,insult,0,False,donation mà đọc tên như đuổi khách,donation mà đọc tên như đuổi khách,donation mà đọc tên như đuổi khách
gây mê bằng ngoại hình có thật á mọi người,positive,joke,2,False,gây mê bằng ngoại hình có thật á mọi người,gây_mê bằng ngoại_hình có thật á mọi người,gây_mê bằng ngoại_hình có thật á mọi người
"Game quá nặng, máy chạy không nổi",negative,complaint,0,False,"game quá nặng, máy chạy không nổi","game quá nặng , máy chạy không nổi","game quá nặng , máy chạy không nổi"
may nghi may la hot trend ma cu khoe tren fb the?,toxic,insult,0,True,may nghi may la hot trend ma cu khoe tren facebook the?,may nghi may la hot_trend ma cu khoe tren facebook the ?,may nghi may la hot_trend ma cu khoe tren fb the ?
Cần xác nhận lại thông tin giao hàng,neutral,request,1,False,cần xác nhận lại thông tin giao hàng,cần xác_nhận lại thông_tin giao hàng,cần xác_nhận lại thông_tin giao hàng
đừng dìm quán khi chưa thử tận nơi,positive,useful,2,False,đừng dìm quán khi chưa thử tận nơi,đừng dìm quán khi chưa thử tận nơi,đừng dìm quán khi chưa thử tận nơi
duong nay cu mua la ngap,negative,complaint,0,False,duong nay cu mua la ngap,duong nay cu mua la ngap,duong nay cu mua la ngap
Bạn có plan làm về topic khác không?,neutral,suggestion,1,False,bạn có plan làm về topic khác không?,bạn có plan làm về topic khác không ?,bạn có plan làm về topic khác không ?
Hệ thống giao tiếp trong game kém quá,negative,criticism,0,False,hệ thống giao tiếp trong game kém quá,hệ_thống giao_tiếp trong game kém quá,hệ_thống giao_tiếp trong game kém quá
đẹp nhưng không biết có học không,neutral,suspicion,1,False,đẹp nhưng không biết có học không,đẹp nhưng không biết có_học không,đẹp nhưng không biết có_học không
mary sue,negative,perfect_character,0,False,mary sue,mary sue,mary sue
Cái mặt tròn như cái mâm luôn,toxic,bodyshaming,0,False,cái mặt tròn như cái mâm luôn,cái mặt tròn như cái mâm luôn,cái mặt tròn như cái mâm luôn
Spoiler alert! Cảnh báo,neutral,warning,1,False,spoiler alert! cảnh báo,spoiler alert ! cảnh_báo,spoiler alert ! cảnh_báo
bây giờ đọc cái gì cũng nghi ngờ hết,negative,doubt,0,False,bây giờ đọc cái gì cũng nghi ngờ hết,bây_giờ đọc cái gì cũng nghi_ngờ hết,bây_giờ đọc cái gì cũng nghi_ngờ hết
Mát thế này cứ như ở Sapa chứ Hà Nội đâu,positive,humor,2,False,mát thế này cứ như ở sapa chứ hà nội đâu,mát thế này cứ như ở sapa chứ hà_nội đâu,mát thế này cứ như ở sapa chứ hà_nội đâu
"Xạo quá, đừng đăng tin giả nha!",negative,warning,0,False,"xạo quá, đừng đăng tin giả nha!","xạo quá , đừng đăng tin giả nha !","xạo quá , đừng đăng tin giả nha !"
"Sáng tạo vãi, lần đầu thấy luôn!",positive,originality,2,False,"sáng tạo vãi, lần đầu thấy luôn!","sáng_tạo vãi , lần đầu thấy luôn !","sáng_tạo vãi , lần đầu thấy luôn !"
Bạn có livestream không vậy?,neutral,question,1,False,bạn có livestream không vậy?,bạn có livestream không vậy ?,bạn có livestream không vậy ?
"Coi clip thấy ông này hành động kỳ kỳ, chắc bệnh thật",neutral,neutral,1,False,"coi clip thấy ông này hành động kỳ kỳ, chắc bệnh thật","coi clip thấy ông này hành_động kỳ kỳ , chắc bệnh thật","coi clip thấy ông này hành_động kỳ kỳ , chắc bệnh thật"
ai có tips bảo mật gì thì chia sẻ đi ạ,positive,useful,2,False,ai có tips bảo mật gì thì chia sẻ đi ạ,ai có tips bảo_mật gì thì chia_sẻ đi ạ,ai có tips bảo_mật gì thì chia_sẻ đi ạ
hồi nhỏ hay tưởng tượng mấy cảnh kiểu này,positive,childhood,2,False,hồi nhỏ hay tưởng tượng mấy cảnh kiểu này,hồi nhỏ hay tưởng_tượng mấy cảnh kiểu này,hồi nhỏ hay tưởng_tượng mấy cảnh kiểu này
Đồ khốn nạn!,toxic,curse,0,False,đồ khốn nạn!,đồ khốn_nạn !,đồ khốn_nạn !
"Tâm thần sao tự đi được tới lăng, nghi lắm",toxic,sarcasm,0,False,"tâm thần sao tự đi được tới lăng, nghi lắm","tâm_thần sao tự đi được tới lăng , nghi lắm","tâm_thần sao tự đi được tới lăng , nghi lắm"
tui mà không comment là không chịu nổi,positive,compulsion,2,False,tui mà không comment là không chịu nổi,tui mà không comment là không chịu nổi,tui mà không comment là không chịu nổi
Không thích cách nhà phát hành vận hành game,negative,criticism,0,False,không thích cách nhà phát hành vận hành game,không thích cách nhà phát_hành vận_hành game,không thích cách nhà phát_hành vận_hành game
Streamer fake personality kinh khủng,toxic,insult,0,False,streamer fake personality kinh khủng,streamer fake personality kinh_khủng,streamer fake personality kinh_khủng
"Nhìn anh mà xót, ai giúp được thì giúp đi",positive,neutral,2,False,"nhìn anh mà xót, ai giúp được thì giúp đi","nhìn anh mà xót , ai giúp được thì giúp đi","nhìn anh mà xót , ai giúp được thì giúp đi"
Tôi đây! Present,neutral,attendance,1,False,tôi đây! present,tôi đây ! present,tôi đây ! present
sao may cu khoe cai bung mo do tren fb vay?,toxic,insult,0,True,sao may cu khoe cai bung mo do tren facebook vay?,sao may cu khoe cai bung mo do tren facebook vay ?,sao may cu khoe cai bung mo do tren fb vay ?
Hứa giao nhanh mà chờ đến già,toxic,insult,0,False,hứa giao nhanh mà chờ đến già,hứa giao nhanh mà chờ đến già,hứa giao nhanh mà chờ đến già
exactly! chinh xac lun,positive,strong_agreement,2,False,exactly! chinh xac lun,exactly ! chinh xac lun,exactly ! chinh xac lun
clip nay co edit gi khong vay?,neutral,question,1,False,clip nay co edit gi khong vay?,clip nay co edit gi khong vay ?,clip nay co edit gi khong vay ?
Anyone here?,neutral,question,1,False,anyone here?,anyone here ?,anyone here ?
"Xàm quá, phí mấy phút cuộc đời",toxic,insult,0,False,"xàm quá, phí mấy phút cuộc đời","xàm quá , phí mấy phút cuộc_đời","xàm quá , phí mấy phút cuộc_đời"
một pha bẻ lái cực gắt,positive,plot\_twist,2,False,một pha bẻ lái cực gắt,một pha bẻ lái cực gắt,một pha bẻ lái cực gắt
"Quá hay, tui mê nội dung của bạn luôn!",positive,admiration,2,False,"quá hay, tui mê nội dung của bạn luôn!","quá hay , tui mê nội_dung của bạn luôn !","quá hay , tui mê nội_dung của bạn luôn !"
Truyện anh cầm giống Doraemon movie 70 quá 😄,neutral,humor,1,False,truyện anh cầm giống doraemon movie 70 quá 😄,truyện anh cầm giống doraemon movie 70 quá 😄,truyện anh cầm giống doraemon movie 70 quá 😄
Chơi vài ván là chán ngay,negative,disappointment,0,False,chơi vài ván là chán ngay,chơi vài ván là chán ngay,chơi vài ván là chán ngay
"Cơm quê giá cổng trời, ăn xong hết ví 😭",negative,sarcasm,0,False,"cơm quê giá cổng trời, ăn xong hết ví 😭","cơm quê giá cổng trời , ăn xong hết ví 😭","cơm quê giá cổng trời , ăn xong hết ví 😭"
"Không thích nhạc nền, nghe hơi ồn",negative,criticism,0,False,"không thích nhạc nền, nghe hơi ồn","không thích nhạc nền , nghe hơi ồn","không thích nhạc nền , nghe hơi ồn"
Không bắt trend nổi nữa rồi,negative,criticism,0,False,không bắt trend nổi nữa rồi,không bắt trend nổi nữa rồi,không bắt trend nổi nữa rồi
Bạn thấy dịch vụ hậu mãi thế nào?,neutral,question,1,False,bạn thấy dịch vụ hậu mãi thế nào?,bạn thấy dịch_vụ hậu_mãi thế_nào ?,bạn thấy dịch_vụ hậu_mãi thế_nào ?
tui lưu clip lại để xem mỗi khi mệt mỏi,positive,comfort,2,False,tui lưu clip lại để xem mỗi khi mệt mỏi,tui lưu clip lại để xem mỗi khi mệt_mỏi,tui lưu clip lại để xem mỗi khi mệt_mỏi
Mấy ông mạnh thường quân cho xin info giúp anh này đi,neutral,question,1,False,mấy ông mạnh thường quân cho xin info giúp anh này đi,mấy ông mạnh thường quân cho xin info giúp anh này đi,mấy ông mạnh thường quân cho xin info giúp anh này đi
mỗi lần thấy clip học đường là lại muốn quay lại tuổi học trò,positive,nostalgia,2,False,mỗi lần thấy clip học đường là lại muốn quay lại tuổi học trò,mỗi lần thấy clip học_đường là lại muốn quay lại tuổi học_trò,mỗi lần thấy clip học_đường là lại muốn quay lại tuổi học_trò
Không hiểu ý nghĩa video là gì,negative,criticism,0,False,không hiểu ý nghĩa video là gì,không hiểu ý_nghĩa video là gì,không hiểu ý_nghĩa video là gì
muốn lưu cái clip này để gửi lúc cãi nhau,positive,humor,2,False,muốn lưu cái clip này để gửi lúc cãi nhau,muốn lưu cái clip này để gửi lúc cãi nhau,muốn lưu cái clip này để gửi lúc cãi nhau
Shop chỉ biết lấy tiền chạy,toxic,insult,0,False,shop chỉ biết lấy tiền chạy,shop chỉ biết lấy tiền chạy,shop chỉ biết lấy tiền chạy
may nghi may la ai ma di cong kich nguoi khac the?,toxic,insult,0,True,may nghi may la ai ma di cong kich người khac the?,may nghi may la ai ma_di_cong kich người khac the ?,may nghi may la ai ma_di_cong kich nguoi khac the ?
"Không hợp gu tui, lướt qua thôi",negative,personal_preference,0,False,"không hợp gu tui, lướt qua thôi","không hợp gu tui , lướt qua thôi","không hợp gu tui , lướt qua thôi"
may nghi may la ai ma di noi xau nguoi khac the?,toxic,insult,0,True,may nghi may la ai ma di noi xau người khac the?,may nghi may la ai ma_di_noi xau người khac the ?,may nghi may la ai ma_di_noi xau nguoi khac the ?
Video dài dòng quá,negative,criticism,0,False,video dài dòng quá,video dài_dòng quá,video dài_dòng quá
"Cũng bình thường, không có gì đặc biệt",neutral,mediocre,1,False,"cũng bình thường, không có gì đặc biệt","cũng bình_thường , không có gì đặc_biệt","cũng bình_thường , không có gì đặc_biệt"
một tác phẩm đẹp từ hình đến tâm,positive,soulful,2,False,một tác phẩm đẹp từ hình đến tâm,một tác_phẩm đẹp từ hình đến tâm,một tác_phẩm đẹp từ hình đến tâm
Có ai biết lạnh thế này đến bao giờ?,neutral,question,1,False,có ai biết lạnh thế này đến bao giờ?,có ai biết lạnh thế này đến bao_giờ ?,có ai biết lạnh thế này đến bao_giờ ?
Thả thính mà không ai care,toxic,insult,0,False,thả thính mà không ai care,thả thính mà không ai care,thả thính mà không ai care
Bối cảnh nhìn dễ thương ghê,positive,compliment,2,False,bối cảnh nhìn dễ thương ghê,bối_cảnh nhìn dễ_thương ghê,bối_cảnh nhìn dễ_thương ghê
Bạn update sản phẩm thường xuyên không?,neutral,question,1,False,bạn update sản phẩm thường xuyên không?,bạn update sản_phẩm thường_xuyên không ?,bạn update sản_phẩm thường_xuyên không ?
Inspiring quá! Động lực lắm,positive,inspiration,2,False,inspiring quá! động lực lắm,inspiring quá ! động_lực lắm,inspiring quá ! động_lực lắm
Xin thông tin để hỗ trợ gia đình anh này,neutral,question,1,False,xin thông tin để hỗ trợ gia đình anh này,xin thông_tin để hỗ_trợ gia_đình anh này,xin thông_tin để hỗ_trợ gia_đình anh này
clip này gợi nhớ ký ức mơ hồ ghê,positive,nostalgia,2,False,clip này gợi nhớ ký ức mơ hồ ghê,clip này gợi nhớ ký_ức mơ_hồ ghê,clip này gợi nhớ ký_ức mơ_hồ ghê
"Nhìn anh mà thương, xót quá",positive,neutral,2,False,"nhìn anh mà thương, xót quá","nhìn anh mà thương , xót quá","nhìn anh mà thương , xót quá"
Stream mà multi-task như không tập trung,toxic,insult,0,False,stream mà multi-task như không tập trung,stream mà multi - task như_không tập_trung,stream mà multi - task như_không tập_trung
"Đoạn này hơi nhanh, tôi xem chưa kịp",neutral,statement,1,False,"đoạn này hơi nhanh, tôi xem chưa kịp","đoạn này hơi nhanh , tôi xem chưa kịp","đoạn này hơi nhanh , tôi xem chưa kịp"
nếu không có người lồng tiếng chắc phim mất hay,positive,appreciation,2,False,nếu không có người lồng tiếng chắc phim mất hay,nếu không có người lồng_tiếng chắc phim mất hay,nếu không có người lồng_tiếng chắc phim mất hay
cai clip nay nhin ma chi muon bo qua ngay!,toxic,insult,0,False,cai clip nay nhin ma chi muon bo qua ngay!,cai clip nay nhin ma chi muon bo qua ngay !,cai clip nay nhin ma chi muon bo qua ngay !
Post ảnh cooking mà món ăn nhìn thảm họa,toxic,insult,0,False,post ảnh cooking mà món ăn nhìn thảm họa,post ảnh cooking mà món ăn nhìn thảm_họa,post ảnh cooking mà món ăn nhìn thảm_họa
Donation mà không fulfill promises,toxic,insult,0,False,donation mà không fulfill promises,donation mà không fulfill promises,donation mà không fulfill promises
may nghi cai voc dang lo xuong do la dep a?,toxic,insult,0,False,may nghi cai voc dang lo xuong do la dep a?,may nghi cai voc dang lo xuong do la dep a ?,may nghi cai voc dang lo xuong do la dep a ?
first impressions,neutral,initial_thoughts,1,False,first impressions,first impressions,first impressions
"Hint thôi, đừng nói rõ",neutral,request,1,False,"hint thôi, đừng nói rõ","hint thôi , đừng nói rõ","hint thôi , đừng nói rõ"
Có ai gặp tình trạng giống tôi không?,neutral,question,1,False,có ai gặp tình trạng giống tôi không?,có ai gặp tình_trạng giống tôi không ?,có ai gặp tình_trạng giống tôi không ?
ai đó tạo playlist giọng lồng Doraemon đi,neutral,suggestion,1,False,ai đó tạo playlist giọng lồng doraemon đi,ai đó tạo playlist giọng lồng doraemon đi,ai đó tạo playlist giọng lồng doraemon đi
Ai biết stk anh này thì share nha,neutral,question,1,True,ai biết số tài khoản anh này thì share nha,ai biết số tài_khoản anh này thì share nha,ai biết stk anh này thì share nha
tưởng nghệ sĩ thì làm đồ ăn ngon ai ngờ đâu...,negative,expectation,0,False,tưởng nghệ sĩ thì làm đồ ăn ngon ai ngờ đâu...,tưởng nghệ_sĩ thì làm đồ ăn ngon ai ngờ_đâu ...,tưởng nghệ_sĩ thì làm đồ ăn ngon ai ngờ_đâu ...
Chờ video mới,neutral,statement,1,False,chờ video mới,chờ video mới,chờ video mới
Responsible adult? Not today,negative,irresponsibility,0,False,responsible adult? not today,responsible adult ? not today,responsible adult ? not today
xe khach dung bat ngo giua duong,negative,complaint,0,False,xe khach dung bat ngo giua duong,xe khach dung bat ngo giua duong,xe khach dung bat ngo giua duong
Thời tiết thế này đúng chuẩn để đi cafe Hà Nội,positive,neutral,2,False,thời tiết thế này đúng chuẩn để đi cafe hà nội,thời_tiết thế này đúng chuẩn để đi cafe hà_nội,thời_tiết thế này đúng chuẩn để đi cafe hà_nội
"Chủ đề này đang rất hot, cảm ơn bạn đã viết",positive,trending,2,False,"chủ đề này đang rất hot, cảm ơn bạn đã viết","chủ_đề này đang rất hot , cảm_ơn bạn đã viết","chủ_đề này đang rất hot , cảm_ơn bạn đã viết"
Bạn có thể hướng dẫn cài app không?,neutral,request,1,False,bạn có thể hướng dẫn cài app không?,bạn có_thể hướng_dẫn cài app không ?,bạn có_thể hướng_dẫn cài app không ?
may nghi minh la hotface ma cu viet status the?,toxic,insult,0,False,may nghi minh la hotface ma cu viet status the?,may nghi minh la hotface ma cu viet status the ?,may nghi minh la hotface ma cu viet status the ?
"Xúc động quá, khóc luôn!",positive,emotional,2,False,"xúc động quá, khóc luôn!","xúc_động quá , khóc luôn !","xúc_động quá , khóc luôn !"
Delivered! Giao hàng đúng hẹn,positive,fulfillment,2,False,delivered! giao hàng đúng hẹn,delivered ! giao hàng đúng hẹn,delivered ! giao hàng đúng hẹn
cai cach may viet status nhin la biet thieu i ot!,toxic,insult,0,True,cai cach may viet status nhin la biết thieu i ot!,cai cach may viet status nhin la biết thieu i ot !,cai cach may viet status nhin la biet thieu i ot !
"Phá hoại di sản thì phải đi tù, tâm thần cũng vậy",negative,anger,0,False,"phá hoại di sản thì phải đi tù, tâm thần cũng vậy","phá_hoại di_sản thì phải đi tù , tâm_thần cũng vậy","phá_hoại di_sản thì phải đi tù , tâm_thần cũng vậy"
Thấy cái bụng là muốn né xa 10 mét,toxic,bodyshaming,0,False,thấy cái bụng là muốn né xa 10 mét,thấy cái bụng là muốn né xa 10 mét,thấy cái bụng là muốn né xa 10 mét
Không biết sao lại lên trending,negative,criticism,0,False,không biết sao lại lên trending,không biết sao lại lên trending,không biết sao lại lên trending
clip co thoi luong bao nhieu?,neutral,question,1,False,clip co thoi luong bao nhieu?,clip co thoi luong bao nhieu ?,clip co thoi luong bao nhieu ?
Tui FA mà xem cái này buồn ghê,negative,loneliness,0,False,tui fa mà xem cái này buồn ghê,tui fa mà xem cái này buồn_ghê,tui fa mà xem cái này buồn_ghê
Không thấy hài chút nào luôn,negative,disappointment,0,False,không thấy hài chút nào luôn,không thấy hài chút nào luôn,không thấy hài chút nào luôn
"Ngồi lên ngai vàng xong phá, chắc nghĩ mình là Tôn Ngộ Không",neutral,humor,1,False,"ngồi lên ngai vàng xong phá, chắc nghĩ mình là tôn ngộ không","ngồi lên ngai vàng xong phá , chắc nghĩ mình là tôn ngộ không","ngồi lên ngai vàng xong phá , chắc nghĩ mình là tôn ngộ không"
Ai biết thông tin hỗ trợ thì nhắn tui với,neutral,question,1,False,ai biết thông tin hỗ trợ thì nhắn tui với,ai biết thông_tin hỗ_trợ thì nhắn tui với,ai biết thông_tin hỗ_trợ thì nhắn tui với
Farm 200 CS trong 30 phút,toxic,insult,0,False,farm 200 cs trong 30 phút,farm 200 cs trong 30 phút,farm 200 cs trong 30 phút
Thích cách bạn trình bày thông tin,neutral,statement,1,False,thích cách bạn trình bày thông tin,thích cách bạn trình_bày thông_tin,thích cách bạn trình_bày thông_tin
Streamer fake accent nghe khó chịu,toxic,insult,0,False,streamer fake accent nghe khó chịu,streamer fake accent nghe khó_chịu,streamer fake accent nghe khó_chịu
Mặt nổi đầy mụn mà vẫn thích make up,toxic,bodyshaming,0,False,mặt nổi đầy mụn mà vẫn thích make up,mặt nổi đầy mụn mà vẫn thích make up,mặt nổi đầy mụn mà vẫn thích make up
mọi thứ đều lấp lánh trừ bài giảng,negative,distraction,0,False,mọi thứ đều lấp lánh trừ bài giảng,mọi thứ đều lấp_lánh trừ bài giảng,mọi thứ đều lấp_lánh trừ bài giảng
Đây là clip truyền cảm hứng nhất hôm nay,positive,appreciation,2,False,đây là clip truyền cảm hứng nhất hôm nay,đây là clip truyền_cảm_hứng nhất hôm_nay,đây là clip truyền_cảm_hứng nhất hôm_nay
"Tội ông này, chắc bệnh tâm thần thật",positive,neutral,2,False,"tội ông này, chắc bệnh tâm thần thật","tội ông này , chắc bệnh tâm_thần thật","tội ông này , chắc bệnh tâm_thần thật"
sao may khong biet minh dang lam tro tren fb?,toxic,insult,0,True,sao may khong biết minh dang lam tro tren fb?,sao may khong biết minh dang lam tro tren fb ?,sao may khong biet minh dang lam tro tren fb ?
video nay duoc quay bao nhieu phut?,neutral,question,1,False,video nay duoc quay bao nhieu phut?,video nay duoc quay bao nhieu phut ?,video nay duoc quay bao nhieu phut ?
"Không hợp gu tui, bỏ qua thôi",negative,personal_preference,0,False,"không hợp gu tui, bỏ qua thôi","không hợp gu tui , bỏ_qua thôi","không hợp gu tui , bỏ_qua thôi"
I'm not ready for spoilers,neutral,not_ready,1,False,i'm not ready for spoilers,i ' m not ready for spoilers,i ' m not ready for spoilers
sao may dam khoe cai chan cong queo do tren fb?,toxic,insult,0,False,sao may dam khoe cai chan cong queo do tren fb?,sao may dam khoe cai chan cong_queo do tren fb ?,sao may dam khoe cai chan cong_queo do tren fb ?
Lúc đầu tưởng xấu mà hóa ra dễ thương 😍,positive,appreciation,2,False,lúc đầu tưởng xấu mà hóa ra dễ thương 😍,lúc đầu tưởng xấu mà_hóa ra dễ_thương 😍,lúc đầu tưởng xấu mà_hóa ra dễ_thương 😍
"Không như kỳ vọng, hơi thất vọng",negative,disappointment,0,False,"không như kỳ vọng, hơi thất vọng","không như kỳ_vọng , hơi thất_vọng","không như kỳ_vọng , hơi thất_vọng"
Bạn là ví dụ cho sự thất bại,toxic,insult,0,False,bạn là ví dụ cho sự thất bại,bạn là ví_dụ cho sự thất_bại,bạn là ví_dụ cho sự thất_bại
cái vibe học đường dễ thương cực,positive,appreciation,2,False,cái vibe học đường dễ thương cực,cái vibe học_đường dễ_thương cực,cái vibe học_đường dễ_thương cực
eye candy,positive,visually_pleasing,2,False,eye candy,eye candy,eye candy
Cần luật nghiêm hơn cho mấy vụ này,negative,suggestion,0,False,cần luật nghiêm hơn cho mấy vụ này,cần luật nghiêm hơn cho mấy vụ này,cần luật nghiêm hơn cho mấy vụ này
Nhẹ nhàng mà sâu sắc nha,positive,appreciation,2,False,nhẹ nhàng mà sâu sắc nha,nhẹ_nhàng mà sâu_sắc nha,nhẹ_nhàng mà sâu_sắc nha
"Nội dung hơi nhạt, khó theo dõi",negative,criticism,0,False,"nội dung hơi nhạt, khó theo dõi","nội_dung hơi nhạt , khó theo_dõi","nội_dung hơi nhạt , khó theo_dõi"
Privileged much?,negative,privilege,0,False,privileged much?,privileged much ?,privileged much ?
may co biet minh nhin te the tren fb khong?,toxic,insult,0,True,may co biết minh nhin te the tren facebook khong?,may co biết minh nhin te the tren facebook khong ?,may co biet minh nhin te the tren fb khong ?
thach dai nhai hoai,negative,criticism,0,False,thach dai nhai hoai,thach dai nhai hoai,thach dai nhai hoai
may co biet cai status nay nham nhi ra sao khong?,toxic,insult,0,True,may co biết cai status nay nham nhi ra sao khong?,may co biết cai status nay nham nhi ra sao khong ?,may co biet cai status nay nham nhi ra sao khong ?
plot armor,positive,protected_status,2,False,plot armor,plot armor,plot armor
Cần thông tin thêm về phụ kiện đi kèm,neutral,request,1,False,cần thông tin thêm về phụ kiện đi kèm,cần thông_tin thêm về phụ_kiện đi kèm,cần thông_tin thêm về phụ_kiện đi kèm
ủng hộ Đèo Cả 100%.\ncòn ông kia thôi thua. 80 năm không bằng 8 năm,positive,useful,2,False,ủng hộ đèo cả 100%.\ncòn ông kia thôi thua. 80 năm không bằng 8 năm,ủng_hộ đèo cả 100 % . \ ncòn ông kia thôi thua . 80 năm không bằng 8 năm,ủng_hộ đèo cả 100 % . \ ncòn ông kia thôi thua . 80 năm không bằng 8 năm
Giao hàng chậm như thế kỷ trước,toxic,insult,0,False,giao hàng chậm như thế kỷ trước,giao hàng chậm như thế_kỷ trước,giao hàng chậm như thế_kỷ trước
mấy đứa hay bảo chỉ là bạn đâu hết rồi?,toxic,teasing,0,False,mấy đứa hay bảo chỉ là bạn đâu hết rồi?,mấy đứa hay bảo chỉ là bạn đâu hết rồi ?,mấy đứa hay bảo chỉ là bạn đâu hết rồi ?
cai status do ma may cung dam viet len fb a?,toxic,insult,0,True,cai status do ma may cung dam viet len facebook a?,cai status do ma may cung dam viet len facebook a ?,cai status do ma may cung dam viet len fb a ?
may co biet cai livestream do nhin te ra sao?,toxic,insult,0,True,may co biết cai livestream do nhin te ra sao?,may co biết cai livestream do nhin te ra sao ?,may co biet cai livestream do nhin te ra sao ?
nghe phát nhận ra liền luôn,positive,familiarity,2,False,nghe phát nhận ra liền luôn,nghe phát nhận ra liền luôn,nghe phát nhận ra liền luôn
Quán cơm quê dượng bầu đúng là số 1 😎,positive,neutral,2,False,quán cơm quê dượng bầu đúng là số 1 😎,quán cơm quê dượng bầu đúng là số 1 😎,quán cơm quê dượng bầu đúng là số 1 😎
Dượng bầu vắt view cơm quê tới khô luôn 😂,neutral,humor,1,False,dượng bầu vắt view cơm quê tới khô luôn 😂,dượng bầu vắt view cơm quê tới khô luôn 😂,dượng bầu vắt view cơm quê tới khô luôn 😂
Tôi cảm thấy hơi thất vọng,negative,disappointment,0,False,tôi cảm thấy hơi thất vọng,tôi cảm_thấy hơi thất_vọng,tôi cảm_thấy hơi thất_vọng
Quán cơm quê này chắc nằm trên mặt trăng 😆,neutral,humor,1,False,quán cơm quê này chắc nằm trên mặt trăng 😆,quán cơm quê này chắc nằm trên mặt_trăng 😆,quán cơm quê này chắc nằm trên mặt_trăng 😆
may co biet cai cach an mac do nhin re tien?,toxic,insult,0,True,may co biết cai cach an mac do nhin re tien?,may co biết cai cach an mac do nhin re tien ?,may co biet cai cach an mac do nhin re tien ?
"Ngại giùm luôn, awkward vcl!",negative,awkward,0,False,"ngại giùm luôn, awkward vcl!","ngại giùm luôn , awkward vcl !","ngại giùm luôn , awkward vcl !"
Mind blown! Sốc não,positive,amazement,2,False,mind blown! sốc não,mind blown ! sốc não,mind blown ! sốc não
Đúng kiểu thích gây chú ý,toxic,insult,0,False,đúng kiểu thích gây chú ý,đúng kiểu thích gây chú_ý,đúng kiểu thích gây chú_ý
Orb walking như robot hỏng,toxic,insult,0,False,orb walking như robot hỏng,orb walking như robot hỏng,orb walking như robot hỏng
Shop lừa đảo không khác gì tội phạm,toxic,insult,0,False,shop lừa đảo không khác gì tội phạm,shop lừa_đảo không khác gì tội_phạm,shop lừa_đảo không khác gì tội_phạm
cai cach may noi chuyen tren fb nghe ghe qua ha?,toxic,insult,0,True,cai cach may noi chuyen tren facebook nghe ghe qua ha?,cai cach may noi chuyen tren facebook nghe ghe qua ha ?,cai cach may noi chuyen tren fb nghe ghe qua ha ?
Nhận hàng muốn ném luôn,toxic,insult,0,False,nhận hàng muốn ném luôn,nhận hàng muốn ném luôn,nhận hàng muốn ném luôn
do an man kinh khung,negative,complaint,0,False,do an man kinh khung,do an man kinh khung,do an man kinh khung
"Oke b ơi, t hỉu rùi!",neutral,acknowledgment,1,False,"oke b ơi, t hỉu rùi!","oke b ơi , t hỉu rùi !","oke b ơi , t hỉu rùi !"
Thấy anh Huy giống nhân viên quán cơm quê luôn 😄,neutral,humor,1,False,thấy anh huy giống nhân viên quán cơm quê luôn 😄,thấy anh huy giống nhân_viên quán cơm quê luôn 😄,thấy anh huy giống nhân_viên quán cơm quê luôn 😄
tự nhiên thấy nhớ người cũ ghê,positive,nostalgia,2,False,tự nhiên thấy nhớ người cũ ghê,tự_nhiên thấy nhớ người cũ ghê,tự_nhiên thấy nhớ người cũ ghê
Mình sẽ áp dụng thử cách bạn nói,positive,useful,2,False,mình sẽ áp dụng thử cách bạn nói,mình sẽ áp_dụng thử cách bạn nói,mình sẽ áp_dụng thử cách bạn nói
người ta bán vậy là đúng giá trị rồi,positive,appreciation,2,False,người ta bán vậy là đúng giá trị rồi,người_ta bán vậy là đúng giá_trị rồi,người_ta bán vậy là đúng giá_trị rồi
Xin thông tin hỗ trợ gia đình anh này với mọi người ơi,neutral,question,1,False,xin thông tin hỗ trợ gia đình anh này với mọi người ơi,xin thông_tin hỗ_trợ gia_đình anh này với mọi người ơi,xin thông_tin hỗ_trợ gia_đình anh này với mọi người ơi
xem xong mà tim đập nhanh luôn,positive,intense,2,False,xem xong mà tim đập nhanh luôn,xem xong mà tim đập nhanh luôn,xem xong mà tim đập nhanh luôn
Đúng là thời đại vàng son của lồng tiếng,positive,appreciation,2,False,đúng là thời đại vàng son của lồng tiếng,đúng là thời_đại vàng_son của lồng_tiếng,đúng là thời_đại vàng_son của lồng_tiếng
video nay dang buoi toi ha?,neutral,question,1,False,video nay dang buoi toi ha?,video nay dang buoi toi ha ?,video nay dang buoi toi ha ?
Các bản cập nhật ngày càng tệ,negative,criticism,0,False,các bản cập nhật ngày càng tệ,các bản cập_nhật ngày_càng tệ,các bản cập_nhật ngày_càng tệ
bác sĩ gì mà ngầu dữ vậy trời,positive,impression,2,False,bác sĩ gì mà ngầu dữ vậy trời,bác_sĩ gì mà ngầu dữ_vậy trời,bác_sĩ gì mà ngầu dữ_vậy trời
Ê bài hát gì mà ko biến được mùa hạ thành đông nhỉ,neutral,question,1,True,ê bài hát gì mà không biến được mùa hạ thành đông nhỉ,ê bài hát gì mà không biến được mùa hạ thành đông nhỉ,ê bài hát gì mà ko biến được mùa hạ thành đông nhỉ
Mình cũng từng trải qua điều này,positive,empathy,2,False,mình cũng từng trải qua điều này,mình cũng từng trải qua điều này,mình cũng từng trải qua điều này
Don't ruin it for others,neutral,consideration,1,False,don't ruin it for others,don ' t ruin it for others,don ' t ruin it for others
Cringe quá! Không chịu được,negative,cringe,0,False,cringe quá! không chịu được,cringe quá ! không chịu được,cringe quá ! không chịu được
nếu cho tui thử chắc fail quá 😅,neutral,humor,1,False,nếu cho tui thử chắc fail quá 😅,nếu cho tui thử chắc fail quá 😅,nếu cho tui thử chắc fail quá 😅
Nội dung chất lượng nè,positive,compliment,2,False,nội dung chất lượng nè,nội_dung chất_lượng nè,nội_dung chất_lượng nè
ban co the chia se cong thuc duoc khong?,neutral,request,1,False,ban co the chia se cong thuc duoc khong?,ban co the chia se cong thuc duoc khong ?,ban co the chia se cong thuc duoc khong ?
xe may chay len via he nhu cho khong nguoi,negative,criticism,0,True,xe may chay len via he nhu cho khong người,xe may chay len via he nhu cho khong người,xe may chay len via he nhu cho khong nguoi
"nham vc, clip chang co j hay",negative,criticism,0,True,"nham vc, clip chang co gì hay","nham vc , clip chang co gì hay","nham vc , clip chang co j hay"
"tui thấy vậy là được rồi, không đắt đâu",positive,appreciation,2,False,"tui thấy vậy là được rồi, không đắt đâu","tui thấy vậy là được rồi , không đắt đâu","tui thấy vậy là được rồi , không đắt đâu"
Draft strategy như đùa,toxic,insult,0,False,draft strategy như đùa,draft strategy như đùa,draft strategy như đùa
"Bài viết hay, nhưng hơi dài",negative,mixed_feedback,0,False,"bài viết hay, nhưng hơi dài","bài viết hay , nhưng hơi dài","bài viết hay , nhưng hơi dài"
Shop không biết điều là gì,toxic,insult,0,False,shop không biết điều là gì,shop không biết_điều là gì,shop không biết_điều là gì
chắc là Đà Lạt có phép thuật,positive,joke,2,False,chắc là đà lạt có phép thuật,chắc là_đà lạt có phép_thuật,chắc là_đà lạt có phép_thuật
Toàn là phốt mà còn bày đặt dạy đời,toxic,insult,0,False,toàn là phốt mà còn bày đặt dạy đời,toàn là phốt mà còn bày_đặt dạy_đời,toàn là phốt mà còn bày_đặt dạy_đời
Spoiler-free zone here,neutral,preference,1,False,spoiler-free zone here,spoiler - free zone here,spoiler - free zone here
clip bi dung giua chang hieu gi,negative,criticism,0,False,clip bi dung giua chang hieu gi,clip bi dung giua chang hieu gi,clip bi dung giua chang hieu gi
Much respect cho dedication này,positive,respect,2,False,much respect cho dedication này,much respect cho dedication này,much respect cho dedication này
Nhạc nền nì là bài gì zậy?,neutral,question,1,False,nhạc nền nì là bài gì zậy?,nhạc nền nì là bài gì zậy ?,nhạc nền nì là bài gì zậy ?
nghe am thanh an gion ghe,neutral,statement,1,False,nghe am thanh an gion ghe,nghe am thanh an gion ghe,nghe am thanh an gion ghe
Bụng phệ mà cứ thích diện đồ bó sát,toxic,bodyshaming,0,False,bụng phệ mà cứ thích diện đồ bó sát,bụng phệ mà cứ thích diện đồ bó sát,bụng phệ mà cứ thích diện đồ bó sát
Cliche! Sáo rỗng,negative,cliche,0,False,cliche! sáo rỗng,cliche ! sáo_rỗng,cliche ! sáo_rỗng
sao may cu thich khoe cai mat xau xi do tren fb?,toxic,insult,0,True,sao may cu thích khoe cai mat xau xi do tren fb?,sao may cu thích khoe cai mat xau xi do tren fb ?,sao may cu thich khoe cai mat xau xi do tren fb ?
chốt lại là ai cũng đáng yêu hết,positive,conclusion,2,False,chốt lại là ai cũng đáng yêu hết,chốt lại là ai cũng đáng yêu hết,chốt lại là ai cũng đáng yêu hết
may nghi cai voc dang lo xuong do la chat lam a?,toxic,insult,0,False,may nghi cai voc dang lo xuong do la chat lam a?,may nghi cai voc dang lo xuong do la chat lam a ?,may nghi cai voc dang lo xuong do la chat lam a ?
xem xong tự nhiên mệt chung luôn á,positive,relatable,2,False,xem xong tự nhiên mệt chung luôn á,xem xong tự_nhiên mệt chung luôn á,xem xong tự_nhiên mệt chung luôn á
Gank mà chỉ feed thêm kill,toxic,insult,0,False,gank mà chỉ feed thêm kill,gank mà chỉ feed thêm kill,gank mà chỉ feed thêm kill
tam on,neutral,mediocre,1,False,tam on,tam on,tam on
Xem xong chẳng muốn like,negative,disappointment,0,False,xem xong chẳng muốn like,xem xong chẳng muốn like,xem xong chẳng muốn like
Xem mà muốn unfollow luôn,toxic,insult,0,False,xem mà muốn unfollow luôn,xem mà muốn unfollow luôn,xem mà muốn unfollow luôn
OTP của tôi đây!,positive,shipping,2,False,otp của tôi đây!,otp của tôi đây !,otp của tôi đây !
Có warranty không?,neutral,inquiry,1,False,có warranty không?,có warranty không ?,có warranty không ?
Ảnh shopping haul mà đồ nhái,toxic,insult,0,False,ảnh shopping haul mà đồ nhái,ảnh shopping haul mà_đồ nhái,ảnh shopping haul mà_đồ nhái
Sản phẩm này dùng cho ai?,neutral,question,1,False,sản phẩm này dùng cho ai?,sản_phẩm này dùng cho ai ?,sản_phẩm này dùng cho ai ?
Không cảm nhận được ý nghĩa video,negative,criticism,0,False,không cảm nhận được ý nghĩa video,không cảm_nhận được ý_nghĩa video,không cảm_nhận được ý_nghĩa video
Goosebumps! Da gà,positive,emotional_impact,2,False,goosebumps! da gà,goosebumps ! da_gà,goosebumps ! da_gà
Nội dung này không hợp với tôi,negative,disappointment,0,False,nội dung này không hợp với tôi,nội_dung này không hợp với tôi,nội_dung này không hợp với tôi
đọc cap xong muốn unfollow luôn á,negative,overreaction,0,False,đọc cap xong muốn unfollow luôn á,đọc cap xong muốn unfollow luôn á,đọc cap xong muốn unfollow luôn á
sao may dam mac quan bo voi cai body te the do?,toxic,insult,0,False,sao may dam mac quan bo voi cai body te the do?,sao may dam mac quan bo voi cai body te the do ?,sao may dam mac quan bo voi cai body te the do ?
"Clip anh Huy vui, xem xong muốn ăn cơm quê 😄",positive,neutral,2,False,"clip anh huy vui, xem xong muốn ăn cơm quê 😄","clip anh huy vui , xem xong muốn ăn cơm quê 😄","clip anh huy vui , xem xong muốn ăn cơm quê 😄"
"Chia sẻ hay thế, cảm ơn bạn nhiều nha!",positive,gratitude,2,False,"chia sẻ hay thế, cảm ơn bạn nhiều nha!","chia_sẻ hay thế , cảm_ơn bạn nhiều nha !","chia_sẻ hay thế , cảm_ơn bạn nhiều nha !"
Nội dung clip hơi khó hiểu,negative,criticism,0,False,nội dung clip hơi khó hiểu,nội_dung clip hơi khó hiểu,nội_dung clip hơi khó hiểu
"Tùy b, t hok care lắm!",neutral,indifference,1,True,"tùy b, t không care lắm!","tùy_b , t không care lắm !","tùy_b , t hok care lắm !"
quay dau khong bao xinhan,negative,criticism,0,False,quay dau khong bao xinhan,quay dau khong bao xinhan,quay dau khong bao xinhan
Đồ rẻ mà chất lượng cũng rẻ theo,toxic,insult,0,False,đồ rẻ mà chất lượng cũng rẻ theo,đồ rẻ mà chất_lượng cũng rẻ theo,đồ rẻ mà chất_lượng cũng rẻ theo
Mày đúng là hết thuốc chữa rồi,toxic,insult,0,False,mày đúng là hết thuốc chữa rồi,mày đúng là hết thuốc chữa rồi,mày đúng là hết thuốc chữa rồi
banh bao khong co nhan,negative,criticism,0,False,banh bao khong co nhan,banh bao khong co nhan,banh bao khong co nhan
rồi ai gửi cái clip này cho ny tui vậy?,negative,jealousy,0,True,rồi ai gửi cái clip này cho người yêu tui vậy?,rồi ai gửi cái clip này cho người_yêu tui vậy ?,rồi ai gửi cái clip này cho ny tui vậy ?
Video này đúng là kiệt tác!,positive,masterpiece,2,False,video này đúng là kiệt tác!,video này đúng là kiệt_tác !,video này đúng là kiệt_tác !
mấy clip kiểu này hay mà hơi thiếu logic,neutral,critique,1,False,mấy clip kiểu này hay mà hơi thiếu logic,mấy clip kiểu này hay mà hơi thiếu logic,mấy clip kiểu này hay mà hơi thiếu logic
Đồ dởm mà cũng quảng cáo ầm ĩ,toxic,insult,0,False,đồ dởm mà cũng quảng cáo ầm ĩ,đồ dởm mà cũng quảng_cáo ầm_ĩ,đồ dởm mà cũng quảng_cáo ầm_ĩ
âm thanh và ánh sáng làm giảm cảm xúc clip,negative,technical,0,False,âm thanh và ánh sáng làm giảm cảm xúc clip,âm_thanh và ánh_sáng làm giảm cảm_xúc clip,âm_thanh và ánh_sáng làm giảm cảm_xúc clip
"Không có gì to tát đâu, relax!",neutral,reassurance,1,False,"không có gì to tát đâu, relax!","không có gì to_tát đâu , relax !","không có gì to_tát đâu , relax !"
"Cũ qué, t thấy nhạt vcl!",negative,overused,0,False,"cũ qué, t thấy nhạt vcl!","cũ qué , t thấy nhạt vcl !","cũ qué , t thấy nhạt vcl !"
Đừng spoil cho ai nha,neutral,warning,1,False,đừng spoil cho ai nha,đừng spoil cho ai nha,đừng spoil cho ai nha
Bạn chia sẻ kinh nghiệm lắp đặt đi,neutral,request,1,False,bạn chia sẻ kinh nghiệm lắp đặt đi,bạn chia_sẻ kinh_nghiệm lắp_đặt đi,bạn chia_sẻ kinh_nghiệm lắp_đặt đi
Chia sẻ ý kiến lịch sự thôi,positive,useful,2,False,chia sẻ ý kiến lịch sự thôi,chia_sẻ ý_kiến lịch_sự thôi,chia_sẻ ý_kiến lịch_sự thôi
Bạn thấy video này có hữu ích không?,neutral,question,1,False,bạn thấy video này có hữu ích không?,bạn thấy video này có hữu_ích không ?,bạn thấy video này có hữu_ích không ?
có ship xa thì tính thêm là bình thường,positive,agreement,2,False,có ship xa thì tính thêm là bình thường,có ship xa thì tính thêm là bình_thường,có ship xa thì tính thêm là bình_thường
Thời tiết kiểu này chắc mai lại nóng,negative,neutral,0,False,thời tiết kiểu này chắc mai lại nóng,thời_tiết kiểu này chắc mai lại nóng,thời_tiết kiểu này chắc mai lại nóng
comfort food,positive,satisfying_meal,2,False,comfort food,comfort food,comfort food
phòng khám này chắc cần thêm giường vì đông quá,positive,predictable,2,False,phòng khám này chắc cần thêm giường vì đông quá,phòng_khám này chắc cần thêm giường vì đông quá,phòng_khám này chắc cần thêm giường vì đông quá
chỉ cần nhìn ánh mắt là biết ý đồ rồi,positive,clever,2,False,chỉ cần nhìn ánh mắt là biết ý đồ rồi,chỉ cần nhìn ánh mắt là biết ý_đồ rồi,chỉ cần nhìn ánh mắt là biết ý_đồ rồi
Ai biết thông tin thì share nha,neutral,question,1,False,ai biết thông tin thì share nha,ai biết thông_tin thì share nha,ai biết thông_tin thì share nha
ai đó viết cap mà như tường thuật đời tui,positive,relatable,2,False,ai đó viết cap mà như tường thuật đời tui,ai đó viết cap mà như tường_thuật đời tui,ai đó viết cap mà như tường_thuật đời tui
Game chơi một lúc là chán liền,negative,disappointment,0,False,game chơi một lúc là chán liền,game chơi một lúc là chán liền,game chơi một lúc là chán liền
Shop block khách thay vì xin lỗi,toxic,insult,0,False,shop block khách thay vì xin lỗi,shop block khách thay_vì xin_lỗi,shop block khách thay_vì xin_lỗi
sao may dam khoe cai mat xau xi do tren fb vay?,toxic,insult,0,True,sao may dam khoe cai mat xau xi do tren facebook vay?,sao may dam khoe cai mat xau xi do tren facebook vay ?,sao may dam khoe cai mat xau xi do tren fb vay ?
"Đồ óc chó, nói nhảm hoài!",toxic,insult,0,False,"đồ óc chó, nói nhảm hoài!","đồ óc chó , nói nhảm hoài !","đồ óc chó , nói nhảm hoài !"
"Đã nghèo còn đẻ, chán thật",toxic,insult,0,False,"đã nghèo còn đẻ, chán thật","đã nghèo còn đẻ , chán thật","đã nghèo còn đẻ , chán thật"
Goosebumps! Da gà,positive,emotional_impact,2,False,goosebumps! da gà,goosebumps ! da_gà,goosebumps ! da_gà
"gây mê chưa đủ, phải gây thương nhớ",positive,flirt,2,False,"gây mê chưa đủ, phải gây thương nhớ","gây_mê chưa đủ , phải gây thương_nhớ","gây_mê chưa đủ , phải gây thương_nhớ"
"Đỉnh cao, bạn là huyền thoại thật!",positive,legendary,2,False,"đỉnh cao, bạn là huyền thoại thật!","đỉnh_cao , bạn là huyền_thoại thật !","đỉnh_cao , bạn là huyền_thoại thật !"
Viewer feedback mà ignore hoàn toàn,toxic,insult,0,False,viewer feedback mà ignore hoàn toàn,viewer feedback mà ignore hoàn_toàn,viewer feedback mà ignore hoàn_toàn
Bạn có thể gửi file báo giá không?,neutral,request,1,False,bạn có thể gửi file báo giá không?,bạn có_thể gửi file báo_giá không ?,bạn có_thể gửi file báo_giá không ?
Bạn từng bảo hành sản phẩm chưa?,neutral,question,1,False,bạn từng bảo hành sản phẩm chưa?,bạn từng bảo_hành sản_phẩm chưa ?,bạn từng bảo_hành sản_phẩm chưa ?
nuoc mam loang loet,negative,criticism,0,False,nuoc mam loang loet,nuoc mam loang loet,nuoc mam loang loet
"Không ấn tượng lắm, cần cải thiện thêm",negative,criticism,0,False,"không ấn tượng lắm, cần cải thiện thêm","không ấn_tượng lắm , cần cải_thiện thêm","không ấn_tượng lắm , cần cải_thiện thêm"
Tier list worshipper mà skill C tier,toxic,insult,0,True,tier list worshipper mà skill chị tier,tier list worshipper mà skill chị tier,tier list worshipper mà skill c tier
thankful,positive,appreciation_feeling,2,False,thankful,thankful,thankful
Tui coi đi coi lại vẫn thấy vui 😆,positive,appreciation,2,False,tui coi đi coi lại vẫn thấy vui 😆,tui coi đi coi lại vẫn thấy vui 😆,tui coi đi coi lại vẫn thấy vui 😆
Meta slave mà chơi sai meta,toxic,insult,0,False,meta slave mà chơi sai meta,meta slave mà chơi sai meta,meta slave mà chơi sai meta
Đạo lý phát mệt,toxic,insult,0,False,đạo lý phát mệt,đạo_lý phát mệt,đạo_lý phát mệt
Haha đúng vậy! Funny lắm,positive,humor,2,False,haha đúng vậy! funny lắm,haha đúng vậy ! funny lắm,haha đúng vậy ! funny lắm
Breathe! Thở sâu vào,neutral,calming,1,False,breathe! thở sâu vào,breathe ! thở sâu vào,breathe ! thở sâu vào
Sản phẩm hoạt động không ổn định,negative,criticism,0,False,sản phẩm hoạt động không ổn định,sản_phẩm hoạt_động không ổn_định,sản_phẩm hoạt_động không ổn_định
ngồi xem mà da gà nổi hết,positive,reaction,2,False,ngồi xem mà da gà nổi hết,ngồi xem mà da_gà nổi hết,ngồi xem mà da_gà nổi hết
Deadline? What deadline?,negative,avoidance,0,False,deadline? what deadline?,deadline ? what deadline ?,deadline ? what deadline ?
ăn cho biết chứ lần sau xin né,negative,avoid,0,False,ăn cho biết chứ lần sau xin né,ăn cho biết chứ lần sau xin né,ăn cho biết chứ lần sau xin né
Doraemon là tuổi thơ của biết bao người,positive,statement,2,False,doraemon là tuổi thơ của biết bao người,doraemon là tuổi_thơ của biết_bao người,doraemon là tuổi_thơ của biết_bao người
Sản phẩm bị lỗi từ khi nhận,negative,complaint,0,False,sản phẩm bị lỗi từ khi nhận,sản_phẩm bị lỗi từ khi nhận,sản_phẩm bị lỗi từ khi nhận
Lúc cần im thì lại lên tiếng,toxic,insult,0,False,lúc cần im thì lại lên tiếng,lúc cần im thì lại lên_tiếng,lúc cần im thì lại lên_tiếng
Mặt dày tới mức không cảm nổi,toxic,insult,0,False,mặt dày tới mức không cảm nổi,mặt_dày tới mức không cảm_nổi,mặt_dày tới mức không cảm_nổi
cai anh do ma may cung dam lam anh dai dien a?,toxic,insult,0,False,cai anh do ma may cung dam lam anh dai dien a?,cai anh do ma may cung dam lam anh dai dien a ?,cai anh do ma may cung dam lam anh dai dien a ?
"Có gì đó không ổn, cần cải thiện",negative,criticism,0,False,"có gì đó không ổn, cần cải thiện","có gì đó không ổn , cần cải_thiện","có gì đó không ổn , cần cải_thiện"
"Clip quá nhạt, không xem được hết",negative,disappointment,0,False,"clip quá nhạt, không xem được hết","clip quá nhạt , không xem được hết","clip quá nhạt , không xem được hết"
Show off! Khoe khoang,negative,showing_off,0,False,show off! khoe khoang,show off ! khoe_khoang,show off ! khoe_khoang
trứng này chắc làm từ trứng khủng long,positive,joke,2,False,trứng này chắc làm từ trứng khủng long,trứng này chắc làm từ trứng khủng_long,trứng này chắc làm từ trứng khủng_long
Đọc hơi mệt vì cách trình bày,negative,criticism,0,False,đọc hơi mệt vì cách trình bày,đọc hơi mệt vì cách trình_bày,đọc hơi mệt vì cách trình_bày
Cần luật nghiêm hơn cho mấy vụ phá hoại,negative,suggestion,0,False,cần luật nghiêm hơn cho mấy vụ phá hoại,cần luật nghiêm hơn cho mấy vụ phá_hoại,cần luật nghiêm hơn cho mấy vụ phá_hoại
Bạn có thể upload thêm hình ảnh không?,neutral,request,1,False,bạn có thể upload thêm hình ảnh không?,bạn có_thể upload thêm hình_ảnh không ?,bạn có_thể upload thêm hình_ảnh không ?
glass skin,positive,perfect_complexion,2,False,glass skin,glass skin,glass skin
"Plot twist đỉnh cao, bất ngờ luôn!",positive,surprise,2,False,"plot twist đỉnh cao, bất ngờ luôn!","plot twist đỉnh_cao , bất_ngờ luôn !","plot twist đỉnh_cao , bất_ngờ luôn !"
Take it easy,neutral,advice,1,False,take it easy,take it easy,take it easy
Wholesome content! Yêu lắm,positive,heartwarming,2,False,wholesome content! yêu lắm,wholesome content ! yêu lắm,wholesome content ! yêu lắm
ai cũng biết pose dáng hết trơn á,positive,observation,2,False,ai cũng biết pose dáng hết trơn á,ai cũng biết pose dáng hết trơn á,ai cũng biết pose dáng hết trơn á
Game nhiều tính năng thừa thãi,negative,criticism,0,False,game nhiều tính năng thừa thãi,game nhiều tính_năng thừa_thãi,game nhiều tính_năng thừa_thãi
Bạn đã thử chưa?,neutral,question,1,False,bạn đã thử chưa?,bạn đã thử chưa ?,bạn đã thử chưa ?
tụi mình nên vui vẻ chứ đừng căng thẳng vùng miền,positive,peace,2,False,tụi mình nên vui vẻ chứ đừng căng thẳng vùng miền,tụi mình nên vui_vẻ chứ đừng căng_thẳng vùng miền,tụi mình nên vui_vẻ chứ đừng căng_thẳng vùng miền
Bạn đã từng bị lỗi này chưa?,neutral,question,1,False,bạn đã từng bị lỗi này chưa?,bạn đã từng bị lỗi này chưa ?,bạn đã từng bị lỗi này chưa ?
Awww! Ngọt ngào quá,positive,sweet,2,False,aw! ngọt ngào quá,aw ! ngọt_ngào quá,awww ! ngọt_ngào quá
"Clip này chắc chắn viral, chất lắm!",positive,popular,2,False,"clip này chắc chắn viral, chất lắm!","clip này chắc_chắn viral , chất lắm !","clip này chắc_chắn viral , chất lắm !"
cf king,positive,advertisement_popular,2,False,cf king,cf king,cf king
Stream mà cứ như đang khóc lóc,toxic,insult,0,False,stream mà cứ như đang khóc lóc,stream mà cứ như đang khóc_lóc,stream mà cứ như đang khóc_lóc
"nuoc da tan het, nhat nheo",negative,criticism,0,False,"nuoc da tan het, nhat nheo","nuoc da tan het , nhat nheo","nuoc da tan het , nhat nheo"
"Đỉnh của chóp, b là huyền thoại!",positive,legendary,2,False,"đỉnh của chóp, b là huyền thoại!","đỉnh của chóp , b là huyền_thoại !","đỉnh của chóp , b là huyền_thoại !"
Nhìn mặt thôi đã thấy ghét rồi,toxic,insult,0,False,nhìn mặt thôi đã thấy ghét rồi,nhìn mặt thôi đã thấy ghét rồi,nhìn mặt thôi đã thấy ghét rồi
Không thích bản cập nhật lần này,negative,disappointment,0,False,không thích bản cập nhật lần này,không thích bản cập_nhật lần này,không thích bản cập_nhật lần này
"Oke, t check sau nha!",neutral,acknowledgment,1,False,"oke, t check sau nha!","oke , t check sau nha !","oke , t check sau nha !"
hay lam,positive,good_job,2,False,hay lam,hay lam,hay lam
Người ta gọi là thánh giả trân,toxic,insult,0,False,người ta gọi là thánh giả trân,người_ta gọi là thánh giả trân,người_ta gọi là thánh giả trân
noi chuyen chang ket thuc,negative,criticism,0,False,noi chuyen chang ket thuc,noi chuyen chang ket thuc,noi chuyen chang ket thuc
Tương tác với fan như đuổi ruồi,toxic,insult,0,False,tương tác với fan như đuổi ruồi,tương_tác với fan như đuổi ruồi,tương_tác với fan như đuổi ruồi
"Không đoán nổi luôn, hay quá!",positive,amazement,2,False,"không đoán nổi luôn, hay quá!","không đoán nổi luôn , hay quá !","không đoán nổi luôn , hay quá !"
cong trinh lam duong keo dai,negative,complaint,0,False,cong trinh lam duong keo dai,cong trinh lam duong keo dai,cong trinh lam duong keo dai
tui bắt đầu thấy lo rồi á,positive,appreciation,2,False,tui bắt đầu thấy lo rồi á,tui bắt_đầu thấy lo rồi á,tui bắt_đầu thấy lo rồi á
có ai từng khóc lúc chia tay đơn vị không,positive,appreciation,2,False,có ai từng khóc lúc chia tay đơn vị không,có ai từng khóc lúc chia_tay đơn_vị không,có ai từng khóc lúc chia_tay đơn_vị không
"Clickbait à, thất vọng vãi!",negative,criticism,0,False,"clickbait à, thất vọng vãi!","clickbait à , thất_vọng vãi !","clickbait à , thất_vọng vãi !"
Cái thứ không ai ưa nổi,toxic,insult,0,False,cái thứ không ai ưa nổi,cái thứ không ai ưa nổi,cái thứ không ai ưa nổi
xin hỏi địa chỉ phòng khám để em ghé nha,positive,curious,2,False,xin hỏi địa chỉ phòng khám để em ghé nha,xin hỏi địa_chỉ phòng_khám để em ghé nha,xin hỏi địa_chỉ phòng_khám để em ghé nha
Nạp tiền vào game thấy phí thật,negative,disappointment,0,False,nạp tiền vào game thấy phí thật,nạp tiền vào game thấy phí thật,nạp tiền vào game thấy phí thật
cai deo gi,toxic,wtf_vulgar,0,False,cai deo gi,cai deo gi,cai deo gi
Quá hợp lý luôn rồi còn gì,positive,agreement,2,False,quá hợp lý luôn rồi còn gì,quá hợp_lý luôn rồi còn gì,quá hợp_lý luôn rồi còn gì
Không có chút sáng tạo nào cả,negative,criticism,0,False,không có chút sáng tạo nào cả,không có chút sáng_tạo nào cả,không có chút sáng_tạo nào cả
Nói chuyện chẳng có gì hay ho,toxic,insult,0,False,nói chuyện chẳng có gì hay ho,nói_chuyện chẳng có gì hay_ho,nói_chuyện chẳng có gì hay_ho
Let's be friends!,positive,friendship,2,False,let's be friends!,let ' s be friends !,let ' s be friends !
mỗi lần vô lớp là một buổi diễn thời trang,positive,humor,2,False,mỗi lần vô lớp là một buổi diễn thời trang,mỗi lần vô lớp là một buổi diễn thời_trang,mỗi lần vô lớp là một buổi diễn thời_trang
Solo carry wannabe mà feed,toxic,insult,0,False,solo carry wannabe mà feed,solo carry wannabe mà feed,solo carry wannabe mà feed
chao long hoi hoi,negative,criticism,0,False,chao long hoi hoi,chao long hoi hoi,chao long hoi hoi
xinh là được tha thứ mọi lỗi lầm,toxic,bias,0,False,xinh là được tha thứ mọi lỗi lầm,xinh là được tha_thứ mọi lỗi_lầm,xinh là được tha_thứ mọi lỗi_lầm
"Drama nào cũng có mặt, giỏi thật",toxic,insult,0,False,"drama nào cũng có mặt, giỏi thật","drama nào cũng có_mặt , giỏi thật","drama nào cũng có_mặt , giỏi thật"
"Chỉnh sửa chưa mượt mà, hơi gượng",negative,criticism,0,False,"chỉnh sửa chưa mượt mà, hơi gượng","chỉnh_sửa chưa mượt_mà , hơi gượng","chỉnh_sửa chưa mượt_mà , hơi gượng"
Không thích hệ thống giao diện mới,negative,criticism,0,False,không thích hệ thống giao diện mới,không thích hệ_thống giao_diện mới,không thích hệ_thống giao_diện mới
Did not disappoint,positive,met_expectations,2,False,did not disappoint,did not disappoint,did not disappoint
day la thuong hieu nao vay?,neutral,question,1,False,day la thuong hieu nao vay?,day la thuong hieu nao vay ?,day la thuong hieu nao vay ?
Cảm ơn vì đã làm được điều nhiều người không làm được,positive,gratitude,2,False,cảm ơn vì đã làm được điều nhiều người không làm được,cảm_ơn vì đã làm được điều nhiều người không làm được,cảm_ơn vì đã làm được điều nhiều người không làm được
"Không đầu tư, video nhìn rẻ tiền quá",toxic,insult,0,False,"không đầu tư, video nhìn rẻ tiền quá","không đầu_tư , video nhìn rẻ_tiền quá","không đầu_tư , video nhìn rẻ_tiền quá"
"Lúc hot thì chảnh, lúc bị chửi thì than",toxic,insult,0,False,"lúc hot thì chảnh, lúc bị chửi thì than","lúc hot thì chảnh , lúc bị chửi thì than","lúc hot thì chảnh , lúc bị chửi thì than"
"mình thử rồi, sẽ không quay lại lần hai",negative,decision,0,False,"mình thử rồi, sẽ không quay lại lần hai","mình thử rồi , sẽ không quay lại lần hai","mình thử rồi , sẽ không quay lại lần hai"
cai cach may noi chuyen tren fb nhin la biet vo duyen!,toxic,insult,0,True,cai cach may noi chuyen tren facebook nhin la biết vo duyen!,cai cach may noi chuyen tren facebook nhin la biết vo duyen !,cai cach may noi chuyen tren fb nhin la biet vo duyen !
mình ước lớp mình vui như vậy,positive,wish,2,False,mình ước lớp mình vui như vậy,mình ước lớp mình vui như_vậy,mình ước lớp mình vui như_vậy
co ai thu lam mon nay chua?,neutral,question,1,False,co ai thu lam mon nay chua?,co ai thu lam mon nay chua ?,co ai thu lam mon nay chua ?
Thời tiết kiểu này ve chắc nghỉ hát :)),toxic,humor,0,False,thời tiết kiểu này ve chắc nghỉ hát :)),thời_tiết kiểu này ve chắc nghỉ hát : ) ),thời_tiết kiểu này ve chắc nghỉ hát : ) )
mỗi lần coi lại là cười tiếp,positive,repeat,2,False,mỗi lần coi lại là cười tiếp,mỗi lần coi lại là cười tiếp,mỗi lần coi lại là cười tiếp
Lúc nào cũng thấy drama,toxic,insult,0,False,lúc nào cũng thấy drama,lúc_nào cũng thấy drama,lúc_nào cũng thấy drama
Mày nghĩ mày hay ho lắm à?,toxic,insult,0,False,mày nghĩ mày hay ho lắm à?,mày nghĩ mày hay_ho lắm à ?,mày nghĩ mày hay_ho lắm à ?
may nghi post cai do len fb la ngau lam a?,toxic,insult,0,True,may nghi post cai do len facebook la ngau lam a?,may nghi_post cai do len facebook la ngau lam a ?,may nghi_post cai do len fb la ngau lam a ?
giọng đọc đỉnh thật sự,positive,praise,2,False,giọng đọc đỉnh thật sự,giọng đọc đỉnh thật_sự,giọng đọc đỉnh thật_sự
nói gì thì nói chứ món trứng này không đáng tiền,negative,value,0,False,nói gì thì nói chứ món trứng này không đáng tiền,nói gì thì nói chứ món trứng này không đáng tiền,nói gì thì nói chứ món trứng này không đáng tiền
Yêu cầu Hà Nội giữ thời tiết này cả tháng,positive,suggestion,2,False,yêu cầu hà nội giữ thời tiết này cả tháng,yêu_cầu hà_nội giữ thời_tiết này cả tháng,yêu_cầu hà_nội giữ thời_tiết này cả tháng
"Tâm thần mà biết đường vô phá ngai vàng, giỏi ghê ha",toxic,sarcasm,0,False,"tâm thần mà biết đường vô phá ngai vàng, giỏi ghê ha","tâm_thần mà biết đường vô phá ngai vàng , giỏi ghê ha","tâm_thần mà biết đường vô phá ngai vàng , giỏi ghê ha"
Served! Phục vụ chuẩn,positive,delivery,2,False,served! phục vụ chuẩn,served ! phục_vụ chuẩn,served ! phục_vụ chuẩn
clip nay co dung micro binaural khong?,neutral,question,1,False,clip nay co dung micro binaural khong?,clip nay co dung micro binaural khong ?,clip nay co dung micro binaural khong ?
Flawless execution,positive,perfect_execution,2,False,flawless execution,flawless execution,flawless execution
toxic positivity,negative,forced_happiness,0,False,toxic positivity,toxic positivity,toxic positivity
Humble brag đúng không?,negative,criticism,0,False,humble brag đúng không?,humble brag đúng không ?,humble brag đúng không ?
"Sinh con ra mà ko lo nổi, chán",negative,anger,0,True,"sinh con ra mà không lo nổi, chán","sinh con ra mà không lo nổi , chán","sinh con ra mà ko lo nổi , chán"
"Ghét ghê, nội dung này cringe vãi!",negative,cringe,0,False,"ghét ghê, nội dung này cringe vãi!","ghét ghê , nội_dung này cringe vãi !","ghét ghê , nội_dung này cringe vãi !"
Cái này đáng học hỏi thiệt sự,positive,useful,2,False,cái này đáng học hỏi thiệt sự,cái này đáng học_hỏi thiệt sự,cái này đáng học_hỏi thiệt sự
Matchmaking không công bằng chút nào,negative,criticism,0,False,matchmaking không công bằng chút nào,matchmaking không công_bằng chút nào,matchmaking không công_bằng chút nào
giờ tag ai vô cũng nhạy cảm hết,neutral,concern,1,False,giờ tag ai vô cũng nhạy cảm hết,giờ tag ai vô cũng nhạy_cảm_hết,giờ tag ai vô cũng nhạy_cảm_hết
ban tu nau hay dat tu quan vay?,neutral,question,1,False,ban tu nau hay dat tu quan vay?,ban tu nau hay dat tu quan vay ?,ban tu nau hay dat tu quan vay ?
Bạn thấy giá như vậy ổn không?,neutral,question,1,False,bạn thấy giá như vậy ổn không?,bạn thấy giá_như_vậy ổn không ?,bạn thấy giá_như_vậy ổn không ?
mấy cái clip vậy dễ bị bóp méo ý nghĩa,neutral,distortion,1,False,mấy cái clip vậy dễ bị bóp méo ý nghĩa,mấy cái clip vậy dễ bị bóp_méo ý_nghĩa,mấy cái clip vậy dễ bị bóp_méo ý_nghĩa
ở thái nguyên k phải ai cx thích uống trà😭 nma cũng hay uống,neutral,clarification,1,True,ở thái nguyên không phải ai cũng thích uống trà😭 nma cũng hay uống,ở thái nguyên không phải ai cũng thích uống trà 😭 nma cũng hay uống,ở thái nguyên k phải ai cx thích uống trà 😭 nma cũng hay uống
"clip chỉ là vui thôi, đừng soi quá",positive,lighthearted,2,False,"clip chỉ là vui thôi, đừng soi quá","clip chỉ là vui thôi , đừng soi quá","clip chỉ là vui thôi , đừng soi quá"
Chơi game này chán thật sự,negative,disappointment,0,False,chơi game này chán thật sự,chơi game này chán thật_sự,chơi game này chán thật_sự
Thứ như bạn chỉ làm ô nhiễm môi trường mạng,toxic,insult,0,False,thứ như bạn chỉ làm ô nhiễm môi trường mạng,thứ như bạn chỉ làm ô_nhiễm môi_trường mạng,thứ như bạn chỉ làm ô_nhiễm môi_trường mạng
Review chi tiết hơn đi bạn,neutral,request,1,False,review chi tiết hơn đi bạn,review chi_tiết hơn đi bạn,review chi_tiết hơn đi bạn
ko dang xem,negative,disappointment,0,True,không dang xem,không dang xem,ko dang xem
Hàng xài được 1 ngày thì hỏng,toxic,insult,0,False,hàng xài được 1 ngày thì hỏng,hàng xài được 1 ngày thì hỏng,hàng xài được 1 ngày thì hỏng
người bán cũng cần có lời chứ,positive,appreciation,2,False,người bán cũng cần có lời chứ,người bán cũng cần có lời chứ,người bán cũng cần có lời chứ
Người gì vừa nhiều mỡ vừa lười tập thể dục,toxic,bodyshaming,0,False,người gì vừa nhiều mỡ vừa lười tập thể dục,người gì vừa nhiều mỡ vừa lười tập_thể_dục,người gì vừa nhiều mỡ vừa lười tập_thể_dục
Ê bà kia đẹp thiệt á 🥹,positive,compliment,2,False,ê bà kia đẹp thiệt á 🥹,ê bà kia đẹp thiệt á 🥹,ê bà kia đẹp thiệt á 🥹
"Sáng nay đi làm rét, tưởng mùa đông tới",neutral,neutral,1,False,"sáng nay đi làm rét, tưởng mùa đông tới","sáng nay đi làm rét , tưởng mùa đông tới","sáng nay đi làm rét , tưởng mùa đông tới"
"cảm ơn video, đã giúp mình không mất 110k",positive,gratitude,2,False,"cảm ơn video, đã giúp mình không mất 110k","cảm_ơn video , đã giúp mình không mất 110k","cảm_ơn video , đã giúp mình không mất 110k"
giờ nghe lại mà cảm xúc vẫn nguyên vẹn,positive,nostalgia,2,False,giờ nghe lại mà cảm xúc vẫn nguyên vẹn,giờ nghe lại mà cảm_xúc vẫn nguyên_vẹn,giờ nghe lại mà cảm_xúc vẫn nguyên_vẹn
Forced! Không natural,negative,artificial,0,False,forced! không natural,forced ! không natural,forced ! không natural
Thấy anh Huy giống nhân viên quán cơm dượng bầu 😆,neutral,humor,1,False,thấy anh huy giống nhân viên quán cơm dượng bầu 😆,thấy anh huy giống nhân_viên quán cơm dượng bầu_😆,thấy anh huy giống nhân_viên quán cơm dượng bầu_😆
Đã xấu người lại còn xấu cả nết,toxic,insult,0,False,đã xấu người lại còn xấu cả nết,đã xấu người lại còn xấu cả nết,đã xấu người lại còn xấu cả nết
Khó đăng ký bảo hành,negative,complaint,0,False,khó đăng ký bảo hành,khó đăng_ký bảo_hành,khó đăng_ký bảo_hành
Quán nằm ở Nguyễn Huệ nên giá trên trời hả?,neutral,question,1,False,quán nằm ở nguyễn huệ nên giá trên trời hả?,quán nằm ở nguyễn huệ nên giá trên trời hả ?,quán nằm ở nguyễn huệ nên giá trên trời hả ?
Bạn có clip review chi tiết không?,neutral,request,1,False,bạn có clip review chi tiết không?,bạn có clip review chi_tiết không ?,bạn có clip review chi_tiết không ?
"Quá ngắn, xem chưa kịp hiểu",negative,criticism,0,False,"quá ngắn, xem chưa kịp hiểu","quá ngắn , xem chưa kịp hiểu","quá ngắn , xem chưa kịp hiểu"
có ai cảm thấy bị chữa lành tinh thần không?,positive,question,2,False,có ai cảm thấy bị chữa lành tinh thần không?,có ai cảm_thấy bị chữa lành tinh_thần không ?,có ai cảm_thấy bị chữa lành tinh_thần không ?
clip hài nhưng gây hiểu nhầm thì phải coi lại,neutral,reflection,1,False,clip hài nhưng gây hiểu nhầm thì phải coi lại,clip hài nhưng gây hiểu nhầm thì phải coi lại,clip hài nhưng gây hiểu nhầm thì phải coi lại
em không biết đau là gì cho đến khi nhìn thấy anh,positive,joke,2,False,em không biết đau là gì cho đến khi nhìn thấy anh,em không biết đau là gì cho đến khi nhìn thấy anh,em không biết đau là gì cho đến khi nhìn thấy anh
Preset này cho xin với,neutral,request,1,False,preset này cho xin với,preset này cho xin với,preset này cho xin với
Story hỏi Q&A mà không ai hỏi,toxic,insult,0,False,story hỏi q&a mà không ai hỏi,story hỏi q & a mà không ai hỏi,story hỏi q & a mà không ai hỏi
"Bảo vệ lăng làm ăn kiểu gì, đuổi hết đi",negative,anger,0,False,"bảo vệ lăng làm ăn kiểu gì, đuổi hết đi","bảo_vệ lăng làm_ăn kiểu gì , đuổi hết đi","bảo_vệ lăng làm_ăn kiểu gì , đuổi hết đi"
"Phá di sản mà ko bị phạt, bất công vl",negative,anger,0,True,"phá di sản mà không bị phạt, bất công vãi lồn","phá di_sản mà không bị phạt , bất_công vãi lồn","phá di_sản mà ko bị phạt , bất_công vl"
"Có j đó sai sai, nghi vcl!",negative,doubt,0,True,"có gì đó sai sai, nghi vcl!","có gì đó sai sai , nghi vcl !","có j đó sai sai , nghi vcl !"
2 lông mày của t bắt đầu skinship với nhau sau khi đọc cap,positive,funny,2,False,2 lông mày của t bắt đầu skinship với nhau sau khi đọc cap,2 lông_mày của t bắt_đầu skinship với nhau sau khi đọc cap,2 lông_mày của t bắt_đầu skinship với nhau sau khi đọc cap
Giả nai thấy gớm,toxic,insult,0,False,giả nai thấy gớm,giả nai thấy gớm,giả nai thấy gớm
clip co tieng an nghe da tai ghe,neutral,statement,1,False,clip co tieng an nghe da tai ghe,clip co tieng an nghe da tai ghe,clip co tieng an nghe da tai ghe
Sản phẩm màu bị lệch so với ảnh,negative,disappointment,0,False,sản phẩm màu bị lệch so với ảnh,sản_phẩm màu bị lệch so với ảnh,sản_phẩm màu bị lệch so với ảnh
OOTD hôm nay,neutral,lifestyle,1,False,ootd hôm nay,ootd hôm_nay,ootd hôm_nay
Nói chuyện như lắp bắp không ra gì,toxic,insult,0,False,nói chuyện như lắp bắp không ra gì,nói_chuyện như lắp_bắp không ra_gì,nói_chuyện như lắp_bắp không ra_gì
ai rồi cũng sẽ hiểu cảm giác này,positive,empathy,2,False,ai rồi cũng sẽ hiểu cảm giác này,ai rồi cũng sẽ hiểu cảm_giác này,ai rồi cũng sẽ hiểu cảm_giác này
den xanh chua sang da bam coi,negative,criticism,0,False,den xanh chua sang da bam coi,den xanh chua sang da bam coi,den xanh chua sang da bam coi
Video này có chỉnh sửa không?,neutral,question,1,False,video này có chỉnh sửa không?,video này có chỉnh_sửa không ?,video này có chỉnh_sửa không ?
Chưa có trải nghiệm tốt với dịch vụ,negative,disappointment,0,False,chưa có trải nghiệm tốt với dịch vụ,chưa có trải nghiệm tốt với dịch_vụ,chưa có trải nghiệm tốt với dịch_vụ
"Hok chê dc, perfect vcl!",positive,perfection,2,True,"không chê dc, perfect vcl!","không chê dc , perfect vcl !","hok chê dc , perfect vcl !"
Hiệu ứng nhìn rối mắt thật,negative,criticism,0,False,hiệu ứng nhìn rối mắt thật,hiệu_ứng nhìn rối mắt thật,hiệu_ứng nhìn rối mắt thật
Try hard quá không?,negative,criticism,0,False,try hard quá không?,try hard quá không ?,try hard quá không ?
mỗi người có hoàn cảnh khác nhau mà,neutral,understanding,1,False,mỗi người có hoàn cảnh khác nhau mà,mỗi người có hoàn_cảnh khác nhau mà,mỗi người có hoàn_cảnh khác nhau mà
Deadline? What deadline?,negative,avoidance,0,False,deadline? what deadline?,deadline ? what deadline ?,deadline ? what deadline ?
ko xac dinh,negative,criticism,0,True,không xac dinh,không xac dinh,ko xac dinh
Thứ cặn bã xã hội,toxic,insult,0,False,thứ cặn bã xã hội,thứ cặn_bã xã_hội,thứ cặn_bã xã_hội
số hưởng nhất VN:)),positive,appreciation,2,False,số hưởng nhất vn:)),số hưởng nhất vn : ) ),số hưởng nhất vn : ) )
một pha lật mặt nhanh hơn bánh tráng,positive,sarcasm,2,False,một pha lật mặt nhanh hơn bánh tráng,một pha lật mặt nhanh hơn bánh_tráng,một pha lật mặt nhanh hơn bánh_tráng
Xem clip không hiểu thông điệp là gì,negative,criticism,0,False,xem clip không hiểu thông điệp là gì,xem clip không hiểu thông_điệp là gì,xem clip không hiểu thông_điệp là gì
Thấy mấy bạn trẻ lễ phép vậy mừng ghê,positive,appreciation,2,False,thấy mấy bạn trẻ lễ phép vậy mừng ghê,thấy mấy bạn trẻ lễ_phép vậy mừng ghê,thấy mấy bạn trẻ lễ_phép vậy mừng ghê
noi ma khong co lien ket,negative,criticism,0,False,noi ma khong co lien ket,noi ma_khong co lien ket,noi ma_khong co lien ket
"Bạn ơi, phần này hơi khó hiểu nha",negative,confusion,0,False,"bạn ơi, phần này hơi khó hiểu nha","bạn ơi , phần này hơi khó hiểu nha","bạn ơi , phần này hơi khó hiểu nha"
Cái gì không kiểm soát được thì đòi cấm,positive,appreciation,2,False,cái gì không kiểm soát được thì đòi cấm,cái gì không kiểm_soát được thì đòi cấm,cái gì không kiểm_soát được thì đòi cấm
Healing video! Tâm hồn thanh thản,positive,therapeutic,2,False,healing video! tâm hồn thanh thản,healing video ! tâm_hồn thanh_thản,healing video ! tâm_hồn thanh_thản
Tôi thấy ổn,neutral,statement,1,False,tôi thấy ổn,tôi thấy ổn,tôi thấy ổn
"âm thanh hơi nhỏ, phải mở max volume",negative,audio,0,False,"âm thanh hơi nhỏ, phải mở max volume","âm_thanh hơi nhỏ , phải mở max volume","âm_thanh hơi nhỏ , phải mở max volume"
Bạn thấy phần mềm ổn không?,neutral,question,1,False,bạn thấy phần mềm ổn không?,bạn thấy phần_mềm ổn không ?,bạn thấy phần_mềm ổn không ?
Mày làm nội dung gì mà tào lao vcl,toxic,offensive,0,True,mày làm nội dung gì mà tào lao vãi cả lồn,mày làm nội_dung gì mà tào_lao vãi cả lồn,mày làm nội_dung gì mà tào_lao vcl
món này chắc dành cho rich kid thôi,neutral,affordability,1,False,món này chắc dành cho rich kid thôi,món này chắc dành cho rich kid thôi,món này chắc dành cho rich kid thôi
người muốn đi nvqs thì lại không đc 😌,positive,appreciation,2,True,người muốn đi nghĩa vụ quân sự thì lại không được 😌,người muốn đi nghĩa_vụ quân_sự thì lại không được 😌,người muốn đi nvqs thì lại không đc 😌
dance machine,positive,dancing_praise,2,False,dance machine,dance machine,dance machine
"Tôi vừa xem xong, cảm ơn thông tin",neutral,appreciation,1,False,"tôi vừa xem xong, cảm ơn thông tin","tôi vừa xem xong , cảm_ơn thông_tin","tôi vừa xem xong , cảm_ơn thông_tin"
Chất lượng nội dung đỉnh cao luôn,positive,compliment,2,False,chất lượng nội dung đỉnh cao luôn,chất_lượng nội_dung đỉnh_cao luôn,chất_lượng nội_dung đỉnh_cao luôn
Xấu tính như vậy ai mà chơi nổi,toxic,insult,0,False,xấu tính như vậy ai mà chơi nổi,xấu_tính như vậy ai mà chơi nổi,xấu_tính như vậy ai mà chơi nổi
xem xong muốn đăng story liền,positive,shareable,2,False,xem xong muốn đăng story liền,xem xong muốn đăng story liền,xem xong muốn đăng story liền
Giọng đã chua lại còn mặt xấu,toxic,bodyshaming,0,False,giọng đã chua lại còn mặt xấu,giọng đã chua lại còn mặt xấu,giọng đã chua lại còn mặt xấu
Người gì mà vừa dễ thương vừa thông minh,positive,compliment,2,False,người gì mà vừa dễ thương vừa thông minh,người gì mà vừa dễ_thương vừa thông_minh,người gì mà vừa dễ_thương vừa thông_minh
grwm,neutral,get_ready_abbreviation,1,False,grwm,grwm,grwm
phong cách chất lượng cao,positive,compliment,2,False,phong cách chất lượng cao,phong_cách chất_lượng cao,phong_cách chất_lượng cao
mặt mệt mà vẫn ngầu là sao chời,positive,contrast,2,False,mặt mệt mà vẫn ngầu là sao chời,mặt mệt mà vẫn ngầu là sao chời,mặt mệt mà vẫn ngầu là sao chời
do an khong tuoi,negative,criticism,0,False,do an khong tuoi,do an khong tuoi,do an khong tuoi
Không hài lòng với tốc độ ship,negative,complaint,0,False,không hài lòng với tốc độ ship,không hài_lòng với tốc_độ ship,không hài_lòng với tốc_độ ship
"thấy vậy mà ngon đó, đừng đánh giá sớm",positive,useful,2,False,"thấy vậy mà ngon đó, đừng đánh giá sớm","thấy vậy_mà ngon đó , đừng đánh_giá sớm","thấy vậy_mà ngon đó , đừng đánh_giá sớm"
tụi mình là một đất nước đa dạng mà,positive,national\_unity,2,False,tụi mình là một đất nước đa dạng mà,tụi mình là một đất_nước đa_dạng mà,tụi mình là một đất_nước đa_dạng mà
"Ai thích thì thích, tao chẳng quan tâm",neutral,indifference,1,False,"ai thích thì thích, tao chẳng quan tâm","ai thích thì thích , tao chẳng quan_tâm","ai thích thì thích , tao chẳng quan_tâm"
"Không đoán được, hay quá trời!",positive,amazement,2,False,"không đoán được, hay quá trời!","không đoán được , hay quá trời !","không đoán được , hay quá trời !"
Mặt lúc nào cũng bóng nhẫy như chảo dầu,toxic,bodyshaming,0,False,mặt lúc nào cũng bóng nhẫy như chảo dầu,mặt lúc_nào cũng bóng nhẫy như chảo dầu,mặt lúc_nào cũng bóng nhẫy như chảo dầu
thấy quảng cáo hay chứ ăn thì như cơm sinh viên,negative,expectation\_gap,0,False,thấy quảng cáo hay chứ ăn thì như cơm sinh viên,thấy quảng_cáo hay chứ ăn thì như cơm sinh_viên,thấy quảng_cáo hay chứ ăn thì như cơm sinh_viên
Quán ở bình nguyên vô tận hay ở đâu vậy? 😂,neutral,question,1,False,quán ở bình nguyên vô tận hay ở đâu vậy? 😂,quán ở bình_nguyên vô_tận hay ở đâu_vậy ? 😂,quán ở bình_nguyên vô_tận hay ở đâu_vậy ? 😂
stan loona,positive,kpop_stan,2,False,stan loona,stan loona,stan loona
Streamer này không đáng subscribe,toxic,insult,0,False,streamer này không đáng subscribe,streamer này không đáng subscribe,streamer này không đáng subscribe
Khi doanh nghiệp tử tế thì xã hội sẽ tốt lên thôi,positive,useful,2,False,khi doanh nghiệp tử tế thì xã hội sẽ tốt lên thôi,khi doanh_nghiệp tử_tế thì xã_hội sẽ tốt lên thôi,khi doanh_nghiệp tử_tế thì xã_hội sẽ tốt lên thôi
có thêm kiến thức để tự bảo vệ mình,positive,useful,2,False,có thêm kiến thức để tự bảo vệ mình,có thêm kiến_thức để tự bảo_vệ mình,có thêm kiến_thức để tự bảo_vệ mình
Nhìn bàn tay thô như đàn ông,toxic,bodyshaming,0,False,nhìn bàn tay thô như đàn ông,nhìn bàn_tay thô như đàn_ông,nhìn bàn_tay thô như đàn_ông
"Bảo hành lâu quá, chưa nhận được phản hồi",negative,complaint,0,False,"bảo hành lâu quá, chưa nhận được phản hồi","bảo_hành lâu quá , chưa nhận được phản_hồi","bảo_hành lâu quá , chưa nhận được phản_hồi"
Game này pay-to-win rõ ràng luôn,negative,criticism,0,False,game này pay-to-win rõ ràng luôn,game này pay - to - win rõ_ràng luôn,game này pay - to - win rõ_ràng luôn
cai cach may viet status nhin la biet thieu muoi!,toxic,insult,0,True,cai cach may viet status nhin la biết thieu muoi!,cai cach may viet status nhin la biết thieu muoi !,cai cach may viet status nhin la biet thieu muoi !
Chưa thấy điểm khác biệt với sản phẩm cũ,negative,criticism,0,False,chưa thấy điểm khác biệt với sản phẩm cũ,chưa thấy điểm khác_biệt với sản_phẩm cũ,chưa thấy điểm khác_biệt với sản_phẩm cũ
Shop hứa giao nhanh mà chờ mòn cổ,toxic,insult,0,False,shop hứa giao nhanh mà chờ mòn cổ,shop hứa giao nhanh mà chờ mòn cổ,shop hứa giao nhanh mà chờ mòn cổ
Gear list share được không?,neutral,request,1,False,gear list share được không?,gear list share được không ?,gear list share được không ?
trophy wife,negative,status_symbol_spouse,0,False,trophy wife,trophy wife,trophy wife
Tương tác với chat như robot hỏng,toxic,insult,0,False,tương tác với chat như robot hỏng,tương_tác với chat như robot hỏng,tương_tác với chat như robot hỏng
thế xem sẽ có phạm pháp không,positive,appreciation,2,False,thế xem sẽ có phạm pháp không,thế xem sẽ có phạm_pháp không,thế xem sẽ có phạm_pháp không
Tôi sẽ đợi thêm phản hồi trước khi mua,neutral,statement,1,False,tôi sẽ đợi thêm phản hồi trước khi mua,tôi sẽ đợi thêm phản_hồi trước khi mua,tôi sẽ đợi thêm phản_hồi trước khi mua
Tuổi lồn mà đòi làm nội dung chất?,toxic,vulgar,0,False,tuổi lồn mà đòi làm nội dung chất?,tuổi lồn mà đòi làm nội_dung chất ?,tuổi lồn mà đòi làm nội_dung chất ?
Masterpiece! Kiệt tác,positive,masterpiece,2,False,masterpiece! kiệt tác,masterpiece ! kiệt_tác,masterpiece ! kiệt_tác
bạn này lồng Jaian hay ghê,positive,praise,2,False,bạn này lồng jaian hay ghê,bạn này lồng jaian hay ghê,bạn này lồng jaian hay ghê
Creative! Độc đáo,positive,creativity,2,False,creative! độc đáo,creative ! độc_đáo,creative ! độc_đáo
Privileged much?,negative,privilege,0,False,privileged much?,privileged much ?,privileged much ?
cảm giác bị lừa nhẹ khi bước vô quán,negative,disappointment,0,False,cảm giác bị lừa nhẹ khi bước vô quán,cảm_giác bị lừa nhẹ khi bước vô quán,cảm_giác bị lừa nhẹ khi bước vô quán
Nói chuyện như không có não,toxic,insult,0,False,nói chuyện như không có não,nói_chuyện như_không có não,nói_chuyện như_không có não
Người như này chỉ tổ làm xấu cộng đồng,toxic,insult,0,False,người như này chỉ tổ làm xấu cộng đồng,người như này chỉ tổ làm xấu cộng_đồng,người như này chỉ tổ làm xấu cộng_đồng
Có thể đổi trả không shop?,neutral,question,1,False,có thể đổi trả không shop?,có_thể đổi trả không shop ?,có_thể đổi trả không shop ?
cả lớp như bước ra từ phim điện ảnh,positive,style,2,False,cả lớp như bước ra từ phim điện ảnh,cả lớp như bước ra từ phim điện_ảnh,cả lớp như bước ra từ phim điện_ảnh
23333 trung funny,positive,chinese_laugh,2,False,23 trung funny,23 trung funny,23333 trung funny
"Server bảo trì hoài, mất cả hứng",negative,complaint,0,False,"server bảo trì hoài, mất cả hứng","server bảo_trì hoài , mất cả hứng","server bảo_trì hoài , mất cả hứng"
Macro game như không có não,toxic,insult,0,False,macro game như không có não,macro game như_không có não,macro game như_không có não
giọng giống con nít ghê 😅,neutral,observation,1,False,giọng giống con nít ghê 😅,giọng giống con_nít ghê_😅,giọng giống con_nít ghê_😅
Tính cách con người không thể hiện hết trong 1 clip,positive,useful,2,False,tính cách con người không thể hiện hết trong 1 clip,tính_cách con_người không_thể_hiện hết trong 1 clip,tính_cách con_người không_thể_hiện hết trong 1 clip
Tác giả có vẻ rất am hiểu lĩnh vực này,positive,compliment,2,False,tác giả có vẻ rất am hiểu lĩnh vực này,tác_giả có vẻ rất am_hiểu lĩnh_vực này,tác_giả có vẻ rất am_hiểu lĩnh_vực này
xem 1 phut la muon bo,negative,disappointment,0,False,xem 1 phut la muon bo,xem 1 phut la muon bo,xem 1 phut la muon bo
Shop chỉ biết móc hầu bao khách,toxic,insult,0,False,shop chỉ biết móc hầu bao khách,shop chỉ biết móc hầu_bao khách,shop chỉ biết móc hầu_bao khách
"Fan hakycon : \ai ép mua\""""",positive,appreciation,2,False,"fan hakycon : \ai ép mua\""""","fan hakycon : \ ai ép mua \ "" ""","fan hakycon : \ ai ép mua \ "" """
Bạn có bản dùng thử không?,neutral,question,1,False,bạn có bản dùng thử không?,bạn có bản dùng thử không ?,bạn có bản dùng thử không ?
Không thích meta game hiện tại chút nào,negative,criticism,0,False,không thích meta game hiện tại chút nào,không thích meta game hiện_tại chút nào,không thích meta game hiện_tại chút nào
Tôi sẽ xem xét,neutral,consideration,1,False,tôi sẽ xem xét,tôi sẽ xem_xét,tôi sẽ xem_xét
Phải coi từ nhiều phía chứ đừng nhìn 1 chiều,positive,useful,2,False,phải coi từ nhiều phía chứ đừng nhìn 1 chiều,phải coi từ nhiều phía chứ đừng nhìn 1 chiều,phải coi từ nhiều phía chứ đừng nhìn 1 chiều
Không rõ ý tưởng clip này,negative,criticism,0,False,không rõ ý tưởng clip này,không rõ ý_tưởng clip này,không rõ ý_tưởng clip này
fotd,neutral,face_of_day,1,False,fotd,fotd,fotd
Không thấy như quảng cáo,negative,disappointment,0,False,không thấy như quảng cáo,không thấy như quảng_cáo,không thấy như quảng_cáo
"Tôi học được nhiều từ bài này, thanks!",positive,gratitude,2,False,"tôi học được nhiều từ bài này, thanks!","tôi học được nhiều từ bài này , thanks !","tôi học được nhiều từ bài này , thanks !"
we stan,positive,support,2,False,we stan,we stan,we stan
giờ học mà không có aesthetic là bị lạc hậu à,neutral,humor,1,False,giờ học mà không có aesthetic là bị lạc hậu à,giờ học mà không có aesthetic là bị lạc_hậu à,giờ học mà không có aesthetic là bị lạc_hậu à
Backstory gì đây?,neutral,question,1,False,backstory gì đây?,backstory gì đây ?,backstory gì đây ?
nghĩ sao lớp học mà lộng lẫy quá vậy,neutral,unreal,1,False,nghĩ sao lớp học mà lộng lẫy quá vậy,nghĩ sao lớp_học mà lộng_lẫy quá_vậy,nghĩ sao lớp_học mà lộng_lẫy quá_vậy
ban co quay thuc don trong tuan khong?,neutral,question,1,False,ban co quay thuc don trong tuan khong?,ban co quay thuc don trong tuan khong ?,ban co quay thuc don trong tuan khong ?
"Chill đi bạn, đừng căng thẳng!",neutral,calm_down,1,False,"chill đi bạn, đừng căng thẳng!","chill đi bạn , đừng căng_thẳng !","chill đi bạn , đừng căng_thẳng !"
quán có vẻ là kiểu bán concept hơn là đồ ăn,negative,marketing,0,False,quán có vẻ là kiểu bán concept hơn là đồ ăn,quán có vẻ là kiểu bán concept hơn là đồ ăn,quán có vẻ là kiểu bán concept hơn là đồ ăn
Chất lượng tệ hại khôn tả,toxic,insult,0,False,chất lượng tệ hại khôn tả,chất_lượng tệ_hại khôn tả,chất_lượng tệ_hại khôn tả
"dù mắc nhưng nếu ngon thì cũng đáng, tiếc là không ngon",negative,review,0,False,"dù mắc nhưng nếu ngon thì cũng đáng, tiếc là không ngon","dù mắc nhưng nếu ngon thì cũng đáng , tiếc là không ngon","dù mắc nhưng nếu ngon thì cũng đáng , tiếc là không ngon"
Out of the box thinking,positive,innovative,2,False,out of the box thinking,out of the box thinking,out of the box thinking
xinh gai qua,positive,beautiful,2,False,xinh gai qua,xinh gai qua,xinh gai qua
Giao hàng COD mà thiếu tiền thừa,toxic,insult,0,False,giao hàng cod mà thiếu tiền thừa,giao hàng cod mà thiếu tiền thừa,giao hàng cod mà thiếu tiền thừa
do an trong clip duoc nau san hay tu lam?,neutral,question,1,False,do an trong clip duoc nau san hay tu lam?,do an trong clip duoc nau san hay tu lam ?,do an trong clip duoc nau san hay tu lam ?
duong nho ma oto dau loang choang,negative,complaint,0,False,duong nho ma oto dau loang choang,duong nho ma oto dau loang choang,duong nho ma oto dau loang choang
muốn tag ai đó nhưng sợ mất lòng,neutral,constraint,1,False,muốn tag ai đó nhưng sợ mất lòng,muốn tag ai đó nhưng sợ mất_lòng,muốn tag ai đó nhưng sợ mất_lòng
Thông tin này không thuyết phục tui,negative,skepticism,0,False,thông tin này không thuyết phục tui,thông_tin này không thuyết_phục tui,thông_tin này không thuyết_phục tui
ket xe ca tieng dong ho,negative,complaint,0,False,ket xe ca tieng dong ho,ket xe_ca tieng dong_ho,ket xe_ca tieng dong_ho
Không liên quan lắm,neutral,statement,1,False,không liên quan lắm,không liên_quan lắm,không liên_quan lắm
gaslight gatekeep girlboss,negative,problematic_feminism,0,False,gaslight gatekeep girlboss,gaslight gatekeep girlboss,gaslight gatekeep girlboss
em tình nguyện nhập viện chỉ cần gặp anh,positive,flirt,2,False,em tình nguyện nhập viện chỉ cần gặp anh,em tình_nguyện nhập_viện chỉ cần gặp anh,em tình_nguyện nhập_viện chỉ cần gặp anh
coi đi coi lại vẫn mắc cười,positive,entertainment,2,False,coi đi coi lại vẫn mắc cười,coi đi coi lại vẫn mắc cười,coi đi coi lại vẫn mắc cười
Collab với ai đó đi bạn,neutral,suggestion,1,False,collab với ai đó đi bạn,collab với ai đó đi bạn,collab với ai đó đi bạn
Flawless execution,positive,perfect_execution,2,False,flawless execution,flawless execution,flawless execution
Cơm quê mà giá này chắc bán ở sao Kim 😅,negative,sarcasm,0,False,cơm quê mà giá này chắc bán ở sao kim 😅,cơm quê mà giá này chắc bán ở sao kim 😅,cơm quê mà giá này chắc bán ở sao kim 😅
"Đẻ con ra khổ thế này, chán",negative,anger,0,False,"đẻ con ra khổ thế này, chán","đẻ con ra khổ thế này , chán","đẻ con ra khổ thế này , chán"
Third wheel life,neutral,single_status,1,False,third wheel life,third wheel life,third wheel life
"Nhìn clip mà xót quá, thương anh",positive,neutral,2,False,"nhìn clip mà xót quá, thương anh","nhìn clip mà xót quá , thương anh","nhìn clip mà xót quá , thương anh"
Cần tham khảo thêm ý kiến người khác,neutral,statement,1,False,cần tham khảo thêm ý kiến người khác,cần tham_khảo thêm ý_kiến người khác,cần tham_khảo thêm ý_kiến người khác
Đẹp từ trong ra ngoài luôn,positive,compliment,2,False,đẹp từ trong ra ngoài luôn,đẹp từ trong ra ngoài luôn,đẹp từ trong ra ngoài luôn
món ăn bình dân mà giá sang chảnh,negative,mispricing,0,False,món ăn bình dân mà giá sang chảnh,món ăn bình_dân mà giá sang chảnh,món ăn bình_dân mà giá sang chảnh
cap gì mà như viết cho riêng mình vậy trời,positive,emotional,2,False,cap gì mà như viết cho riêng mình vậy trời,cap gì mà như viết cho riêng mình vậy trời,cap gì mà như viết cho riêng mình vậy trời
Không thích giao diện mới của game,negative,criticism,0,False,không thích giao diện mới của game,không thích giao_diện mới của game,không thích giao_diện mới của game
Post ảnh vacation mà ở nhà,toxic,insult,0,False,post ảnh vacation mà ở nhà,post ảnh vacation mà ở nhà,post ảnh vacation mà ở nhà
đừng phán xét nhau vì nơi sinh sống nha,positive,acceptance,2,False,đừng phán xét nhau vì nơi sinh sống nha,đừng phán_xét nhau vì nơi sinh_sống nha,đừng phán_xét nhau vì nơi sinh_sống nha
Ảnh hair style mà như tai nạn,toxic,insult,0,False,ảnh hair style mà như tai nạn,ảnh hair style mà như tai_nạn,ảnh hair style mà như tai_nạn
Chỉ biết stream game popular để câu view,toxic,insult,0,False,chỉ biết stream game popular để câu view,chỉ biết stream game popular để câu view,chỉ biết stream game popular để câu view
"Ngáo đá xong kêu tâm thần, chiêu cũ rích",negative,sarcasm,0,False,"ngáo đá xong kêu tâm thần, chiêu cũ rích","ngáo đá xong kêu tâm_thần , chiêu cũ_rích","ngáo đá xong kêu tâm_thần , chiêu cũ_rích"
k phai gu cua t,negative,personal_preference,0,True,không phai gu cua t,không phai gu cua t,k phai gu cua t
sao may cu thich di drama tren fb voi nguoi khac?,toxic,insult,0,True,sao may cu thích di drama tren facebook voi người khac?,sao may cu thích di_drama tren facebook voi người khac ?,sao may cu thich di_drama tren fb voi nguoi khac ?
Thời tiết thế này đúng là yêu luôn,positive,neutral,2,False,thời tiết thế này đúng là yêu luôn,thời_tiết thế này đúng là yêu luôn,thời_tiết thế này đúng là yêu luôn
cap kiểu này dễ bị hiểu lầm ghê,neutral,misunderstanding,1,False,cap kiểu này dễ bị hiểu lầm ghê,cap kiểu này dễ bị hiểu lầm ghê,cap kiểu này dễ bị hiểu lầm ghê
đây là phương pháp trị liệu bằng ánh mắt,positive,flirt,2,False,đây là phương pháp trị liệu bằng ánh mắt,đây là phương_pháp_trị_liệu bằng ánh mắt,đây là phương_pháp_trị_liệu bằng ánh mắt
cai mat may beo the ma cung tu tin post anh a?,toxic,insult,0,False,cai mat may beo the ma cung tu tin post anh a?,cai mat may beo the ma cung tu tin post anh a ?,cai mat may beo the ma cung tu tin post anh a ?
đây là định nghĩa mới của vật lý trị liệu,positive,wordplay,2,False,đây là định nghĩa mới của vật lý trị liệu,đây là định_nghĩa mới của vật_lý trị_liệu,đây là định_nghĩa mới của vật_lý trị_liệu
cai chan ngan tui do ma may cung dam khoe a?,toxic,insult,0,False,cai chan ngan tui do ma may cung dam khoe a?,cai chan ngan tui do ma may cung dam khoe a ?,cai chan ngan tui do ma may cung dam khoe a ?
"Được thôi, cứ làm tiếp đi",neutral,acceptance,1,False,"được thôi, cứ làm tiếp đi","được thôi , cứ làm tiếp đi","được thôi , cứ làm tiếp đi"
Gương mặt lệch mà cứ thích chụp selfie,toxic,bodyshaming,0,False,gương mặt lệch mà cứ thích chụp selfie,gương_mặt lệch mà cứ thích chụp selfie,gương_mặt lệch mà cứ thích chụp selfie
"Plot twist đỉnh vcl, bất ngờ lun!",positive,surprise,2,False,"plot twist đỉnh vcl, bất ngờ lun!","plot twist đỉnh vcl , bất_ngờ lun !","plot twist đỉnh vcl , bất_ngờ lun !"
tim đập nhanh hơn cả lúc đau bụng,positive,emotion,2,False,tim đập nhanh hơn cả lúc đau bụng,tim đập nhanh hơn cả lúc đau bụng,tim đập nhanh hơn cả lúc đau bụng
Post nhiều mà like ít thảm hại,toxic,insult,0,False,post nhiều mà like ít thảm hại,post nhiều mà like ít thảm_hại,post nhiều mà like ít thảm_hại
ban an nhanh that,neutral,statement,1,False,ban an nhanh that,ban an nhanh that,ban an nhanh that
noi chuyen chang ro,negative,criticism,0,False,noi chuyen chang ro,noi chuyen chang ro,noi chuyen chang ro
sao may cu thich di noi xau nguoi khac tren fb?,toxic,insult,0,True,sao may cu thích di noi xau người khac tren fb?,sao may cu thích di_noi xau người khac tren fb ?,sao may cu thich di_noi xau nguoi khac tren fb ?
mọi người đọc cap rồi tag người yêu cũ vô kìa,toxic,provocative,0,False,mọi người đọc cap rồi tag người yêu cũ vô kìa,mọi người đọc cap rồi tag người_yêu cũ vô kìa,mọi người đọc cap rồi tag người_yêu cũ vô kìa
"Mỗi người một ý, đừng ép nhau nghĩ giống nhau",positive,useful,2,False,"mỗi người một ý, đừng ép nhau nghĩ giống nhau","mỗi người một ý , đừng ép nhau nghĩ giống nhau","mỗi người một ý , đừng ép nhau nghĩ giống nhau"
"Quảng cáo hoài, chán vcl luôn!",negative,annoyance,0,True,"quảng cáo hoài, chán vãi cả lồn luôn!","quảng_cáo hoài , chán vãi cả lồn luôn !","quảng_cáo hoài , chán vcl luôn !"
"Đôi này cute vãi, ship nhiệt tình!",positive,relationship_goals,2,False,"đôi này cute vãi, ship nhiệt tình!","đôi này cute vãi , ship nhiệt_tình !","đôi này cute vãi , ship nhiệt_tình !"
may nghi post cai clip do len fb la ngau lam a?,toxic,insult,0,True,may nghi post cai clip do len facebook la ngau lam a?,may nghi_post cai clip do len facebook la ngau lam a ?,may nghi_post cai clip do len fb la ngau lam a ?
ai đó quay lén giỏi ghê,positive,skill,2,False,ai đó quay lén giỏi ghê,ai đó quay lén giỏi ghê,ai đó quay lén giỏi ghê
Chơi game mà blame team suốt,toxic,insult,0,False,chơi game mà blame team suốt,chơi game mà blame team suốt,chơi game mà blame team suốt
Không ai muốn nói chuyện với bạn đâu,toxic,insult,0,False,không ai muốn nói chuyện với bạn đâu,không ai muốn nói_chuyện với bạn đâu,không ai muốn nói_chuyện với bạn đâu
Stream mà schedule như con gió,toxic,insult,0,False,stream mà schedule như con gió,stream mà schedule như con gió,stream mà schedule như con gió
Video này viral chắc luôn!,positive,popular,2,False,video này viral chắc luôn!,video này viral chắc luôn !,video này viral chắc luôn !
cam on b nhieu nhe,positive,gratitude,2,False,cam on b nhieu nhe,cam on b nhieu_nhe,cam on b nhieu_nhe
nội dung khó hiểu mà lại cuốn cực kỳ,positive,intrigue,2,False,nội dung khó hiểu mà lại cuốn cực kỳ,nội_dung khó hiểu mà_lại cuốn cực_kỳ,nội_dung khó hiểu mà_lại cuốn cực_kỳ
Bắc giang chỗ t k có vải đâu cmay ơi,neutral,regional\_correction,1,True,bắc giang chỗ t không có vải đâu cmay ơi,bắc giang chỗ t không có vải đâu cmay ơi,bắc giang chỗ t_k có vải đâu cmay ơi
Bạn nhận xét gì về kiểu dáng sản phẩm?,neutral,question,1,False,bạn nhận xét gì về kiểu dáng sản phẩm?,bạn nhận_xét gì về kiểu_dáng sản_phẩm ?,bạn nhận_xét gì về kiểu_dáng sản_phẩm ?
Cứ tưởng nổi tiếng lắm,toxic,insult,0,False,cứ tưởng nổi tiếng lắm,cứ tưởng nổi_tiếng lắm,cứ tưởng nổi_tiếng lắm
xe ban tai leo len dai phan cach,negative,criticism,0,False,xe ban tai leo len dai phan cach,xe ban tai leo len dai phan cach,xe ban tai leo len dai phan cach
Focus wrong target trong teamfight,toxic,insult,0,False,focus wrong target trong teamfight,focus wrong target trong teamfight,focus wrong target trong teamfight
Bạn thấy màu nào đẹp nhất?,neutral,question,1,False,bạn thấy màu nào đẹp nhất?,bạn thấy màu nào đẹp nhất ?,bạn thấy màu nào đẹp nhất ?
mình thấy mấy bạn nên dừng lại rồi đó,negative,boundary,0,False,mình thấy mấy bạn nên dừng lại rồi đó,mình thấy mấy bạn nên dừng lại rồi đó,mình thấy mấy bạn nên dừng lại rồi đó
Stream như đang diễn kịch câm,toxic,insult,0,False,stream như đang diễn kịch câm,stream như đang diễn kịch_câm,stream như đang diễn kịch_câm
"Tóc thì bết dính, nhìn gớm thật",toxic,bodyshaming,0,False,"tóc thì bết dính, nhìn gớm thật","tóc thì bết dính , nhìn gớm thật","tóc thì bết dính , nhìn gớm thật"
Hàng kém chất lượng kinh hoàng,toxic,insult,0,False,hàng kém chất lượng kinh hoàng,hàng kém chất_lượng kinh_hoàng,hàng kém chất_lượng kinh_hoàng
an xong ngat vi bot ngot,negative,disappointment,0,False,an xong ngat vi bot ngot,an xong ngat vi bot ngot,an xong ngat vi bot ngot
Nội dung xem chẳng hiểu gì cả,negative,criticism,0,False,nội dung xem chẳng hiểu gì cả,nội_dung xem chẳng hiểu gì cả,nội_dung xem chẳng hiểu gì cả
Câm mồm lại đi thằng óc chó,toxic,aggressive,0,True,câm mồm lại đi thằng óc chó,câm mồm lại đi thằng óc chó,câm mồm lại đi thằng óc chó
Nobita này dư sức đánh jaien,positive,funny,2,False,nobita này dư sức đánh jaien,nobita này dư sức đánh jaien,nobita này dư sức đánh jaien
xem một lần là nhớ cả đời,positive,memorable,2,False,xem một lần là nhớ cả đời,xem một lần là nhớ cả đời,xem một lần là nhớ cả đời
Hình ảnh đẹp quá! Like ngay,positive,appreciation,2,False,hình ảnh đẹp quá! like ngay,hình_ảnh đẹp quá ! like ngay,hình_ảnh đẹp quá ! like ngay
từng giọng gắn liền với từng ký ức,positive,nostalgia,2,False,từng giọng gắn liền với từng ký ức,từng giọng gắn liền với từng ký_ức,từng giọng gắn liền với từng ký_ức
Video này đúng là tuyệt phẩm!,positive,masterpiece,2,False,video này đúng là tuyệt phẩm!,video này đúng là tuyệt phẩm !,video này đúng là tuyệt phẩm !
thanh niên mẫu mực nè,positive,compliment,2,False,thanh niên mẫu mực nè,thanh_niên mẫu_mực nè,thanh_niên mẫu_mực nè
Không hài lòng với event lần này,negative,criticism,0,False,không hài lòng với event lần này,không hài_lòng với event lần này,không hài_lòng với event lần này
người đẹp nên cảnh cũng auto đẹp theo,positive,humor,2,False,người đẹp nên cảnh cũng auto đẹp theo,người đẹp nên cảnh cũng auto đẹp theo,người đẹp nên cảnh cũng auto đẹp theo
Chill đi bạn! Bình tĩnh,neutral,calm_down,1,False,chill đi bạn! bình tĩnh,chill đi bạn ! bình_tĩnh,chill đi bạn ! bình_tĩnh
banh trang uot het,negative,complaint,0,False,banh trang uot het,banh trang uot het,banh trang uot het
Fill me in được không?,neutral,request,1,False,fill me in được không?,fill me in được không ?,fill me in được không ?
Tư vấn khách như không muốn làm,toxic,insult,0,False,tư vấn khách như không muốn làm,tư_vấn khách như_không muốn làm,tư_vấn khách như_không muốn làm
Người gì vừa đen vừa xấu lại còn khoe da,toxic,bodyshaming,0,False,người gì vừa đen vừa xấu lại còn khoe da,người gì vừa đen vừa xấu lại còn khoe da,người gì vừa đen vừa xấu lại còn khoe da
Quán cơm quê dượng bầu đúng là huyền thoại 😎,positive,neutral,2,False,quán cơm quê dượng bầu đúng là huyền thoại 😎,quán cơm quê dượng bầu đúng là huyền_thoại_😎,quán cơm quê dượng bầu đúng là huyền_thoại_😎
"Sản phẩm cũ, không phải mới 100%",negative,complaint,0,False,"sản phẩm cũ, không phải mới 100%","sản_phẩm cũ , không phải mới 100 %","sản_phẩm cũ , không phải mới 100 %"
Đặt hàng mà không nhận được quà tặng,negative,complaint,0,False,đặt hàng mà không nhận được quà tặng,đặt_hàng mà không nhận được quà tặng,đặt_hàng mà không nhận được quà tặng
Comforting! Ấm lòng quá,positive,comfort,2,False,comforting! ấm lòng quá,comforting ! ấm lòng quá,comforting ! ấm lòng quá
Game này khó lên cấp quá,negative,disappointment,0,False,game này khó lên cấp quá,game này khó lên cấp quá,game này khó lên cấp quá
"Thất vọng ghê, tui mong hay hơn nhiều",negative,disappointment,0,False,"thất vọng ghê, tui mong hay hơn nhiều","thất_vọng ghê , tui mong hay hơn nhiều","thất_vọng ghê , tui mong hay hơn nhiều"
sao the,neutral,question,1,False,sao the,sao the,sao the
clip nay co phai la challenge an nhanh khong?,neutral,question,1,False,clip nay co phai la challenge an nhanh khong?,clip nay co phai la challenge an nhanh khong ?,clip nay co phai la challenge an nhanh khong ?
"Đẻ con ra khổ thế này, nghĩ sao",negative,anger,0,False,"đẻ con ra khổ thế này, nghĩ sao","đẻ con ra khổ thế này , nghĩ sao","đẻ con ra khổ thế này , nghĩ sao"
"Yêu nội dung của bạn, đỉnh quá!",positive,admiration,2,False,"yêu nội dung của bạn, đỉnh quá!","yêu nội_dung của bạn , đỉnh quá !","yêu nội_dung của bạn , đỉnh quá !"
"Video này đỉnh thật, bạn làm tốt lắm!",positive,compliment,2,False,"video này đỉnh thật, bạn làm tốt lắm!","video này đỉnh thật , bạn làm tốt lắm !","video này đỉnh thật , bạn làm tốt lắm !"
Bạn cập nhật tính năng mới chưa?,neutral,question,1,False,bạn cập nhật tính năng mới chưa?,bạn cập_nhật tính_năng mới chưa ?,bạn cập_nhật tính_năng mới chưa ?
quá hợp lý luôn rồi còn gì nữa,positive,agreement,2,False,quá hợp lý luôn rồi còn gì nữa,quá hợp_lý luôn rồi còn gì nữa,quá hợp_lý luôn rồi còn gì nữa
có ai tua đi tua lại giống tui không?,positive,loop,2,False,có ai tua đi tua lại giống tui không?,có ai tua đi_tua lại giống tui không ?,có ai tua đi_tua lại giống tui không ?
tui nghĩ lại thời đi học mà chỉ có bảng và ghế nhựa,positive,throwback,2,False,tui nghĩ lại thời đi học mà chỉ có bảng và ghế nhựa,tui nghĩ_lại thời đi học mà chỉ có bảng và ghế nhựa,tui nghĩ_lại thời đi học mà chỉ có bảng và ghế nhựa
"Vắt kiệt view cơm quê dượng bầu, Huy ơi!",neutral,humor,1,False,"vắt kiệt view cơm quê dượng bầu, huy ơi!","vắt kiệt view cơm quê dượng bầu , huy ơi !","vắt kiệt view cơm quê dượng bầu , huy ơi !"
tự nhiên nhớ mấy tập Doraemon cảm động ghê,positive,nostalgia,2,False,tự nhiên nhớ mấy tập doraemon cảm động ghê,tự_nhiên nhớ mấy tập doraemon cảm_động ghê,tự_nhiên nhớ mấy tập doraemon cảm_động ghê
Tui tưởng người Nhật lồng chứ =)),neutral,misunderstanding,1,False,tui tưởng người nhật lồng chứ =)),tui tưởng người nhật lồng chứ = ) ),tui tưởng người nhật lồng chứ = ) )
xe may chay nguoc chieu nhieu qua,negative,criticism,0,False,xe may chay nguoc chieu nhieu qua,xe may chay nguoc chieu nhieu qua,xe may chay nguoc chieu nhieu qua
selamat anda menemukan komen indo,neutral,language,1,False,selamat anda menemukan komen indo,selamat anda menemukan komen indo,selamat anda menemukan komen indo
Cupid skip tôi rồi,negative,loneliness,0,False,cupid skip tôi rồi,cupid skip tôi rồi,cupid skip tôi rồi
kịch bản hay ghê á nha,positive,creativity,2,False,kịch bản hay ghê á nha,kịch_bản hay ghê_á nha,kịch_bản hay ghê_á nha
Hỗ trợ bảo hành lâu quá,negative,complaint,0,False,hỗ trợ bảo hành lâu quá,hỗ_trợ bảo_hành lâu quá,hỗ_trợ bảo_hành lâu quá
may nghi may la hotface ma cu comment khap noi a?,toxic,insult,0,False,may nghi may la hotface ma cu comment khap noi a?,may nghi may la hotface ma cu comment khap noi a ?,may nghi may la hotface ma cu comment khap noi a ?
sao may cu thich di cong kich nguoi khac tren fb?,toxic,insult,0,True,sao may cu thích di cong kich người khac tren fb?,sao may cu thích di_cong kich người khac tren fb ?,sao may cu thich di_cong kich nguoi khac tren fb ?
"Gương mặt vô hồn, như người mất ngủ",toxic,bodyshaming,0,False,"gương mặt vô hồn, như người mất ngủ","gương_mặt vô_hồn , như người mất_ngủ","gương_mặt vô_hồn , như người mất_ngủ"
sao may khong biet xau ho ma cu thich khoe tren fb?,toxic,insult,0,True,sao may khong biết xau ho ma cu thích khoe tren fb?,sao may khong biết xau ho ma cu thích khoe tren fb ?,sao may khong biet xau ho ma cu thich khoe tren fb ?
ngồi im đọc cap mà tim đập thình thịch,positive,emotional,2,False,ngồi im đọc cap mà tim đập thình thịch,ngồi im đọc cap mà tim đập thình_thịch,ngồi im đọc cap mà tim đập thình_thịch
sao may dam mac bikini voi cai body te the do?,toxic,insult,0,False,sao may dam mac bikini voi cai body te the do?,sao may dam mac bikini voi cai body te the do ?,sao may dam mac bikini voi cai body te the do ?
Không rõ thông điệp muốn truyền tải,negative,criticism,0,False,không rõ thông điệp muốn truyền tải,không rõ thông_điệp muốn truyền_tải,không rõ thông_điệp muốn truyền_tải
"Đi bộ thời này có khổ cực gì đâu, hai năm là xong",positive,appreciation,2,False,"đi bộ thời này có khổ cực gì đâu, hai năm là xong","đi bộ thời này có khổ_cực gì đâu , hai năm là xong","đi bộ thời này có khổ_cực gì đâu , hai năm là xong"
Hài hước chút cho vui nhà vui cửa,positive,excitement,2,False,hài hước chút cho vui nhà vui cửa,hài_hước chút cho vui nhà vui cửa,hài_hước chút cho vui nhà vui cửa
cảm giác trường người ta khác hẳn,neutral,comparison,1,False,cảm giác trường người ta khác hẳn,cảm_giác trường người_ta khác hẳn,cảm_giác trường người_ta khác hẳn
comment kiểu này dễ gây hiểu lầm,neutral,misinterpretation,1,False,comment kiểu này dễ gây hiểu lầm,comment kiểu này dễ gây hiểu lầm,comment kiểu này dễ gây hiểu lầm
Đơn giản là quá thất vọng,toxic,insult,0,False,đơn giản là quá thất vọng,đơn_giản là quá thất_vọng,đơn_giản là quá thất_vọng
potd,neutral,product_of_day,1,False,potd,potd,potd
Lỗi rồi bạn ơi,neutral,technical_issue,1,False,lỗi rồi bạn ơi,lỗi rồi bạn ơi,lỗi rồi bạn ơi
Hệ thống rank không công bằng chút nào,negative,criticism,0,False,hệ thống rank không công bằng chút nào,hệ_thống rank không công_bằng chút nào,hệ_thống rank không công_bằng chút nào
Sống kiểu này chỉ tổ làm phiền thiên hạ,toxic,insult,0,False,sống kiểu này chỉ tổ làm phiền thiên hạ,sống kiểu này chỉ tổ làm_phiền thiên_hạ,sống kiểu này chỉ tổ làm_phiền thiên_hạ
Bạn có gặp lỗi khi sử dụng không?,neutral,question,1,False,bạn có gặp lỗi khi sử dụng không?,bạn có gặp lỗi khi sử_dụng không ?,bạn có gặp lỗi khi sử_dụng không ?
Cute overload! Không chịu nổi,positive,cute,2,False,cute overload! không chịu nổi,cute overload ! không chịu nổi,cute overload ! không chịu nổi
"Mặt cứ đơ đơ, phản ứng lố bịch",toxic,insult,0,False,"mặt cứ đơ đơ, phản ứng lố bịch","mặt cứ đơ đơ , phản_ứng lố_bịch","mặt cứ đơ đơ , phản_ứng lố_bịch"
nếu như ăn 1 bữa cơm đầy đủ ở cơm quê dượng bầu thì sao?,neutral,curiosity,1,False,nếu như ăn 1 bữa cơm đầy đủ ở cơm quê dượng bầu thì sao?,nếu_như ăn 1 bữa cơm đầy_đủ ở cơm quê dượng bầu thì sao ?,nếu_như ăn 1 bữa cơm đầy_đủ ở cơm quê dượng bầu thì sao ?
cai anh do nhin ma muon report ngay va luon!,toxic,insult,0,False,cai anh do nhin ma muon report ngay va luon!,cai anh do nhin ma muon report ngay va luon !,cai anh do nhin ma muon report ngay va luon !
xem xong thấy cũng ngại ngại cho quê mình,negative,shame,0,False,xem xong thấy cũng ngại ngại cho quê mình,xem xong thấy cũng ngại ngại cho quê mình,xem xong thấy cũng ngại ngại cho quê mình
Mày nhái Liên Quân mà dở vcl!,toxic,insult,0,False,mày nhái liên quân mà dở vcl!,mày nhái liên_quân mà dở vcl !,mày nhái liên_quân mà dở vcl !
Mỗi lần đi qua hầm lại thấy tự hào,positive,appreciation,2,False,mỗi lần đi qua hầm lại thấy tự hào,mỗi lần đi qua hầm lại thấy tự_hào,mỗi lần đi qua hầm lại thấy tự_hào
quán trang trí đẹp nhưng đồ ăn không tương xứng giá,negative,review,0,False,quán trang trí đẹp nhưng đồ ăn không tương xứng giá,quán trang_trí đẹp nhưng đồ ăn_không tương_xứng giá,quán trang_trí đẹp nhưng đồ ăn_không tương_xứng giá
nghe mà thấy mình quay lại thời nhỏ luôn,positive,flashback,2,False,nghe mà thấy mình quay lại thời nhỏ luôn,nghe mà thấy mình quay lại thời nhỏ luôn,nghe mà thấy mình quay lại thời nhỏ luôn
Ấn Độ ở châu phi hả,neutral,confused,1,False,ấn độ ở châu phi hả,ấn độ ở châu phi_hả,ấn độ ở châu phi_hả
Không thấy có sự đầu tư,negative,criticism,0,False,không thấy có sự đầu tư,không thấy có sự đầu_tư,không thấy có sự đầu_tư
Không cấm được thì nên học cách thích nghi,positive,useful,2,False,không cấm được thì nên học cách thích nghi,không cấm được thì nên học cách thích_nghi,không cấm được thì nên học cách thích_nghi
"Xúc động quá, tui khóc luôn!",positive,emotional,2,False,"xúc động quá, tui khóc luôn!","xúc_động quá , tui khóc luôn !","xúc_động quá , tui khóc luôn !"
Awkward! Ngại ngùng giùm bạn,negative,awkward,0,False,awkward! ngại ngùng giùm bạn,awkward ! ngại_ngùng giùm bạn,awkward ! ngại_ngùng giùm bạn
Ai thả ông này ra mà để vô phá hoại vậy trời,neutral,question,1,False,ai thả ông này ra mà để vô phá hoại vậy trời,ai thả ông này ra mà để vô phá_hoại_vậy trời,ai thả ông này ra mà để vô phá_hoại_vậy trời
Setup này bao nhiêu tiền?,neutral,question,1,False,setup này bao nhiêu tiền?,setup này bao_nhiêu tiền ?,setup này bao_nhiêu tiền ?
Giao hàng muộn mà còn làm mặt lạnh,toxic,insult,0,False,giao hàng muộn mà còn làm mặt lạnh,giao hàng muộn mà còn làm mặt lạnh,giao hàng muộn mà còn làm mặt lạnh
"Cơm quê giá cổng trời, đắt xỉu",negative,sarcasm,0,False,"cơm quê giá cổng trời, đắt xỉu","cơm quê giá cổng trời , đắt xỉu","cơm quê giá cổng trời , đắt xỉu"
"Cơm quê giá thượng, ăn xong muốn bay 😄",negative,humor,0,False,"cơm quê giá thượng, ăn xong muốn bay 😄","cơm quê giá thượng , ăn xong muốn bay 😄","cơm quê giá thượng , ăn xong muốn bay 😄"
Sản phẩm không có tem bảo hành,negative,concern,0,False,sản phẩm không có tem bảo hành,sản_phẩm không có tem bảo_hành,sản_phẩm không có tem bảo_hành
clip làm rõ ràng dễ hiểu ghê,positive,compliment,2,False,clip làm rõ ràng dễ hiểu ghê,clip làm rõ_ràng dễ hiểu ghê,clip làm rõ_ràng dễ hiểu ghê
Không thấy hiệu quả như quảng cáo,negative,disappointment,0,False,không thấy hiệu quả như quảng cáo,không thấy hiệu_quả như quảng_cáo,không thấy hiệu_quả như quảng_cáo
"Đm, video gì mà dở vcl!",toxic,vulgar,0,False,"đm, video gì mà dở vcl!","đm , video gì mà dở vcl !","đm , video gì mà dở vcl !"
ai cũng mang ipad đi học như trend,neutral,observation,1,False,ai cũng mang ipad đi học như trend,ai cũng mang ipad đi học như trend,ai cũng mang ipad đi học như trend
"Hài vl, chắc nghĩ mình là vua triều Nguyễn",neutral,humor,1,False,"hài vl, chắc nghĩ mình là vua triều nguyễn","hài vl , chắc nghĩ mình là vua triều nguyễn","hài vl , chắc nghĩ mình là vua triều nguyễn"
Destroyed! Nghiền nát,positive,overwhelming_success,2,False,destroyed! nghiền nát,destroyed ! nghiền nát,destroyed ! nghiền nát
cái cap gây lú quá mọi người ơi,neutral,confusion,1,False,cái cap gây lú quá mọi người ơi,cái cap gây lú quá mọi người ơi,cái cap gây lú quá mọi người ơi
từng bị người ta bắt chước giọng rồi cười,negative,mockery,0,False,từng bị người ta bắt chước giọng rồi cười,từng bị người_ta bắt_chước giọng rồi cười,từng bị người_ta bắt_chước giọng rồi cười
Tôi ngưỡng mộ sự kiên trì của bạn,positive,admiration,2,False,tôi ngưỡng mộ sự kiên trì của bạn,tôi ngưỡng_mộ sự kiên_trì của bạn,tôi ngưỡng_mộ sự kiên_trì của bạn
tụi mình nên tập chấp nhận sự khác biệt,positive,acceptance,2,False,tụi mình nên tập chấp nhận sự khác biệt,tụi mình nên tập chấp_nhận sự khác_biệt,tụi mình nên tập chấp_nhận sự khác_biệt
may nghi cai chan cong queo do la quyen ru a?,toxic,insult,0,False,may nghi cai chan cong queo do la quyen ru a?,may nghi cai chan cong_queo do la quyen ru a ?,may nghi cai chan cong_queo do la quyen ru a ?
"quan on ao, nhieu ruoi",negative,complaint,0,False,"quan on ao, nhieu ruoi","quan on ao , nhieu ruoi","quan on ao , nhieu ruoi"
vùng nào cũng có người này người kia mà,neutral,balanced,1,False,vùng nào cũng có người này người kia mà,vùng nào cũng có người này người kia_mà,vùng nào cũng có người này người kia_mà
Cần so sánh các phiên bản cũ và mới,neutral,request,1,False,cần so sánh các phiên bản cũ và mới,cần so_sánh các phiên_bản cũ và mới,cần so_sánh các phiên_bản cũ và mới
cai video do ma may cung dam share len fb a?,toxic,insult,0,True,cai video do ma may cung dam share len facebook a?,cai video do ma may cung dam share len facebook a ?,cai video do ma may cung dam share len fb a ?
bệnh nhân sắp khóc vì đẹp quá chứ không phải đau,positive,humor,2,False,bệnh nhân sắp khóc vì đẹp quá chứ không phải đau,bệnh_nhân sắp khóc vì đẹp quá chứ không phải đau,bệnh_nhân sắp khóc vì đẹp quá chứ không phải đau
Thấy cơm quê dượng bầu khịa anh Huy ở đâu vậy? 😄,neutral,question,1,False,thấy cơm quê dượng bầu khịa anh huy ở đâu vậy? 😄,thấy cơm quê dượng bầu khịa anh huy ở đâu_vậy ? 😄,thấy cơm quê dượng bầu khịa anh huy ở đâu_vậy ? 😄
"Nghèo thì đừng đẻ, khổ con cái",negative,suggestion,0,False,"nghèo thì đừng đẻ, khổ con cái","nghèo thì đừng đẻ , khổ con_cái","nghèo thì đừng đẻ , khổ con_cái"
Sản phẩm bị thiếu phụ kiện đi kèm,negative,complaint,0,False,sản phẩm bị thiếu phụ kiện đi kèm,sản_phẩm bị thiếu_phụ_kiện đi kèm,sản_phẩm bị thiếu_phụ_kiện đi kèm
Mày tuổi gì mà khoe khoang zậy?,toxic,aggressive,0,False,mày tuổi gì mà khoe khoang zậy?,mày tuổi gì mà khoe_khoang zậy ?,mày tuổi gì mà khoe_khoang zậy ?
"b noi dung vl, t cug yk",positive,agreement,2,False,"b noi dung vl, t cug yk","b noi dung vl , t cug yk","b noi dung vl , t cug yk"
cl,toxic,abbreviation_vulgar,0,False,cl,cl,cl
"An ninh yếu quá, cần cải thiện ngay",negative,suggestion,0,False,"an ninh yếu quá, cần cải thiện ngay","an_ninh yếu quá , cần cải_thiện ngay","an_ninh yếu quá , cần cải_thiện ngay"
Biết mình sai mà còn bào chữa,toxic,insult,0,False,biết mình sai mà còn bào chữa,biết mình sai mà còn bào_chữa,biết mình sai mà còn bào_chữa
co ai xem clip nay luc dang do an khong?,neutral,question,1,False,co ai xem clip nay luc dang do an khong?,co ai xem clip nay luc dang do an khong ?,co ai xem clip nay luc dang do an khong ?
Left no crumbs! Không chừa gì,positive,complete_success,2,False,left no crumbs! không chừa gì,left no crumbs ! không chừa gì,left no crumbs ! không chừa gì
sao may cu post anh voi cai voc dang te hai do?,toxic,insult,0,False,sao may cu post anh voi cai voc dang te hai do?,sao may cu post anh voi cai voc dang te hai do ?,sao may cu post anh voi cai voc dang te hai do ?
Tim t xĩu vs clip nì lun!,positive,heartwarming,2,True,tim t xĩu với clip nì lun!,tim t xĩu với clip nì lun !,tim t xĩu vs clip nì lun !
tưởng qc lăn nách😭,positive,mistaken\_identity,2,True,tưởng quảng cáo lăn nách😭,tưởng quảng_cáo lăn nách_😭,tưởng qc lăn nách_😭
"Bài viết rất bổ ích, tôi đã học được nhiều điều",positive,appreciation,2,False,"bài viết rất bổ ích, tôi đã học được nhiều điều","bài viết rất bổ_ích , tôi đã học được nhiều điều","bài viết rất bổ_ích , tôi đã học được nhiều điều"
Phản hồi tin nhắn quá chậm,negative,complaint,0,False,phản hồi tin nhắn quá chậm,phản_hồi tin nhắn quá chậm,phản_hồi tin nhắn quá chậm
Support mà không ward,toxic,insult,0,False,support mà không ward,support mà không ward,support mà không ward
Bio viết như CEO mà thực tế thất nghiệp,toxic,insult,0,False,bio viết như ceo mà thực tế thất nghiệp,bio viết như ceo mà thực_tế thất_nghiệp,bio viết như ceo mà thực_tế thất_nghiệp
Much appreciated!,positive,gratitude,2,False,much appreciated!,much appreciated !,much appreciated !
Lừa đảo đấy mọi người,negative,warning,0,False,lừa đảo đấy mọi người,lừa_đảo đấy mọi người,lừa_đảo đấy mọi người
Chúc bạn sớm bình phục nha,positive,care,2,False,chúc bạn sớm bình phục nha,chúc bạn sớm bình_phục nha,chúc bạn sớm bình_phục nha
Try hard quá không?,negative,criticism,0,False,try hard quá không?,try hard quá không ?,try hard quá không ?
Extended version có không?,neutral,question,1,False,extended version có không?,extended version có không ?,extended version có không ?
phải gọi đây là chấn động thị giác,positive,dramatic,2,False,phải gọi đây là chấn động thị giác,phải gọi đây là chấn_động thị_giác,phải gọi đây là chấn_động thị_giác
"Quán ở cổng trời, giá cũng phải tầm cỡ luôn 😎",neutral,neutral,1,False,"quán ở cổng trời, giá cũng phải tầm cỡ luôn 😎","quán ở cổng trời , giá cũng phải tầm_cỡ luôn 😎","quán ở cổng trời , giá cũng phải tầm_cỡ luôn 😎"
Nội dung không hấp dẫn,negative,criticism,0,False,nội dung không hấp dẫn,nội_dung không hấp_dẫn,nội_dung không hấp_dẫn
cai cach may viet status nhin la biet khong co hoc!,toxic,insult,0,True,cai cach may viet status nhin la biết khong co hoc!,cai cach may viet status nhin la biết khong co hoc !,cai cach may viet status nhin la biet khong co hoc !
supporting role,neutral,helper_person,1,False,supporting role,supporting role,supporting role
lol rat hai,positive,funny,2,True,lồn rat hai,lồn rat hai,lol rat hai
ban an gi trong clip vay?,neutral,question,1,False,ban an gi trong clip vay?,ban an gi trong clip vay ?,ban an gi trong clip vay ?
Dễ thương quá đi mất,positive,cute,2,False,dễ thương quá đi mất,dễ_thương quá đi mất,dễ_thương quá đi mất
Ai muốn dùng vẫn có cách thôi,positive,useful,2,False,ai muốn dùng vẫn có cách thôi,ai muốn dùng vẫn có cách thôi,ai muốn dùng vẫn có cách thôi
may nghi cai body beo nhu heo do la hot trend a?,toxic,insult,0,False,may nghi cai body beo nhu heo do la hot trend a?,may nghi cai body beo nhu heo do la hot_trend a ?,may nghi cai body beo nhu heo do la hot_trend a ?
Cần video hướng dẫn lắp đặt,neutral,request,1,False,cần video hướng dẫn lắp đặt,cần video hướng_dẫn lắp_đặt,cần video hướng_dẫn lắp_đặt
"Thằng óc chó, nói nhảm hoài!",toxic,insult,0,True,"thằng óc chó, nói nhảm hoài!","thằng óc chó , nói nhảm hoài !","thằng óc chó , nói nhảm hoài !"
hok hieu gi het,negative,total_confusion,0,True,không hieu gi het,không hieu gi het,hok hieu gi het
Comment slut shame người khác,toxic,insult,0,False,comment slut shame người khác,comment slut shame người khác,comment slut shame người khác
"Nhàm chán, tui lướt qua luôn",negative,uninteresting,0,False,"nhàm chán, tui lướt qua luôn","nhàm_chán , tui lướt qua luôn","nhàm_chán , tui lướt qua luôn"
may co biet minh nhin te the tren fb nay ra sao?,toxic,insult,0,True,may co biết minh nhin te the tren facebook nay ra sao?,may co biết minh nhin te the tren facebook nay ra sao ?,may co biet minh nhin te the tren fb nay ra sao ?
Caption dài như sách mà vô nghĩa,toxic,insult,0,False,caption dài như sách mà vô nghĩa,caption dài như sách mà vô_nghĩa,caption dài như sách mà vô_nghĩa
Post ảnh skincare routine mà da breakout,toxic,insult,0,False,post ảnh skincare routine mà da breakout,post ảnh skincare routine mà da breakout,post ảnh skincare routine mà da breakout
"Khó lắp đặt, không dễ dùng",negative,criticism,0,False,"khó lắp đặt, không dễ dùng","khó lắp_đặt , không dễ dùng","khó lắp_đặt , không dễ dùng"
mỗi người một khẩu vị thôi,positive,appreciation,2,False,mỗi người một khẩu vị thôi,mỗi người một khẩu_vị thôi,mỗi người một khẩu_vị thôi
Love story này sweet quá,positive,romantic,2,False,love story này sweet quá,love story này sweet quá,love story này sweet quá
Dượng bầu vắt view cơm quê tới khô luôn 😂,neutral,humor,1,False,dượng bầu vắt view cơm quê tới khô luôn 😂,dượng bầu vắt view cơm quê tới khô luôn 😂,dượng bầu vắt view cơm quê tới khô luôn 😂
ê tôi xem cậu nhiều tự nhiên thích con gái Đà Lạt ghê,positive,flirt,2,False,ê tôi xem cậu nhiều tự nhiên thích con gái đà lạt ghê,ê tôi xem cậu nhiều tự_nhiên thích con_gái đà_lạt ghê,ê tôi xem cậu nhiều tự_nhiên thích con_gái đà_lạt ghê
"Cũ rồi, tui thấy nhàm lắm",negative,overused,0,False,"cũ rồi, tui thấy nhàm lắm","cũ rồi , tui thấy nhàm lắm","cũ rồi , tui thấy nhàm lắm"
sao may cu khoe cai mat xau xi do tren fb vay?,toxic,insult,0,True,sao may cu khoe cai mat xau xi do tren facebook vay?,sao may cu khoe cai mat xau xi do tren facebook vay ?,sao may cu khoe cai mat xau xi do tren fb vay ?
"Không phô trương, chỉ tập trung vào giá trị thực",positive,appreciation,2,False,"không phô trương, chỉ tập trung vào giá trị thực","không phô_trương , chỉ tập_trung vào giá_trị thực","không phô_trương , chỉ tập_trung vào giá_trị thực"
Chill đi bạn! Bình tĩnh,neutral,calm_down,1,False,chill đi bạn! bình tĩnh,chill đi bạn ! bình_tĩnh,chill đi bạn ! bình_tĩnh
Phá đồ quý thế này mà không bị gì thì đúng là bất công,negative,anger,0,False,phá đồ quý thế này mà không bị gì thì đúng là bất công,phá đồ quý thế này mà không bị gì thì đúng là bất_công,phá đồ quý thế này mà không bị gì thì đúng là bất_công
Nói chuyện như giảng đạo mà sống thì ngược lại,toxic,insult,0,False,nói chuyện như giảng đạo mà sống thì ngược lại,nói_chuyện như giảng đạo mà sống thì ngược_lại,nói_chuyện như giảng đạo mà sống thì ngược_lại
mình đi rồi nên thấy biết ơn những ngày đó,positive,appreciation,2,False,mình đi rồi nên thấy biết ơn những ngày đó,mình đi rồi nên thấy biết_ơn những ngày đó,mình đi rồi nên thấy biết_ơn những ngày đó
mỗi biểu cảm đều có hồn ghê,positive,character,2,False,mỗi biểu cảm đều có hồn ghê,mỗi biểu_cảm đều có hồn ghê,mỗi biểu_cảm đều có hồn ghê
"Chỉ biết ngồi xem rồi cười cợt, vô bổ",toxic,insult,0,False,"chỉ biết ngồi xem rồi cười cợt, vô bổ","chỉ biết ngồi xem rồi cười_cợt , vô_bổ","chỉ biết ngồi xem rồi cười_cợt , vô_bổ"
Streamer fake story để câu view,toxic,insult,0,False,streamer fake story để câu view,streamer fake story để câu view,streamer fake story để câu view
Tâm thần thì gia đình phải quản lý chứ,neutral,suggestion,1,False,tâm thần thì gia đình phải quản lý chứ,tâm_thần thì gia_đình phải quản_lý chứ,tâm_thần thì gia_đình phải quản_lý chứ
Creative! Độc đáo,positive,creativity,2,False,creative! độc đáo,creative ! độc_đáo,creative ! độc_đáo
Bạn có thể gửi lại link giúp mình?,neutral,request,1,False,bạn có thể gửi lại link giúp mình?,bạn có_thể gửi lại link giúp mình ?,bạn có_thể gửi lại link giúp mình ?
tag ny vô mà ny không thèm rep là hiểu rồi đó,negative,silent\_treatment,0,True,tag người yêu vô mà người yêu không thèm rep là hiểu rồi đó,tag người_yêu vô mà người_yêu không thèm rep là hiểu rồi đó,tag ny vô mà ny không thèm rep là hiểu rồi đó
Béo vậy mà cũng tự tin livestream,toxic,bodyshaming,0,False,béo vậy mà cũng tự tin livestream,béo vậy_mà cũng tự_tin livestream,béo vậy_mà cũng tự_tin livestream
cai video do ma may cung dam livestream tren fb a?,toxic,insult,0,True,cai video do ma may cung dam livestream tren facebook a?,cai video do ma may cung dam livestream tren facebook a ?,cai video do ma may cung dam livestream tren fb a ?
Xem mấy reaction này phí thời gian ghê,toxic,insult,0,False,xem mấy reaction này phí thời gian ghê,xem mấy reaction này phí thời_gian ghê,xem mấy reaction này phí thời_gian ghê
co ai da thu mon nay chua?,neutral,question,1,False,co ai da thu mon nay chua?,co ai da thu mon nay chua ?,co ai da thu mon nay chua ?
hổng hiểu sao có người cứ thích so sánh hoài,positive,appreciation,2,False,hổng hiểu sao có người cứ thích so sánh hoài,hổng hiểu sao có người cứ thích so_sánh hoài,hổng hiểu sao có người cứ thích so_sánh hoài
"Phá di sản thì phải phạt nặng, ko tha",negative,anger,0,True,"phá di sản thì phải phạt nặng, không tha","phá di_sản thì phải phạt nặng , không tha","phá di_sản thì phải phạt nặng , ko tha"
Xem clip này hơi phí thời gian,negative,disappointment,0,False,xem clip này hơi phí thời gian,xem clip này hơi phí thời_gian,xem clip này hơi phí thời_gian
nói nghe mắc cười dễ sợ,positive,humor,2,False,nói nghe mắc cười dễ sợ,nói nghe mắc cười dễ sợ,nói nghe mắc cười dễ sợ
"Nội dung sáng tạo, tui học được nhiều!",positive,creativity,2,False,"nội dung sáng tạo, tui học được nhiều!","nội_dung sáng_tạo , tui học được nhiều !","nội_dung sáng_tạo , tui học được nhiều !"
cai bung may to the ma cung tu tin khoe a?,toxic,insult,0,False,cai bung may to the ma cung tu tin khoe a?,cai bung may to the ma cung tu tin khoe a ?,cai bung may to the ma cung tu tin khoe a ?
Sản phẩm này mới ra à?,neutral,question,1,False,sản phẩm này mới ra à?,sản_phẩm này mới ra à ?,sản_phẩm này mới ra à ?
bình luận hài nhưng hơi sát thương,neutral,balance,1,False,bình luận hài nhưng hơi sát thương,bình_luận hài nhưng hơi sát_thương,bình_luận hài nhưng hơi sát_thương
Bạn thử kiểm tra lại giúp mình nhé,neutral,request,1,False,bạn thử kiểm tra lại giúp mình nhé,bạn thử kiểm_tra lại giúp mình nhé,bạn thử kiểm_tra lại giúp mình nhé
*Chef's kiss*,positive,perfection,2,False,*chef's kiss*,* chef ' s kiss *,* chef ' s kiss *
may nghi cai voc dang xap xe do la hot trend a?,toxic,insult,0,False,may nghi cai voc dang xap xe do la hot trend a?,may nghi cai voc dang xap xe do la hot_trend a ?,may nghi cai voc dang xap xe do la hot_trend a ?
may nghi post cai do len fb la ai cung thich a?,toxic,insult,0,True,may nghi post cai do len facebook la ai cung thích a?,may nghi_post cai do len facebook la ai cung thích a ?,may nghi_post cai do len fb la ai cung thich a ?
tim để ko cười rụng răng😋,positive,funny,2,True,tim để không cười rụng răng😋,tim để không cười rụng răng 😋,tim để ko cười rụng răng 😋
không gian học mà như tiệc trà,positive,luxury,2,False,không gian học mà như tiệc trà,không_gian học mà như tiệc_trà,không_gian học mà như tiệc_trà
Kênh này chỉ toàn nhảm nhí,toxic,insult,0,False,kênh này chỉ toàn nhảm nhí,kênh này chỉ toàn nhảm_nhí,kênh này chỉ toàn nhảm_nhí
Font chữ gì đây?,neutral,question,1,False,font chữ gì đây?,font chữ gì đây ?,font chữ gì đây ?
sao may cu mac do bo voi cai body te hai do?,toxic,insult,0,False,sao may cu mac do bo voi cai body te hai do?,sao may cu mac do bo voi cai body te hai do ?,sao may cu mac do bo voi cai body te hai do ?
Tôi sẽ chờ đánh giá chi tiết từ bạn,neutral,statement,1,False,tôi sẽ chờ đánh giá chi tiết từ bạn,tôi sẽ chờ đánh_giá chi_tiết từ bạn,tôi sẽ chờ đánh_giá chi_tiết từ bạn
nghe kiểu định kiến nhẹ á,negative,stereotype,0,False,nghe kiểu định kiến nhẹ á,nghe kiểu định_kiến nhẹ á,nghe kiểu định_kiến nhẹ á
Check-in hàng ngày,neutral,routine,1,False,check-in hàng ngày,check - in hàng ngày,check - in hàng ngày
mon uot nhem,negative,criticism,0,False,mon uot nhem,mon uot nhem,mon uot nhem
Chúng ta cùng nhau vượt qua,positive,support,2,False,chúng ta cùng nhau vượt qua,chúng_ta cùng nhau vượt qua,chúng_ta cùng nhau vượt qua
"Đoán được từ đầu, chán ghê",negative,predictable,0,False,"đoán được từ đầu, chán ghê","đoán được từ đầu , chán ghê","đoán được từ đầu , chán ghê"
Sản phẩm này còn hàng không?,neutral,question,1,False,sản phẩm này còn hàng không?,sản_phẩm này còn hàng không ?,sản_phẩm này còn hàng không ?
mọi người nên nhìn toàn diện hơn về nvqs,positive,useful,2,True,mọi người nên nhìn toàn diện hơn về nghĩa vụ quân sự,mọi người nên nhìn toàn_diện hơn về nghĩa_vụ quân_sự,mọi người nên nhìn toàn_diện hơn về nvqs
vui thôi đừng vui quá nha mấy ông,neutral,caution,1,False,vui thôi đừng vui quá nha mấy ông,vui thôi đừng vui quá nha mấy ông,vui thôi đừng vui quá nha mấy ông
Bạn up video vào thứ mấy vậy?,neutral,question,1,False,bạn up video vào thứ mấy vậy?,bạn up video vào thứ mấy vậy ?,bạn up video vào thứ mấy vậy ?
phuc vu qua la cham,negative,complaint,0,False,phuc vu qua la cham,phuc vu qua la cham,phuc vu qua la cham
mỗi ngày học thêm 1 điều mới,positive,useful,2,False,mỗi ngày học thêm 1 điều mới,mỗi ngày học thêm 1 điều mới,mỗi ngày học thêm 1 điều mới
Too much! Quá đà rồi,negative,excessive,0,False,too much! quá đà rồi,too much ! quá_đà rồi,too much ! quá_đà rồi
clip dễ thương mà comment căng ghê,negative,contrast,0,False,clip dễ thương mà comment căng ghê,clip dễ_thương mà comment căng ghê,clip dễ_thương mà comment căng ghê
wear test,neutral,product_trial,1,False,wear test,wear test,wear test
Học được nhiều từ clip này ghê,positive,useful,2,False,học được nhiều từ clip này ghê,học được nhiều từ clip này ghê,học được nhiều từ clip này ghê
cai status do ma may cung dam viet len fb a?,toxic,insult,0,True,cai status do ma may cung dam viet len facebook a?,cai status do ma may cung dam viet len facebook a ?,cai status do ma may cung dam viet len fb a ?
cơm 110k nhìn vậy tui nấu ở nhà 15k đủ no,negative,comparison,0,False,cơm 110k nhìn vậy tui nấu ở nhà 15k đủ no,cơm 110k nhìn vậy tui nấu ở nhà 15k đủ no,cơm 110k nhìn vậy tui nấu ở nhà 15k đủ no
day la video quay ngoai troi ha?,neutral,question,1,False,day la video quay ngoai troi ha?,day la video quay ngoai troi ha ?,day la video quay ngoai troi ha ?
cai livestream do ma may cung dam len fb a?,toxic,insult,0,True,cai livestream do ma may cung dam len facebook a?,cai livestream do ma may cung dam len facebook a ?,cai livestream do ma may cung dam len fb a ?
Giải trí nhẹ thôi nè,positive,appreciation,2,False,giải trí nhẹ thôi nè,giải_trí nhẹ thôi nè,giải_trí nhẹ thôi nè
cai status nay nhin la biet khong co chat gi!,toxic,insult,0,True,cai status nay nhin la biết khong co chat gi!,cai status nay nhin la biết khong co chat gi !,cai status nay nhin la biet khong co chat gi !
Bạn đã thử so sánh với hàng chính hãng chưa?,neutral,question,1,False,bạn đã thử so sánh với hàng chính hãng chưa?,bạn đã thử so_sánh với hàng chính hãng chưa ?,bạn đã thử so_sánh với hàng chính hãng chưa ?
Poke damage như gãi ngứa,toxic,insult,0,False,poke damage như gãi ngứa,poke damage như gãi ngứa,poke damage như gãi ngứa
"Đã nhận hàng, cảm ơn shop",neutral,statement,1,False,"đã nhận hàng, cảm ơn shop","đã nhận hàng , cảm_ơn shop","đã nhận hàng , cảm_ơn shop"
im di! k ai hoi may het,toxic,aggressive,0,True,im di! không ai hoi may het,im_di ! không ai hoi may het,im_di ! k ai hoi may het
may co biet cai cach noi chuyen do te the nao?,toxic,insult,0,True,may co biết cai cach noi chuyen do te the nao?,may co biết cai cach noi chuyen do te the nao ?,may co biet cai cach noi chuyen do te the nao ?
"ăn 1 lần biết liền mà, đừng chê trước khi thử",positive,useful,2,False,"ăn 1 lần biết liền mà, đừng chê trước khi thử","ăn 1 lần biết liền mà , đừng chê trước khi thử","ăn 1 lần biết liền mà , đừng chê trước khi thử"
Coi mà ức chế luôn á,toxic,insult,0,False,coi mà ức chế luôn á,coi mà ức_chế luôn á,coi mà ức_chế luôn á
nét diễn đậm chất tiktok nhưng không bị lố,positive,balanced,2,False,nét diễn đậm chất tiktok nhưng không bị lố,nét diễn đậm chất tiktok nhưng không bị lố,nét diễn đậm chất tiktok nhưng không bị lố
clip này viral là cái chắc,positive,excitement,2,False,clip này viral là cái chắc,clip này viral là cái chắc,clip này viral là cái chắc
phải có cách nào bảo mật tối đa hơn chứ,positive,useful,2,False,phải có cách nào bảo mật tối đa hơn chứ,phải có cách nào bảo_mật tối_đa hơn chứ,phải có cách nào bảo_mật tối_đa hơn chứ
ai mà nhớ rõ từng giọng lồng tiếng cũ vậy trời,neutral,surprise,1,False,ai mà nhớ rõ từng giọng lồng tiếng cũ vậy trời,ai mà nhớ rõ từng giọng lồng_tiếng cũ_vậy trời,ai mà nhớ rõ từng giọng lồng_tiếng cũ_vậy trời
clip nhu quay voi,negative,criticism,0,False,clip nhu quay voi,clip nhu quay voi,clip nhu quay voi
có vẻ như đây là dự án cá nhân đầy tâm huyết,positive,respect,2,False,có vẻ như đây là dự án cá nhân đầy tâm huyết,có vẻ như đây là dự_án cá_nhân đầy tâm_huyết,có vẻ như đây là dự_án cá_nhân đầy tâm_huyết
Streamer này chỉ biết câu tiền,toxic,insult,0,False,streamer này chỉ biết câu tiền,streamer này chỉ biết câu tiền,streamer này chỉ biết câu tiền
"Coi clip thấy ông này kỳ lắm, chắc bệnh thật",neutral,neutral,1,False,"coi clip thấy ông này kỳ lắm, chắc bệnh thật","coi clip thấy ông này kỳ lắm , chắc bệnh thật","coi clip thấy ông này kỳ lắm , chắc bệnh thật"
Bạn cảm nhận gì về pin dự phòng?,neutral,question,1,False,bạn cảm nhận gì về pin dự phòng?,bạn cảm_nhận gì về pin dự_phòng ?,bạn cảm_nhận gì về pin dự_phòng ?
noi nhu ke chuyen,negative,criticism,0,False,noi nhu ke chuyen,noi nhu ke chuyen,noi nhu ke chuyen
clip nay co dung am thanh binaural khong?,neutral,question,1,False,clip nay co dung am thanh binaural khong?,clip nay co dung am thanh binaural khong ?,clip nay co dung am thanh binaural khong ?
Đơn giản mà thu hút ghê,positive,appreciation,2,False,đơn giản mà thu hút ghê,đơn_giản mà thu_hút ghê,đơn_giản mà thu_hút ghê
Cơm quê mà giá này chắc bán ở Dubai 😭,negative,sarcasm,0,False,cơm quê mà giá này chắc bán ở dubai 😭,cơm quê mà giá này chắc bán ở dubai 😭,cơm quê mà giá này chắc bán ở dubai 😭
Đúng kiểu ăn không ngồi rồi đi phá người khác,toxic,insult,0,False,đúng kiểu ăn không ngồi rồi đi phá người khác,đúng kiểu ăn_không ngồi rồi đi phá người khác,đúng kiểu ăn_không ngồi rồi đi phá người khác
"Lại cái chiêu tâm thần để thoát tội, chán ghê",negative,sarcasm,0,False,"lại cái chiêu tâm thần để thoát tội, chán ghê","lại cái chiêu tâm_thần để thoát tội , chán ghê","lại cái chiêu tâm_thần để thoát tội , chán ghê"
"Ghét thật, nội dung này cringe quá",negative,cringe,0,False,"ghét thật, nội dung này cringe quá","ghét thật , nội_dung này cringe quá","ghét thật , nội_dung này cringe quá"
bình luận kiểu này dễ bị hiểu sai,neutral,interpretation,1,False,bình luận kiểu này dễ bị hiểu sai,bình_luận kiểu này dễ bị hiểu sai,bình_luận kiểu này dễ bị hiểu sai
unboxing,neutral,opening_packages,1,False,unboxing,unboxing,unboxing
Appreciate it! Cần lắm,positive,gratitude,2,False,appreciate it! cần lắm,appreciate it ! cần lắm,appreciate it ! cần lắm
thân hình lực điền\nnhưng cất tiếng lại là tuổi thơ,positive,contrast,2,False,thân hình lực điền\nnhưng cất tiếng lại là tuổi thơ,thân_hình lực điền \ nnhưng cất_tiếng lại là tuổi_thơ,thân_hình lực điền \ nnhưng cất_tiếng lại là tuổi_thơ
clip nhìn lạ mắt nhưng chưa đọng lại gì,neutral,visual,1,False,clip nhìn lạ mắt nhưng chưa đọng lại gì,clip nhìn lạ_mắt nhưng chưa đọng lại gì,clip nhìn lạ_mắt nhưng chưa đọng lại gì
tui xem không chớp mắt luôn á,positive,engaging,2,False,tui xem không chớp mắt luôn á,tui xem không chớp_mắt luôn á,tui xem không chớp_mắt luôn á
Đã dốt còn thích thể hiện,toxic,insult,0,False,đã dốt còn thích thể hiện,đã dốt còn thích thể_hiện,đã dốt còn thích thể_hiện
co len fyp ma ko hieu vi sao,negative,criticism,0,True,co len fyp ma không hieu vi sao,co len fyp ma không hieu vi sao,co len fyp ma ko hieu vi sao
Khách hàng với shop như thù với oán,toxic,insult,0,False,khách hàng với shop như thù với oán,khách_hàng với shop như thù với oán,khách_hàng với shop như thù với oán
Surrender vote ngay phút 10,toxic,insult,0,False,surrender vote ngay phút 10,surrender vote ngay phút 10,surrender vote ngay phút 10
Xem nhiều clip rồi vẫn không thích,negative,disappointment,0,False,xem nhiều clip rồi vẫn không thích,xem nhiều clip rồi vẫn không thích,xem nhiều clip rồi vẫn không thích
Meant to be! Trời sinh một cặp,positive,destiny,2,False,meant to be! trời sinh một cặp,meant to be ! trời sinh một cặp,meant to be ! trời sinh một cặp
Ảnh travel mà như đi chợ,toxic,insult,0,False,ảnh travel mà như đi chợ,ảnh travel mà như đi chợ,ảnh travel mà như đi chợ
"Cơm quê giá cổng trời, ăn xong hết ví 😅",negative,sarcasm,0,False,"cơm quê giá cổng trời, ăn xong hết ví 😅","cơm quê giá cổng trời , ăn xong hết ví 😅","cơm quê giá cổng trời , ăn xong hết ví 😅"
"Làm đường, xây cầu chứ không đi hô khẩu hiệu",positive,appreciation,2,False,"làm đường, xây cầu chứ không đi hô khẩu hiệu","làm đường , xây cầu chứ không đi hô khẩu_hiệu","làm đường , xây cầu chứ không đi hô khẩu_hiệu"
Mention tôi nhé,neutral,request,1,False,mention tôi nhé,mention tôi nhé,mention tôi nhé
ko hieu noi y chinh,negative,criticism,0,True,không hieu noi y chinh,không hieu noi y chinh,ko hieu noi y chinh
Chăm sóc khách hàng như không,toxic,insult,0,False,chăm sóc khách hàng như không,chăm_sóc khách_hàng như_không,chăm_sóc khách_hàng như_không
Không thấy thú vị như review nói,negative,disappointment,0,False,không thấy thú vị như review nói,không thấy thú_vị như review nói,không thấy thú_vị như review nói
Nói chuyện mà như vả vào mặt người khác,toxic,insult,0,False,nói chuyện mà như vả vào mặt người khác,nói_chuyện mà như vả vào mặt người khác,nói_chuyện mà như vả vào mặt người khác
Đổi trả như xin ơn huệ,toxic,insult,0,False,đổi trả như xin ơn huệ,đổi trả như xin ơn_huệ,đổi trả như xin ơn_huệ
"Tâm thần thì gia đình phải trông, thả ra chi",neutral,suggestion,1,False,"tâm thần thì gia đình phải trông, thả ra chi","tâm_thần thì gia_đình phải trông , thả ra chi","tâm_thần thì gia_đình phải trông , thả ra chi"
Cười lăn với mấy lý do cấm app 🤣,positive,excitement,2,False,cười lăn với mấy lý do cấm app 🤣,cười lăn với mấy lý_do cấm app 🤣,cười lăn với mấy lý_do cấm app 🤣
Vậy là giờ ai dùng bị coi là phạm pháp à?,positive,appreciation,2,False,vậy là giờ ai dùng bị coi là phạm pháp à?,vậy là giờ ai dùng bị coi là phạm_pháp à ?,vậy là giờ ai dùng bị coi là phạm_pháp à ?
Không hài lòng với cách điều chỉnh nhân vật,negative,criticism,0,False,không hài lòng với cách điều chỉnh nhân vật,không hài_lòng với cách điều_chỉnh nhân_vật,không hài_lòng với cách điều_chỉnh nhân_vật
từ ngày đi về thấy bản thân trưởng thành rõ,positive,appreciation,2,False,từ ngày đi về thấy bản thân trưởng thành rõ,từ ngày đi về thấy bản_thân trưởng_thành rõ,từ ngày đi về thấy bản_thân trưởng_thành rõ
id tiktok idol nữ đâu,neutral,question,1,False,id tiktok idol nữ đâu,id tiktok idol nữ đâu,id tiktok idol nữ đâu
canh sat giao thong khong xu ly vi pham ro rang,negative,complaint,0,False,canh sat giao thong khong xu ly vi pham ro rang,canh sat giao thong khong xu ly vi pham ro rang,canh sat giao thong khong xu ly vi pham ro rang
Giao diện app khó sử dụng quá,negative,criticism,0,False,giao diện app khó sử dụng quá,giao_diện app khó sử_dụng quá,giao_diện app khó sử_dụng quá
thang lon,toxic,vulgar,0,False,thang lon,thang lon,thang lon
"Không hề phô trương, rất tinh tế",positive,compliment,2,False,"không hề phô trương, rất tinh tế","không hề phô_trương , rất tinh_tế","không hề phô_trương , rất tinh_tế"
cai mat may map vay ma cung tu tin post anh a?,toxic,insult,0,False,cai mat may map vay ma cung tu tin post anh a?,cai mat may map vay ma cung tu tin post anh a ?,cai mat may map vay ma cung tu tin post anh a ?
Địa điểm ở đâu?,neutral,question,1,False,địa điểm ở đâu?,địa_điểm ở đâu ?,địa_điểm ở đâu ?
xem clip mà quên mất mình đang đau bụng,positive,distraction,2,False,xem clip mà quên mất mình đang đau bụng,xem clip mà quên mất mình đang đau bụng,xem clip mà quên mất mình đang đau bụng
tùy gu mỗi người thôi mà,positive,appreciation,2,False,tùy gu mỗi người thôi mà,tùy_gu mỗi người thôi mà,tùy_gu mỗi người thôi mà
may co biet cai status nay nhin ngu ngoc the nao khong?,toxic,insult,0,True,may co biết cai status nay nhin ngu ngoc the nao khong?,may co biết cai status nay nhin ngu ngoc the nao khong ?,may co biet cai status nay nhin ngu ngoc the nao khong ?
"Video này dài dòng quá, chán ghê",negative,boredom,0,False,"video này dài dòng quá, chán ghê","video này dài_dòng quá , chán ghê","video này dài_dòng quá , chán ghê"
Donation mà không cảm ơn gì hết,toxic,insult,0,False,donation mà không cảm ơn gì hết,donation mà không cảm_ơn gì hết,donation mà không cảm_ơn gì hết
Too much! Quá đà rồi,negative,excessive,0,False,too much! quá đà rồi,too much ! quá_đà rồi,too much ! quá_đà rồi
Rich kid problems,negative,privilege,0,False,rich kid problems,rich kid problems,rich kid problems
Hay quá bạn ơi! Làm thêm video như này nhé,positive,encouragement,2,False,hay quá bạn ơi! làm thêm video như này nhé,hay quá bạn ơi ! làm thêm video như này nhé,hay quá bạn ơi ! làm thêm video như này nhé
On the edge of my seat,positive,suspense,2,False,on the edge of my seat,on the edge of my seat,on the edge of my seat
Chắc tưởng dân mạng dễ lừa,toxic,insult,0,False,chắc tưởng dân mạng dễ lừa,chắc tưởng dân mạng dễ lừa,chắc tưởng dân mạng dễ lừa
giọng này là đỉnh nhất tuổi thơ tui,positive,nostalgia,2,False,giọng này là đỉnh nhất tuổi thơ tui,giọng này là đỉnh nhất tuổi_thơ tui,giọng này là đỉnh nhất tuổi_thơ tui
cai cach may viet comment nhin la biet thieu i ot!,toxic,insult,0,True,cai cach may viet comment nhin la biết thieu i ot!,cai cach may viet comment nhin la biết thieu i ot !,cai cach may viet comment nhin la biet thieu i ot !
người ta mệt chứ tui thì cười như điên,positive,opposite\_reaction,2,False,người ta mệt chứ tui thì cười như điên,người_ta mệt chứ tui thì cười như_điên,người_ta mệt chứ tui thì cười như_điên
Mid laner mà farm kém hơn cả jungle,toxic,insult,0,False,mid laner mà farm kém hơn cả jungle,mid laner mà farm kém hơn cả jungle,mid laner mà farm kém hơn cả jungle
Thời tiết thế này cứ giữ mãi nhé,positive,suggestion,2,False,thời tiết thế này cứ giữ mãi nhé,thời_tiết thế này cứ giữ mãi nhé,thời_tiết thế này cứ giữ mãi nhé
tui cũng muốn được quay như vậy,positive,appreciation,2,False,tui cũng muốn được quay như vậy,tui cũng muốn được quay như_vậy,tui cũng muốn được quay như_vậy
bet that,positive,strong_agreement,2,False,bet that,bet that,bet that
Bạn đã gặp lỗi trong quá trình dùng chưa?,neutral,question,1,False,bạn đã gặp lỗi trong quá trình dùng chưa?,bạn đã gặp lỗi trong quá_trình dùng chưa ?,bạn đã gặp lỗi trong quá_trình dùng chưa ?
từng câu thoại đều nhớ rõ như in luôn,positive,nostalgia,2,False,từng câu thoại đều nhớ rõ như in luôn,từng câu thoại đều nhớ rõ như in luôn,từng câu thoại đều nhớ rõ như in luôn
Video này chữa lành tâm hồn ghê,positive,therapeutic,2,False,video này chữa lành tâm hồn ghê,video này chữa lành tâm_hồn ghê,video này chữa lành tâm_hồn ghê
Đang chờ hồi đáp,neutral,statement,1,False,đang chờ hồi đáp,đang chờ hồi_đáp,đang chờ hồi_đáp
giọng này mà lồng phim khác chắc lạ lắm,neutral,comment,1,False,giọng này mà lồng phim khác chắc lạ lắm,giọng này mà lồng phim khác chắc lạ lắm,giọng này mà lồng phim khác chắc lạ lắm
ban co ke hoach lam video tiep theo chua?,neutral,question,1,False,ban co ke hoach lam video tiep theo chua?,ban co ke hoach lam video tiep theo chua ?,ban co ke hoach lam video tiep theo chua ?
enemies to lovers,positive,relationship_trope,2,False,enemies to lovers,enemies to lovers,enemies to lovers
Không hài lòng với cách sắp xếp đội hình,negative,criticism,0,False,không hài lòng với cách sắp xếp đội hình,không hài_lòng với cách sắp_xếp đội_hình,không hài_lòng với cách sắp_xếp đội_hình
b noi ra dieu t nghi,positive,resonance,2,False,b noi ra dieu t nghi,b noi ra dieu t_nghi,b noi ra dieu t_nghi
giọng chị này gắn liền với cả thanh xuân tôi,positive,nostalgia,2,False,giọng chị này gắn liền với cả thanh xuân tôi,giọng chị này gắn liền với cả thanh_xuân tôi,giọng chị này gắn liền với cả thanh_xuân tôi
Chúc gia đình dượng bầu mạnh khỏe 🍀,positive,neutral,2,False,chúc gia đình dượng bầu mạnh khỏe 🍀,chúc gia_đình dượng bầu mạnh_khỏe_🍀,chúc gia_đình dượng bầu mạnh_khỏe_🍀
khi nao,neutral,when,1,False,khi nao,khi nao,khi nao
"Tâm thần thì nhốt vô viện, thả ra làm gì",neutral,suggestion,1,False,"tâm thần thì nhốt vô viện, thả ra làm gì","tâm_thần thì nhốt vô viện , thả ra làm gì","tâm_thần thì nhốt vô viện , thả ra làm gì"
trùng hợp dữ dội zậy nè trời,positive,surprise,2,True,trùng hợp dữ dội vậy nè trời,trùng_hợp dữ_dội vậy nè trời,trùng_hợp dữ_dội zậy nè trời
"Nhìn clip mà thương, xót quá",positive,neutral,2,False,"nhìn clip mà thương, xót quá","nhìn clip mà thương , xót quá","nhìn clip mà thương , xót quá"
hero's journey,positive,adventure_growth,2,False,hero's journey,hero ' s journey,hero ' s journey
quá trình không dễ dàng nhưng kết quả xứng đáng,positive,appreciation,2,False,quá trình không dễ dàng nhưng kết quả xứng đáng,quá_trình không dễ_dàng nhưng kết_quả xứng_đáng,quá_trình không dễ_dàng nhưng kết_quả xứng_đáng
Nói nhảm nhí không à,toxic,insult,0,False,nói nhảm nhí không à,nói nhảm_nhí không à,nói nhảm_nhí không à
Đặt mua mà bị giao thiếu phụ kiện,negative,complaint,0,False,đặt mua mà bị giao thiếu phụ kiện,đặt mua mà bị giao thiếu_phụ_kiện,đặt mua mà bị giao thiếu_phụ_kiện
Quán cơm quê dượng bầu có chi nhánh ở Dubai không? 😆,neutral,question,1,False,quán cơm quê dượng bầu có chi nhánh ở dubai không? 😆,quán cơm quê dượng bầu có chi_nhánh ở dubai không ? 😆,quán cơm quê dượng bầu có chi_nhánh ở dubai không ? 😆
duong cao toc van bi ket,negative,complaint,0,False,duong cao toc van bi ket,duong cao toc van bi ket,duong cao toc van bi ket
"Đm, lừa đảo à? Đừng tin nha!",toxic,warning,0,False,"đm, lừa đảo à? đừng tin nha!","đm , lừa_đảo à ? đừng tin nha !","đm , lừa_đảo à ? đừng tin nha !"
Sản phẩm tệ nhất từng thấy,toxic,insult,0,False,sản phẩm tệ nhất từng thấy,sản_phẩm tệ nhất từng thấy,sản_phẩm tệ nhất từng thấy
Epic! Hoành tráng,positive,epic,2,False,epic! hoành tráng,epic ! hoành_tráng,epic ! hoành_tráng
bạn mình mới chia tay mà tôi tag nó vô đây đúng không sai,toxic,provocative,0,False,bạn mình mới chia tay mà tôi tag nó vô đây đúng không sai,bạn mình mới chia_tay mà tôi tag nó vô đây đúng không sai,bạn mình mới chia_tay mà tôi tag nó vô đây đúng không sai
"ban noi dung lam, t dong y vs ban",positive,agreement,2,True,"ban noi dung lam, t dong y với ban","ban noi dung lam , t_dong y với ban","ban noi dung lam , t_dong y vs ban"
noi nhu doc rap,negative,criticism,0,False,noi nhu doc rap,noi nhu doc rap,noi nhu doc rap
Chúc b ngày càng hot nha!,positive,blessing,2,False,chúc b ngày càng hot nha!,chúc b ngày_càng hot_nha !,chúc b ngày_càng hot_nha !
tụi nhỏ đừng học mấy comment thế này nha,negative,influence,0,False,tụi nhỏ đừng học mấy comment thế này nha,tụi nhỏ đừng học mấy comment thế này nha,tụi nhỏ đừng học mấy comment thế này nha
Không có giấy hướng dẫn lắp ráp,negative,complaint,0,False,không có giấy hướng dẫn lắp ráp,không có giấy hướng_dẫn lắp_ráp,không có giấy hướng_dẫn lắp_ráp
side character,negative,background_person,0,False,side character,side character,side character
chắc là có xích mích hay gì với nhân viên quán à,positive,appreciation,2,False,chắc là có xích mích hay gì với nhân viên quán à,chắc là có xích_mích hay gì với nhân_viên quán à,chắc là có xích_mích hay gì với nhân_viên quán à
muốn khám bệnh mà sợ hết lịch trước khi đăng ký,positive,relatable,2,False,muốn khám bệnh mà sợ hết lịch trước khi đăng ký,muốn khám bệnh mà sợ hết lịch trước khi đăng_ký,muốn khám bệnh mà sợ hết lịch trước khi đăng_ký
nhớ mấy ngày ôn thi căng thẳng dễ sợ,positive,appreciation,2,False,nhớ mấy ngày ôn thi căng thẳng dễ sợ,nhớ mấy ngày ôn thi căng_thẳng dễ sợ,nhớ mấy ngày ôn thi căng_thẳng dễ sợ
Engage timing như random,toxic,insult,0,False,engage timing như random,engage timing như random,engage timing như random
Phốt ngày càng chất lượng,toxic,insult,0,False,phốt ngày càng chất lượng,phốt ngày_càng chất_lượng,phốt ngày_càng chất_lượng
khong co su thong nhat,negative,criticism,0,False,khong co su thong nhat,khong co su thong nhat,khong co su thong nhat
"Nội dung nhạt, xem không thấy gì đặc biệt",negative,criticism,0,False,"nội dung nhạt, xem không thấy gì đặc biệt","nội_dung nhạt , xem không thấy gì đặc_biệt","nội_dung nhạt , xem không thấy gì đặc_biệt"
"Không sao đâu, cứ làm đi",neutral,dismissal,1,False,"không sao đâu, cứ làm đi","không sao đâu , cứ làm đi","không sao đâu , cứ làm đi"
Bạn chia sẻ tips sử dụng sản phẩm đi,neutral,request,1,False,bạn chia sẻ tips sử dụng sản phẩm đi,bạn chia_sẻ tips sử_dụng sản_phẩm đi,bạn chia_sẻ tips sử_dụng sản_phẩm đi
Timing skill như lag não,toxic,insult,0,False,timing skill như lag não,timing skill như lag não,timing skill như lag não
"Giao diện khó nhìn, màu không đẹp",negative,criticism,0,False,"giao diện khó nhìn, màu không đẹp","giao_diện khó nhìn , màu không đẹp","giao_diện khó nhìn , màu không đẹp"
Chef's kiss! Hoàn hảo,positive,perfection,2,False,chef's kiss! hoàn hảo,chef ' s kiss ! hoàn_hảo,chef ' s kiss ! hoàn_hảo
cai cach may viet status nhin la biet vo van hoa!,toxic,insult,0,True,cai cach may viet status nhin la biết vo van hoa!,cai cach may viet status nhin la biết vo van hoa !,cai cach may viet status nhin la biet vo van hoa !
mọi người nên cảnh giác và chia sẻ thêm thông tin,positive,useful,2,False,mọi người nên cảnh giác và chia sẻ thêm thông tin,mọi người nên cảnh_giác và chia_sẻ thêm thông_tin,mọi người nên cảnh_giác và chia_sẻ thêm thông_tin
"Valentine tới, tui vẫn FA đây",neutral,single_status,1,False,"valentine tới, tui vẫn fa đây","valentine tới , tui vẫn fa đây","valentine tới , tui vẫn fa đây"
sao không có cảnh báo rõ ràng hơn từ ngân hàng,positive,useful,2,False,sao không có cảnh báo rõ ràng hơn từ ngân hàng,sao không có cảnh_báo rõ_ràng hơn từ ngân_hàng,sao không có cảnh_báo rõ_ràng hơn từ ngân_hàng
cai body do ma may cung dam lam anh dai dien?,toxic,insult,0,False,cai body do ma may cung dam lam anh dai dien?,cai body do ma may cung dam lam anh dai dien ?,cai body do ma may cung dam lam anh dai dien ?
OK bạn ơi,neutral,acknowledgment,1,False,ok bạn ơi,ok bạn ơi,ok bạn ơi
ko co y nghia gi het,negative,disappointment,0,True,không co y nghia gi het,không co y nghia gi het,ko co y nghia gi het
Cần thông tin khuyến mãi,neutral,request,1,False,cần thông tin khuyến mãi,cần thông_tin khuyến_mãi,cần thông_tin khuyến_mãi
không biết sao mà cười hoài không chán,positive,laughter,2,False,không biết sao mà cười hoài không chán,không biết sao mà cười hoài không chán,không biết sao mà cười hoài không chán
Sáng nay đi xe máy lạnh run luôn,negative,neutral,0,False,sáng nay đi xe máy lạnh run luôn,sáng nay đi xe_máy_lạnh run luôn,sáng nay đi xe_máy_lạnh run luôn
Cảm ơn bạn,neutral,polite,1,False,cảm ơn bạn,cảm_ơn bạn,cảm_ơn bạn
Xem video chán thật sự,negative,disappointment,0,False,xem video chán thật sự,xem video chán thật_sự,xem video chán thật_sự
Bạn có thể giải đáp thắc mắc giúp mình không?,neutral,request,1,False,bạn có thể giải đáp thắc mắc giúp mình không?,bạn có_thể giải_đáp thắc_mắc giúp mình không ?,bạn có_thể giải_đáp thắc_mắc giúp mình không ?
Mày làm content gì tào lao vcl!,toxic,offensive,0,False,mày làm content gì tào lao vcl!,mày làm content gì tào_lao vcl !,mày làm content gì tào_lao vcl !
"Đừng cố làm màu, ai cũng biết là giả thôi",toxic,insult,0,False,"đừng cố làm màu, ai cũng biết là giả thôi","đừng cố làm màu , ai cũng biết là giả thôi","đừng cố làm màu , ai cũng biết là giả thôi"
Nhận hàng muốn khóc thét,toxic,insult,0,False,nhận hàng muốn khóc thét,nhận hàng muốn khóc thét,nhận hàng muốn khóc thét
mắt thì nhìn camera mà hồn đi đâu rồi,positive,humor,2,False,mắt thì nhìn camera mà hồn đi đâu rồi,mắt thì nhìn camera mà hồn đi đâu rồi,mắt thì nhìn camera mà hồn đi đâu rồi
"Cơm quê dượng bầu, ăn một lần nhớ cả đời",positive,neutral,2,False,"cơm quê dượng bầu, ăn một lần nhớ cả đời","cơm quê dượng bầu , ăn một lần nhớ cả đời","cơm quê dượng bầu , ăn một lần nhớ cả đời"
the nao,neutral,how,1,False,the nao,the_nao,the_nao
"Thở sâu vô, đừng căng thẳng!",neutral,calming,1,False,"thở sâu vô, đừng căng thẳng!","thở sâu vô , đừng căng_thẳng !","thở sâu vô , đừng căng_thẳng !"
phong cách không ai đỡ nổi,positive,compliment,2,False,phong cách không ai đỡ nổi,phong_cách không ai đỡ nổi,phong_cách không ai đỡ nổi
duong dai ma khong co bang huong dan,negative,criticism,0,False,duong dai ma khong co bang huong dan,duong dai ma_khong co bang huong dan,duong dai ma_khong co bang huong dan
Thời gian giao hàng quá lâu,negative,complaint,0,False,thời gian giao hàng quá lâu,thời_gian giao hàng quá lâu,thời_gian giao hàng quá lâu
"ai cũng có điểm hay, điểm dở mà",neutral,fairness,1,False,"ai cũng có điểm hay, điểm dở mà","ai cũng có điểm hay , điểm dở mà","ai cũng có điểm hay , điểm dở mà"
Mạnh Dũng nay hào phóng quá 😂,positive,joke,2,False,mạnh dũng nay hào phóng quá 😂,mạnh dũng nay hào_phóng quá 😂,mạnh dũng nay hào_phóng quá 😂
nuoc cham qua nhieu toi,negative,criticism,0,False,nuoc cham qua nhieu toi,nuoc cham qua nhieu toi,nuoc cham qua nhieu toi
Im lặng đi không ai cần bạn lên tiếng,toxic,insult,0,False,im lặng đi không ai cần bạn lên tiếng,im_lặng đi không ai cần bạn lên_tiếng,im_lặng đi không ai cần bạn lên_tiếng
thi xong là ngủ li bì luôn á,positive,appreciation,2,False,thi xong là ngủ li bì luôn á,thi xong là ngủ li_bì luôn á,thi xong là ngủ li_bì luôn á
Chỉ là quan điểm cá nhân thôi nhé,neutral,statement,1,False,chỉ là quan điểm cá nhân thôi nhé,chỉ là quan_điểm cá_nhân thôi nhé,chỉ là quan_điểm cá_nhân thôi nhé
growth mindset,positive,learning_attitude,2,False,growth mindset,growth mindset,growth mindset
trứng này chắc là trứng rồng,positive,exaggeration,2,False,trứng này chắc là trứng rồng,trứng này chắc là trứng rồng,trứng này chắc là trứng rồng
clip loi am thanh,negative,complaint,0,False,clip loi am thanh,clip loi am thanh,clip loi am thanh
"Crush tui đây, OTP đỉnh cao!",positive,shipping,2,False,"crush tui đây, otp đỉnh cao!","crush tui đây , otp đỉnh_cao !","crush tui đây , otp đỉnh_cao !"
cai clip nay nham nhi vay ma cung post len fb a?,toxic,insult,0,True,cai clip nay nham nhi vay ma cung post len facebook a?,cai clip nay nham nhi vay ma cung post len facebook a ?,cai clip nay nham nhi vay ma cung post len fb a ?
Đồ không khác gì đồ secondhand,toxic,insult,0,False,đồ không khác gì đồ secondhand,đồ không khác gì đồ secondhand,đồ không khác gì đồ secondhand
noi doi nhieu,negative,criticism,0,False,noi doi nhieu,noi doi nhieu,noi doi nhieu
Waterworks! Vòi nước mắt,positive,crying,2,False,waterworks! vòi nước mắt,waterworks ! vòi_nước_mắt,waterworks ! vòi_nước_mắt
giống như đang xem một giấc mơ vậy,positive,dreamlike,2,False,giống như đang xem một giấc mơ vậy,giống như đang xem một giấc mơ_vậy,giống như đang xem một giấc mơ_vậy
Viewer loyal mà coi như rác,toxic,insult,0,False,viewer loyal mà coi như rác,viewer loyal mà coi như rác,viewer loyal mà coi như rác
"Cmm, nhái Liên Quân mà dở thế!",toxic,curse,0,False,"cmm, nhái liên quân mà dở thế!","cmm , nhái liên_quân mà dở_thế !","cmm , nhái liên_quân mà dở_thế !"
bạn tui tag ny cũ nó vô rồi 😢,negative,jealousy,0,True,bạn tui tag người yêu cũ nó vô rồi 😢,bạn tui tag người_yêu cũ nó vô rồi 😢,bạn tui tag ny cũ nó vô rồi 😢
Thấy cơm quê dượng bầu khịa anh Huy ở đâu? 😄,neutral,question,1,False,thấy cơm quê dượng bầu khịa anh huy ở đâu? 😄,thấy cơm quê dượng bầu khịa anh huy ở đâu ? 😄,thấy cơm quê dượng bầu khịa anh huy ở đâu ? 😄
Thấy cơm quê dượng bầu khịa anh Huy ở đâu? 😄,neutral,question,1,False,thấy cơm quê dượng bầu khịa anh huy ở đâu? 😄,thấy cơm quê dượng bầu khịa anh huy ở đâu ? 😄,thấy cơm quê dượng bầu khịa anh huy ở đâu ? 😄
noi chung la khong an tuong,negative,criticism,0,False,noi chung la khong an tuong,noi chung la khong an tuong,noi chung la khong an tuong
"Tâm thần mà phá đúng chỗ quan trọng, kn nổi",toxic,sarcasm,0,False,"tâm thần mà phá đúng chỗ quan trọng, kn nổi","tâm_thần mà phá đúng chỗ quan_trọng , kn nổi","tâm_thần mà phá đúng chỗ quan_trọng , kn nổi"
Bạn dùng app gì edit video thế?,neutral,question,1,False,bạn dùng app gì edit video thế?,bạn dùng app gì edit video thế ?,bạn dùng app gì edit video thế ?
tự lập hơn rất nhiều sau khi đi nghĩa vụ,positive,useful,2,False,tự lập hơn rất nhiều sau khi đi nghĩa vụ,tự_lập hơn rất nhiều sau khi đi nghĩa_vụ,tự_lập hơn rất nhiều sau khi đi nghĩa_vụ
"Sống tốt, mọi thứ tự nhiên tốt theo thôi",positive,appreciation,2,False,"sống tốt, mọi thứ tự nhiên tốt theo thôi","sống tốt , mọi thứ tự_nhiên tốt theo thôi","sống tốt , mọi thứ tự_nhiên tốt theo thôi"
Don't ruin it for others,neutral,consideration,1,False,don't ruin it for others,don ' t ruin it for others,don ' t ruin it for others
Chơi game mà rage như điên,toxic,insult,0,False,chơi game mà rage như điên,chơi game mà rage như_điên,chơi game mà rage như_điên
"Bớt sân si đi, làm clip cho tử tế vào",toxic,insult,0,False,"bớt sân si đi, làm clip cho tử tế vào","bớt sân si đi , làm clip cho tử_tế vào","bớt sân si đi , làm clip cho tử_tế vào"
Giao hàng như ném đá qua cửa,toxic,insult,0,False,giao hàng như ném đá qua cửa,giao hàng như ném đá qua cửa,giao hàng như ném đá qua cửa
mỗi vùng đều đáng yêu theo cách riêng,positive,diversity,2,False,mỗi vùng đều đáng yêu theo cách riêng,mỗi vùng đều đáng yêu theo cách riêng,mỗi vùng đều đáng yêu theo cách riêng
Không hiểu đoạn kết muốn nói gì,negative,criticism,0,False,không hiểu đoạn kết muốn nói gì,không hiểu đoạn kết muốn nói_gì,không hiểu đoạn kết muốn nói_gì
đây là lý do tui tình nguyện đi viện mỗi tuần,positive,funny,2,False,đây là lý do tui tình nguyện đi viện mỗi tuần,đây là lý_do tui tình_nguyện đi viện mỗi tuần,đây là lý_do tui tình_nguyện đi viện mỗi tuần
ko co thong diep ro rang,negative,criticism,0,True,không co thong diep ro rang,không co thong diep ro rang,ko co thong diep ro rang
Shop lừa đảo mà còn làm ngơ,toxic,insult,0,False,shop lừa đảo mà còn làm ngơ,shop lừa_đảo mà còn làm_ngơ,shop lừa_đảo mà còn làm_ngơ
may nghi cai mat do ai thich nhin tren fb ha?,toxic,insult,0,True,may nghi cai mat do ai thích nhin tren facebook ha?,may nghi cai mat do ai thích nhin tren facebook ha ?,may nghi cai mat do ai thich nhin tren fb ha ?
duong nay ngay nao cung ket,negative,complaint,0,False,duong nay ngay nao cung ket,duong nay ngay nao cung ket,duong nay ngay nao cung ket
"Camera xịn thế, bao nhiêu tiền?",neutral,inquiry,1,False,"camera xịn thế, bao nhiêu tiền?","camera xịn thế , bao_nhiêu tiền ?","camera xịn thế , bao_nhiêu tiền ?"
Xấu cả người lẫn nết luôn,toxic,insult,0,False,xấu cả người lẫn nết luôn,xấu cả người lẫn nết luôn,xấu cả người lẫn nết luôn
ko ai hieu ban dang noi gi,negative,criticism,0,True,không ai hieu ban dang noi gi,không ai hieu ban dang noi gi,ko ai hieu ban dang noi gi
đừng so sánh vì mỗi lớp mỗi vibe,neutral,acceptance,1,False,đừng so sánh vì mỗi lớp mỗi vibe,đừng so_sánh vì mỗi lớp mỗi vibe,đừng so_sánh vì mỗi lớp mỗi vibe
Đang trending #1,positive,trending,2,False,đang trending #1,đang trending # 1,đang trending # 1
Anh Huy làm clip cơm quê cười đau cả bụng 😄,positive,humor,2,False,anh huy làm clip cơm quê cười đau cả bụng 😄,anh huy làm clip cơm quê cười đau cả bụng 😄,anh huy làm clip cơm quê cười đau cả bụng 😄
Hình như có gì đó không đúng,negative,doubt,0,False,hình như có gì đó không đúng,hình_như có gì đó không đúng,hình_như có gì đó không đúng
"Thằng khốn, xóa video này đi!",toxic,curse,0,True,"thằng khốn, xóa video này đi!","thằng khốn , xóa_video này đi !","thằng khốn , xóa_video này đi !"
noi roi nhin van loi,negative,criticism,0,False,noi roi nhin van loi,noi roi nhin van loi,noi roi nhin van loi
Chỉ biết nói tục như thường lệ,toxic,insult,0,False,chỉ biết nói tục như thường lệ,chỉ biết nói_tục như_thường_lệ,chỉ biết nói_tục như_thường_lệ
Flex hard quá bạn ơi,negative,showing_off,0,False,flex hard quá bạn ơi,flex hard quá bạn ơi,flex hard quá bạn ơi
đồ ăn mà nhấn mạnh địa điểm là hiểu rồi đó,negative,review,0,False,đồ ăn mà nhấn mạnh địa điểm là hiểu rồi đó,đồ ăn mà nhấn_mạnh địa_điểm là hiểu rồi đó,đồ ăn mà nhấn_mạnh địa_điểm là hiểu rồi đó
Fresh perspective! Góc nhìn mới,positive,innovative,2,False,fresh perspective! góc nhìn mới,fresh perspective ! góc nhìn mới,fresh perspective ! góc nhìn mới
Sản phẩm có dễ vệ sinh không bạn?,neutral,question,1,False,sản phẩm có dễ vệ sinh không bạn?,sản_phẩm có_dễ vệ_sinh không bạn ?,sản_phẩm có_dễ vệ_sinh không bạn ?
Các event trong game quá đơn điệu,negative,criticism,0,False,các event trong game quá đơn điệu,các event trong game quá đơn_điệu,các event trong game quá đơn_điệu
"Hơi thất vọng, tui kỳ vọng nhiều hơn",negative,disappointment,0,False,"hơi thất vọng, tui kỳ vọng nhiều hơn","hơi thất_vọng , tui kỳ_vọng nhiều hơn","hơi thất_vọng , tui kỳ_vọng nhiều hơn"
cai anh do ma may cung dam lam avatar fb a?,toxic,insult,0,True,cai anh do ma may cung dam lam avatar facebook a?,cai anh do ma may cung dam lam avatar facebook a ?,cai anh do ma may cung dam lam avatar fb a ?
Thời gian ship khoảng bao lâu?,neutral,question,1,False,thời gian ship khoảng bao lâu?,thời_gian ship khoảng bao_lâu ?,thời_gian ship khoảng bao_lâu ?
Chưa nhận được hóa đơn mua hàng,negative,complaint,0,False,chưa nhận được hóa đơn mua hàng,chưa nhận được hóa_đơn mua hàng,chưa nhận được hóa_đơn mua hàng
"Đm, lừa đảo hả? Đừng tin nhé!",toxic,warning,0,False,"đm, lừa đảo hả? đừng tin nhé!","đm , lừa_đảo hả ? đừng tin nhé !","đm , lừa_đảo hả ? đừng tin nhé !"
clip này chữa bệnh tâm hồn tui thật sự,positive,healing,2,False,clip này chữa bệnh tâm hồn tui thật sự,clip này chữa bệnh tâm_hồn tui thật_sự,clip này chữa bệnh tâm_hồn tui thật_sự
"Cũng bình thường, không có gì hot",neutral,mediocre,1,False,"cũng bình thường, không có gì hot","cũng bình_thường , không có gì hot","cũng bình_thường , không có gì hot"
Không hài lòng với kết quả nhận được,negative,disappointment,0,False,không hài lòng với kết quả nhận được,không hài_lòng với kết_quả nhận được,không hài_lòng với kết_quả nhận được
coi xong thấy mọi đau đớn tan biến,positive,healing,2,False,coi xong thấy mọi đau đớn tan biến,coi xong thấy mọi đau_đớn tan biến,coi xong thấy mọi đau_đớn tan biến
may nghi khoe cai chan cong do la dep lam a?,toxic,insult,0,False,may nghi khoe cai chan cong do la dep lam a?,may nghi khoe cai chan cong do la dep lam a ?,may nghi khoe cai chan cong do la dep lam a ?
Bạn làm tut chi tiết hơn được không?,neutral,request,1,False,bạn làm tut chi tiết hơn được không?,bạn làm tut chi_tiết hơn được không ?,bạn làm tut chi_tiết hơn được không ?
Người vừa xinh vừa khéo thế ❤️xứng đáng 10 thủ công điểm,positive,compliment,2,False,người vừa xinh vừa khéo thế ❤️xứng đáng 10 thủ công điểm,người vừa xinh vừa khéo thế ❤ ️ xứng_đáng 10 thủ_công_điểm,người vừa xinh vừa khéo thế ❤ ️ xứng_đáng 10 thủ_công_điểm
xem xong khỏi cần đi ăn nữa,positive,satisfaction,2,False,xem xong khỏi cần đi ăn nữa,xem xong khỏi cần đi ăn nữa,xem xong khỏi cần đi ăn nữa
Thấy rõ sự khác biệt qua từng công trình,positive,appreciation,2,False,thấy rõ sự khác biệt qua từng công trình,thấy rõ sự khác_biệt qua từng công_trình,thấy rõ sự khác_biệt qua từng công_trình
đỉnh cao kể chuyện bằng hình ảnh,positive,storytelling,2,False,đỉnh cao kể chuyện bằng hình ảnh,đỉnh_cao kể chuyện bằng hình_ảnh,đỉnh_cao kể chuyện bằng hình_ảnh
rất cần những nội dung như vậy,positive,appreciation,2,False,rất cần những nội dung như vậy,rất cần những nội_dung như_vậy,rất cần những nội_dung như_vậy
sao may cu thich di cong kich nguoi khac tren fb?,toxic,insult,0,True,sao may cu thích di cong kich người khac tren fb?,sao may cu thích di_cong kich người khac tren fb ?,sao may cu thich di_cong kich nguoi khac tren fb ?
Sản phẩm không tương thích với thiết bị,negative,complaint,0,False,sản phẩm không tương thích với thiết bị,sản_phẩm không tương_thích với thiết_bị,sản_phẩm không tương_thích với thiết_bị
vẫn chưa hiểu thông điệp lắm,neutral,confused,1,False,vẫn chưa hiểu thông điệp lắm,vẫn chưa hiểu thông_điệp lắm,vẫn chưa hiểu thông_điệp lắm
mặt đau nhưng lòng hạnh phúc =)),positive,contrast,2,False,mặt đau nhưng lòng hạnh phúc =)),mặt đau nhưng lòng hạnh_phúc = ) ),mặt đau nhưng lòng hạnh_phúc = ) )
nhiều bạn tưởng đùa nhưng người khác tổn thương thật,negative,realization,0,False,nhiều bạn tưởng đùa nhưng người khác tổn thương thật,nhiều bạn tưởng đùa nhưng người khác tổn_thương thật,nhiều bạn tưởng đùa nhưng người khác tổn_thương thật
"Đoán được từ đầu, chán vãi!",negative,predictable,0,False,"đoán được từ đầu, chán vãi!","đoán được từ đầu , chán vãi !","đoán được từ đầu , chán vãi !"
Streamer này nên đi học lại cách nói chuyện,toxic,insult,0,False,streamer này nên đi học lại cách nói chuyện,streamer này nên đi học lại cách nói_chuyện,streamer này nên đi học lại cách nói_chuyện
Đánh giá 1 sao mà còn thấy cao,toxic,insult,0,False,đánh giá 1 sao mà còn thấy cao,đánh_giá 1 sao mà còn thấy cao,đánh_giá 1 sao mà còn thấy cao
Bạn có hướng dẫn tháo lắp không?,neutral,request,1,False,bạn có hướng dẫn tháo lắp không?,bạn có hướng_dẫn tháo lắp không ?,bạn có hướng_dẫn tháo lắp không ?
t giàu chứ t cũng ko bỏ 110k mua dĩa trứng 😌,negative,price\_complaint,0,True,t giàu chứ t cũng không bỏ 110k mua dĩa trứng 😌,t giàu chứ t cũng không bỏ 110k mua dĩa trứng 😌,t giàu chứ t cũng ko bỏ 110k mua dĩa trứng 😌
may co nghi cai clip do nhin ngu ngoc ra sao?,toxic,insult,0,False,may co nghi cai clip do nhin ngu ngoc ra sao?,may co nghi cai clip do nhin ngu ngoc ra sao ?,may co nghi cai clip do nhin ngu ngoc ra sao ?
còn ai nhớ bài hát này không 😢,neutral,question,1,False,còn ai nhớ bài hát này không 😢,còn ai nhớ bài hát này không 😢,còn ai nhớ bài hát này không 😢
"Cô ơi, hóa đơn này là vàng 24K hả? 😅",neutral,sarcasm,1,False,"cô ơi, hóa đơn này là vàng 24k hả? 😅","cô ơi , hóa_đơn này là vàng 24k hả ? 😅","cô ơi , hóa_đơn này là vàng 24k hả ? 😅"
ai từng bắt chước giọng này hồi nhỏ dơ tay ✋,positive,relatable,2,False,ai từng bắt chước giọng này hồi nhỏ dơ tay ✋,ai từng bắt_chước giọng này hồi nhỏ dơ tay ✋,ai từng bắt_chước giọng này hồi nhỏ dơ tay ✋
ngồi kế mà muốn đổi chỗ gấp luôn,neutral,funny,1,False,ngồi kế mà muốn đổi chỗ gấp luôn,ngồi kế mà muốn đổi chỗ gấp luôn,ngồi kế mà muốn đổi chỗ gấp luôn
gặp bác sĩ như này ai mà không chịu trị liệu,positive,motivation,2,False,gặp bác sĩ như này ai mà không chịu trị liệu,gặp bác_sĩ như này ai mà không chịu trị_liệu,gặp bác_sĩ như này ai mà không chịu trị_liệu
quan doi mon lien tuc,negative,complaint,0,False,quan doi mon lien tuc,quan doi mon lien tuc,quan doi mon lien tuc
Take it easy,neutral,advice,1,False,take it easy,take it easy,take it easy
"Hỏi thật, tâm thần sao biết đường vô chỗ ngai vàng?",neutral,question,1,False,"hỏi thật, tâm thần sao biết đường vô chỗ ngai vàng?","hỏi thật , tâm_thần sao biết đường vô chỗ ngai vàng ?","hỏi thật , tâm_thần sao biết đường vô chỗ ngai vàng ?"
"Clickbait à, thất vọng xĩu!",negative,criticism,0,False,"clickbait à, thất vọng xĩu!","clickbait à , thất_vọng xĩu !","clickbait à , thất_vọng xĩu !"
Ảnh couple nhìn fake quá,toxic,insult,0,False,ảnh couple nhìn fake quá,ảnh couple nhìn fake quá,ảnh couple nhìn fake quá
Content repetitive như máy móc,toxic,insult,0,False,content repetitive như máy móc,content repetitive như máy_móc,content repetitive như máy_móc
sao cap nào cũng đụng tới chuyện tình cảm vậy trời,neutral,complaint,1,False,sao cap nào cũng đụng tới chuyện tình cảm vậy trời,sao cap nào cũng đụng tới chuyện tình_cảm_vậy trời,sao cap nào cũng đụng tới chuyện tình_cảm_vậy trời
"cần gì học, xinh là được",toxic,misbelief,0,False,"cần gì học, xinh là được","cần gì học , xinh là được","cần gì học , xinh là được"
Clip quá ngắn không đủ hiểu,negative,criticism,0,False,clip quá ngắn không đủ hiểu,clip quá ngắn không đủ hiểu,clip quá ngắn không đủ hiểu
Vlog mà như hài nhảm vậy,toxic,insult,0,False,vlog mà như hài nhảm vậy,vlog mà như hài nhảm_vậy,vlog mà như hài nhảm_vậy
T tưởng trực bảo vệ công an tỉnh ko chứ😂😂😂,positive,appreciation,2,True,t tưởng trực bảo vệ công an tỉnh không chứ😂😂😂,t tưởng trực bảo_vệ công_an tỉnh không chứ 😂 😂 😂,t tưởng trực bảo_vệ công_an tỉnh ko chứ 😂 😂 😂
Post ảnh gaming setup mà chơi như noob,toxic,insult,0,False,post ảnh gaming setup mà chơi như noob,post ảnh gaming setup mà chơi như noob,post ảnh gaming setup mà chơi như noob
Một mô hình phát triển bền vững đáng học hỏi,positive,useful,2,False,một mô hình phát triển bền vững đáng học hỏi,một mô_hình phát_triển bền_vững đáng học_hỏi,một mô_hình phát_triển bền_vững đáng học_hỏi
Flex hard quá bạn ơi,negative,showing_off,0,False,flex hard quá bạn ơi,flex hard quá bạn ơi,flex hard quá bạn ơi
Lên mạng chém gió thôi chứ ngoài đời vô dụng,toxic,insult,0,False,lên mạng chém gió thôi chứ ngoài đời vô dụng,lên mạng chém gió thôi chứ ngoài đời vô_dụng,lên mạng chém gió thôi chứ ngoài đời vô_dụng
Chơi mãi vẫn gặp lỗi giật lag,negative,complaint,0,False,chơi mãi vẫn gặp lỗi giật lag,chơi mãi vẫn gặp lỗi giật lag,chơi mãi vẫn gặp lỗi giật lag
Predictable! Đoán được rồi,negative,predictable,0,False,predictable! đoán được rồi,predictable ! đoán được rồi,predictable ! đoán được rồi
co ai thay ban nay an rat sang khong?,neutral,statement,1,False,co ai thay ban nay an rat sang khong?,co ai thay ban nay an rat sang khong ?,co ai thay ban nay an rat sang khong ?
sao may dam post cai anh body te hai do len fb?,toxic,insult,0,False,sao may dam post cai anh body te hai do len fb?,sao may dam post cai anh body te hai do len fb ?,sao may dam post cai anh body te hai do len fb ?
canh sat giao thong an mac loi,negative,complaint,0,False,canh sat giao thong an mac loi,canh sat giao thong an mac loi,canh sat giao thong an mac loi
Cơm quê mà giá này chắc bán ở Dubai 😭,negative,sarcasm,0,False,cơm quê mà giá này chắc bán ở dubai 😭,cơm quê mà giá này chắc bán ở dubai 😭,cơm quê mà giá này chắc bán ở dubai 😭
ko co y kien gi,neutral,no_opinion,1,True,không co y kien gi,không co y kien gi,ko co y kien gi
"duong thi hep, nguoi thi dong",negative,criticism,0,True,"duong thi hep, người thi dong","duong thi hep , người thi_dong","duong thi hep , nguoi thi_dong"
Post ảnh party mà một mình,toxic,insult,0,False,post ảnh party mà một mình,post ảnh party mà một_mình,post ảnh party mà một_mình
Heart is full! Tim đầy ấp,positive,fulfillment,2,False,heart is full! tim đầy ấp,heart is full ! tim đầy ấp,heart is full ! tim đầy ấp
nếu giảm giá 50% thì may ra chấp nhận được,negative,value,0,False,nếu giảm giá 50% thì may ra chấp nhận được,nếu giảm_giá 50 % thì may_ra chấp_nhận được,nếu giảm_giá 50 % thì may_ra chấp_nhận được
mlbb shade,positive,natural_lip_color,2,False,mlbb shade,mlbb shade,mlbb shade
may nghi cai body beo nhu heo do la dep a?,toxic,insult,0,False,may nghi cai body beo nhu heo do la dep a?,may nghi cai body beo nhu heo do la dep a ?,may nghi cai body beo nhu heo do la dep a ?
đứa hay nói ẩn ý chơi vs đứa hay nhột,positive,funny,2,True,đứa hay nói ẩn ý chơi với đứa hay nhột,đứa hay nói ẩn_ý chơi với đứa hay nhột,đứa hay nói ẩn_ý chơi vs đứa hay nhột
Xem xong chỉ muốn report kênh này luôn,toxic,insult,0,False,xem xong chỉ muốn report kênh này luôn,xem xong chỉ muốn report kênh này luôn,xem xong chỉ muốn report kênh này luôn
Tai vểnh như tai chuột vậy mà cũng thích đeo khuyên,toxic,bodyshaming,0,False,tai vểnh như tai chuột vậy mà cũng thích đeo khuyên,tai vểnh như tai chuột vậy_mà cũng thích đeo khuyên,tai vểnh như tai chuột vậy_mà cũng thích đeo khuyên
cai status nay ma may cung tu hao share len a?,toxic,insult,0,False,cai status nay ma may cung tu hao share len a?,cai status nay ma may cung tu hao share len a ?,cai status nay ma may cung tu hao share len a ?
cai mat may nhin la biet khong co gi hay ho roi!,toxic,insult,0,True,cai mat may nhin la biết khong co gi hay ho roi!,cai mat may nhin la biết khong co gi hay_ho roi !,cai mat may nhin la biet khong co gi hay_ho roi !
Làm gì cũng thấy giả tạo,toxic,insult,0,False,làm gì cũng thấy giả tạo,làm gì cũng thấy giả_tạo,làm gì cũng thấy giả_tạo
brows on fleek,positive,perfect_eyebrows,2,False,brows on fleek,brows on fleek,brows on fleek
Secondhand embarrassment,negative,cringe,0,False,secondhand embarrassment,secondhand embarrassment,secondhand embarrassment
Cư xử vậy mới là đẳng cấp,positive,compliment,2,False,cư xử vậy mới là đẳng cấp,cư_xử vậy mới là đẳng_cấp,cư_xử vậy mới là đẳng_cấp
Waste ultimate skill như vứt đi,toxic,insult,0,False,waste ultimate skill như vứt đi,waste ultimate skill như vứt đi,waste ultimate skill như vứt đi
cái này là cạn lời thật sự,neutral,expression,1,False,cái này là cạn lời thật sự,cái này là cạn_lời thật_sự,cái này là cạn_lời thật_sự
Đi đâu cũng thấy dự án của Đèo Cả,positive,appreciation,2,False,đi đâu cũng thấy dự án của đèo cả,đi đâu cũng thấy dự_án của đèo cả,đi đâu cũng thấy dự_án của đèo cả
Bạn giải thích hơi khó hiểu,negative,criticism,0,False,bạn giải thích hơi khó hiểu,bạn giải_thích hơi khó hiểu,bạn giải_thích hơi khó hiểu
video nhu may chup,negative,criticism,0,False,video nhu may chup,video nhu may chup,video nhu may chup
Sản phẩm này có bảo hành chính hãng không?,neutral,question,1,False,sản phẩm này có bảo hành chính hãng không?,sản_phẩm này có bảo_hành_chính hãng không ?,sản_phẩm này có bảo_hành_chính hãng không ?
Cảm giác y như phim Hollywood!,positive,cinematic,2,False,cảm giác y như phim hollywood!,cảm_giác y_như phim hollywood !,cảm_giác y_như phim hollywood !
Sản phẩm này có phù hợp với người lớn tuổi không?,neutral,question,1,False,sản phẩm này có phù hợp với người lớn tuổi không?,sản_phẩm này có phù_hợp với người lớn_tuổi không ?,sản_phẩm này có phù_hợp với người lớn_tuổi không ?
xe container chay lan xe may,negative,criticism,0,False,xe container chay lan xe may,xe container chay lan xe may,xe container chay lan xe may
Spam quá! Báo cáo liền,negative,complaint,0,False,spam quá! báo cáo liền,spam quá ! báo_cáo liền,spam quá ! báo_cáo liền
đọc bình luận mà rối luôn á,neutral,confused,1,False,đọc bình luận mà rối luôn á,đọc bình_luận mà rối luôn á,đọc bình_luận mà rối luôn á
xem mà nhớ thời học trò ghê,positive,appreciation,2,False,xem mà nhớ thời học trò ghê,xem mà nhớ thời học_trò ghê,xem mà nhớ thời học_trò ghê
Anh Huy làm clip cơm quê đỉnh quá 😎,positive,neutral,2,False,anh huy làm clip cơm quê đỉnh quá 😎,anh huy làm clip cơm quê đỉnh quá 😎,anh huy làm clip cơm quê đỉnh quá 😎
Viewer count thấp mà attitude cao,toxic,insult,0,False,viewer count thấp mà attitude cao,viewer count thấp mà attitude cao,viewer count thấp mà attitude cao
"tức ghê, sao mình nghĩ nhiều thế",neutral,overthinking,1,False,"tức ghê, sao mình nghĩ nhiều thế","tức ghê , sao mình nghĩ nhiều thế","tức ghê , sao mình nghĩ nhiều thế"
Chơi game tệ mà còn dạy người khác,toxic,insult,0,False,chơi game tệ mà còn dạy người khác,chơi game tệ mà còn dạy người khác,chơi game tệ mà còn dạy người khác
"Xúc động quá, khóc thật luôn!",positive,emotional,2,False,"xúc động quá, khóc thật luôn!","xúc_động quá , khóc thật luôn !","xúc_động quá , khóc thật luôn !"
may co biet cai anh do nhin re tien the nao khong?,toxic,insult,0,True,may co biết cai anh do nhin re tien the nao khong?,may co biết cai anh do nhin re tien the nao khong ?,may co biet cai anh do nhin re tien the nao khong ?
Nhận hàng như nhận phế liệu,toxic,insult,0,False,nhận hàng như nhận phế liệu,nhận hàng như nhận phế_liệu,nhận hàng như nhận phế_liệu
"Thằng óc chó, nói gì mà tào lao thế",toxic,insult,0,True,"thằng óc chó, nói gì mà tào lao thế","thằng óc chó , nói gì mà tào_lao_thế","thằng óc chó , nói gì mà tào_lao_thế"
Còn hàng không?,neutral,inquiry,1,False,còn hàng không?,còn hàng không ?,còn hàng không ?
cai chan may cong queo ma cung dam khoe a?,toxic,insult,0,False,cai chan may cong queo ma cung dam khoe a?,cai chan may cong_queo ma cung dam khoe a ?,cai chan may cong_queo ma cung dam khoe a ?
Clip này mất bao lâu để quay vậy?,neutral,question,1,False,clip này mất bao lâu để quay vậy?,clip này mất bao_lâu để quay vậy ?,clip này mất bao_lâu để quay vậy ?
Quán này chắc bán cả bình nguyên vô tận 😆,neutral,humor,1,False,quán này chắc bán cả bình nguyên vô tận 😆,quán này chắc bán cả bình_nguyên vô_tận 😆,quán này chắc bán cả bình_nguyên vô_tận 😆
Streamer này chỉ biết làm trò,toxic,insult,0,False,streamer này chỉ biết làm trò,streamer này chỉ biết làm_trò,streamer này chỉ biết làm_trò
"Coi clip thấy ông này hành động kỳ, chắc bệnh thật",neutral,neutral,1,False,"coi clip thấy ông này hành động kỳ, chắc bệnh thật","coi clip thấy ông này hành_động kỳ , chắc bệnh thật","coi clip thấy ông này hành_động kỳ , chắc bệnh thật"
Chef's kiss! Hoàn hảo,positive,perfection,2,False,chef's kiss! hoàn hảo,chef ' s kiss ! hoàn_hảo,chef ' s kiss ! hoàn_hảo
Bài nhạc này tên gì vậy?,neutral,question,1,False,bài nhạc này tên gì vậy?,bài nhạc này tên gì vậy ?,bài nhạc này tên gì vậy ?
Thấy clip này chỉ muốn dislike thôi,toxic,insult,0,False,thấy clip này chỉ muốn dislike thôi,thấy clip này chỉ muốn dislike thôi,thấy clip này chỉ muốn dislike thôi
Làm lại video khác được không,negative,criticism,0,False,làm lại video khác được không,làm lại video khác được không,làm lại video khác được không
cute wa di,positive,cute,2,True,cute quá di,cute quá_di,cute wa_di
mọi người nên xem để tránh bị lừa nha,positive,useful,2,False,mọi người nên xem để tránh bị lừa nha,mọi người nên xem để tránh bị lừa nha,mọi người nên xem để tránh bị lừa nha
Story behind the scenes mà staged,toxic,insult,0,False,story behind the scenes mà staged,story behind the scenes mà staged,story behind the scenes mà staged
không biết nên khóc vì đau hay cười vì đẹp,positive,mixed\_emotion,2,False,không biết nên khóc vì đau hay cười vì đẹp,không biết nên khóc vì đau hay cười vì đẹp,không biết nên khóc vì đau hay cười vì đẹp
Bạn có thể review thêm các tính năng phụ không?,neutral,request,1,False,bạn có thể review thêm các tính năng phụ không?,bạn có_thể review thêm các tính_năng phụ không ?,bạn có_thể review thêm các tính_năng phụ không ?
Thông tin này không đúng đâu bạn,negative,correction,0,False,thông tin này không đúng đâu bạn,thông_tin này không đúng đâu bạn,thông_tin này không đúng đâu bạn
Ai mà giao du với loại này được,toxic,insult,0,False,ai mà giao du với loại này được,ai mà giao_du với loại này được,ai mà giao_du với loại này được
Không hiểu sao lên được FYP luôn,negative,criticism,0,False,không hiểu sao lên được fyp luôn,không hiểu sao lên được fyp luôn,không hiểu sao lên được fyp luôn
Cảm xúc dâng trào luôn đó,positive,appreciation,2,False,cảm xúc dâng trào luôn đó,cảm_xúc dâng trào luôn đó,cảm_xúc dâng trào luôn đó
Cơm quê sao dùng trứng công nghiệp z má,negative,criticism,0,True,cơm quê sao dùng trứng công nghiệp vậy má,cơm quê sao dùng trứng công_nghiệp vậy má,cơm quê sao dùng trứng công_nghiệp z má
Tôi vẫn đang chờ phản hồi từ shop,neutral,statement,1,False,tôi vẫn đang chờ phản hồi từ shop,tôi vẫn đang chờ phản_hồi từ shop,tôi vẫn đang chờ phản_hồi từ shop
"Fake vcl, không tự nhiên gì hết",negative,artificial,0,False,"fake vcl, không tự nhiên gì hết","fake vcl , không tự_nhiên gì hết","fake vcl , không tự_nhiên gì hết"
Drama gì vậy? Không hiểu,neutral,confusion,1,False,drama gì vậy? không hiểu,drama gì vậy ? không hiểu,drama gì vậy ? không hiểu
tính ra vậy cũng ổn so với mặt bằng chung,positive,appreciation,2,False,tính ra vậy cũng ổn so với mặt bằng chung,tính ra vậy cũng ổn so với mặt_bằng chung,tính ra vậy cũng ổn so với mặt_bằng chung
Thích cái vibe này ghê,positive,compliment,2,False,thích cái vibe này ghê,thích cái vibe này ghê,thích cái vibe này ghê
Bạn gửi link group hỗ trợ đi,neutral,request,1,False,bạn gửi link group hỗ trợ đi,bạn gửi link group hỗ_trợ đi,bạn gửi link group hỗ_trợ đi
Tóc thưa thế mà cứ hay xõa,toxic,bodyshaming,0,False,tóc thưa thế mà cứ hay xõa,tóc thưa thế_mà cứ hay xõa,tóc thưa thế_mà cứ hay xõa
motd,neutral,makeup_of_day,1,False,motd,motd,motd
tụi nhỏ đọc xong tưởng giỡn là đúng rồi bắt chước,negative,influence,0,False,tụi nhỏ đọc xong tưởng giỡn là đúng rồi bắt chước,tụi nhỏ đọc xong tưởng giỡn là đúng rồi bắt_chước,tụi nhỏ đọc xong tưởng giỡn là đúng rồi bắt_chước
"Thương anh lắm, cố gắng anh nhé",positive,neutral,2,False,"thương anh lắm, cố gắng anh nhé","thương anh lắm , cố_gắng anh nhé","thương anh lắm , cố_gắng anh nhé"
Nội dung đơn giản quá,negative,criticism,0,False,nội dung đơn giản quá,nội_dung đơn_giản quá,nội_dung đơn_giản quá
cmm,toxic,abbreviation_vulgar,0,True,con mẹ mày,con_mẹ mày,cmm
On the edge of my seat,positive,suspense,2,False,on the edge of my seat,on the edge of my seat,on the edge of my seat
"Clip anh Huy vui, xem xong muốn ăn cơm quê 😄",positive,neutral,2,False,"clip anh huy vui, xem xong muốn ăn cơm quê 😄","clip anh huy vui , xem xong muốn ăn cơm quê 😄","clip anh huy vui , xem xong muốn ăn cơm quê 😄"
Bạn thấy phần mềm có ổn không?,neutral,question,1,False,bạn thấy phần mềm có ổn không?,bạn thấy phần_mềm có ổn không ?,bạn thấy phần_mềm có ổn không ?
Mỗi lần xem là mỗi lần cười với cơm quê 😄,positive,humor,2,False,mỗi lần xem là mỗi lần cười với cơm quê 😄,mỗi lần xem là mỗi lần cười với cơm quê 😄,mỗi lần xem là mỗi lần cười với cơm quê 😄
Nhân vật cân bằng kém quá,negative,criticism,0,False,nhân vật cân bằng kém quá,nhân_vật cân_bằng kém quá,nhân_vật cân_bằng kém quá
Happily ever after energy,positive,romantic,2,False,happily ever after energy,happily ever after energy,happily ever after energy
clip dai bao lau vay?,neutral,question,1,False,clip dai bao lau vay?,clip dai bao lau vay ?,clip dai bao lau vay ?
Không hài lòng với cơ chế giao dịch,negative,complaint,0,False,không hài lòng với cơ chế giao dịch,không hài_lòng với cơ_chế giao_dịch,không hài_lòng với cơ_chế giao_dịch
Không ồn ào mà vẫn hấp dẫn,positive,appreciation,2,False,không ồn ào mà vẫn hấp dẫn,không ồn_ào mà vẫn hấp_dẫn,không ồn_ào mà vẫn hấp_dẫn
"Thằng khốn, cút khỏi đây đi",toxic,curse,0,True,"thằng khốn, cút khỏi đây đi","thằng khốn , cút khỏi đây đi","thằng khốn , cút khỏi đây đi"
Giao nhầm hàng mà bảo khách sai,toxic,insult,0,False,giao nhầm hàng mà bảo khách sai,giao nhầm hàng mà bảo khách sai,giao nhầm hàng mà bảo khách sai
"Nói như vẹt, xem mà phát chán",toxic,insult,0,False,"nói như vẹt, xem mà phát chán","nói như vẹt , xem mà phát chán","nói như vẹt , xem mà phát chán"
tui từng tưởng nhân vật tự nói tiếng Việt luôn,positive,misunderstanding,2,False,tui từng tưởng nhân vật tự nói tiếng việt luôn,tui từng tưởng nhân_vật tự nói tiếng việt luôn,tui từng tưởng nhân_vật tự nói tiếng việt luôn
sao cái cap lại giống chuyện tui dữ vậy,positive,coincidence,2,False,sao cái cap lại giống chuyện tui dữ vậy,sao cái cap lại giống chuyện tui dữ_vậy,sao cái cap lại giống chuyện tui dữ_vậy
"Spam comment nhiều quá, mệt ghê",negative,complaint,0,False,"spam comment nhiều quá, mệt ghê","spam comment nhiều quá , mệt ghê","spam comment nhiều quá , mệt ghê"
cảm ơn vì da đen,positive,gratitude,2,False,cảm ơn vì da đen,cảm_ơn vì da đen,cảm_ơn vì da đen
"Ngầu xĩu, t respect b lun!",positive,admiration,2,False,"ngầu xĩu, t respect b lun!","ngầu xĩu , t respect b lun !","ngầu xĩu , t respect b lun !"
chỉ là clip thôi mà tui tưởng đang mơ,positive,dreamlike,2,False,chỉ là clip thôi mà tui tưởng đang mơ,chỉ là clip thôi mà tui tưởng đang mơ,chỉ là clip thôi mà tui tưởng đang mơ
Hơi thiên vị một phía,negative,bias,0,False,hơi thiên vị một phía,hơi thiên_vị một phía,hơi thiên_vị một phía
"Đm, video này rác vcl, xóa đi!",toxic,curse,0,False,"đm, video này rác vcl, xóa đi!","đm , video này rác vcl , xóa đi !","đm , video này rác vcl , xóa đi !"
Cupid skip tôi rồi,negative,loneliness,0,False,cupid skip tôi rồi,cupid skip tôi rồi,cupid skip tôi rồi
Bạn thấy pin dùng được lâu không?,neutral,question,1,False,bạn thấy pin dùng được lâu không?,bạn thấy pin dùng được lâu không ?,bạn thấy pin dùng được lâu không ?
Giao hàng muộn hơn dự kiến,negative,complaint,0,False,giao hàng muộn hơn dự kiến,giao hàng muộn hơn dự_kiến,giao hàng muộn hơn dự_kiến
Rich kid problems,negative,privilege,0,False,rich kid problems,rich kid problems,rich kid problems
Tôi vừa bị spoil rồi!,negative,spoiler,0,False,tôi vừa bị spoil rồi!,tôi vừa bị spoil rồi !,tôi vừa bị spoil rồi !
Keep it vague please,neutral,request,1,False,keep it vague please,keep it vague please,keep it vague please
Cái gì càng cấm càng hot,positive,appreciation,2,False,cái gì càng cấm càng hot,cái gì càng cấm càng hot,cái gì càng cấm càng hot
"Nhìn chung ổn, nhưng...",negative,mixed_feedback,0,False,"nhìn chung ổn, nhưng...","nhìn_chung ổn , nhưng ...","nhìn_chung ổn , nhưng ..."
"Tui thấy ổn mà, đâu đến nỗi như nhiều người nói",positive,appreciation,2,False,"tui thấy ổn mà, đâu đến nỗi như nhiều người nói","tui thấy ổn mà , đâu đến_nỗi như nhiều người nói","tui thấy ổn mà , đâu đến_nỗi như nhiều người nói"
dùng cap này chắc chắn sẽ dính drama,neutral,warning,1,False,dùng cap này chắc chắn sẽ dính drama,dùng cap này chắc_chắn sẽ dính drama,dùng cap này chắc_chắn sẽ dính drama
Người như này gặp ngoài chắc né xa,toxic,insult,0,False,người như này gặp ngoài chắc né xa,người như này gặp ngoài chắc né xa,người như này gặp ngoài chắc né xa
"Cơm quê giá thượng, ăn xong muốn lên trời",negative,humor,0,False,"cơm quê giá thượng, ăn xong muốn lên trời","cơm quê giá thượng , ăn xong muốn lên trời","cơm quê giá thượng , ăn xong muốn lên trời"
Chỉ biết làm trò để lôi kéo viewer,toxic,insult,0,False,chỉ biết làm trò để lôi kéo viewer,chỉ biết làm_trò để lôi_kéo_viewer,chỉ biết làm_trò để lôi_kéo_viewer
Chỉnh sửa chưa đẹp,negative,criticism,0,False,chỉnh sửa chưa đẹp,chỉnh_sửa chưa đẹp,chỉnh_sửa chưa đẹp
Left no crumbs! Không chừa gì,positive,complete_success,2,False,left no crumbs! không chừa gì,left no crumbs ! không chừa gì,left no crumbs ! không chừa gì
lashes for days,positive,long_eyelashes,2,False,lashes for days,lashes for days,lashes for days
Post ảnh minimalist mà hoard stuff,toxic,insult,0,False,post ảnh minimalist mà hoard stuff,post ảnh minimalist mà hoard stuff,post ảnh minimalist mà hoard stuff
cai dau oc may co van de gi ma viet status ngu the?,toxic,insult,0,False,cai dau oc may co van de gi ma viet status ngu the?,cai dau oc may co van de gi ma viet status ngu the ?,cai dau oc may co van de gi ma viet status ngu the ?
Assassin mà không biết cut ADC,toxic,insult,0,False,assassin mà không biết cut adc,assassin mà không biết cut adc,assassin mà không biết cut adc
ai từng đi rồi sẽ hiểu giá trị của nó,positive,appreciation,2,False,ai từng đi rồi sẽ hiểu giá trị của nó,ai từng đi rồi sẽ hiểu giá_trị của nó,ai từng đi rồi sẽ hiểu giá_trị của nó
First blood cho enemy rồi AFK,toxic,insult,0,False,first blood cho enemy rồi afk,first blood cho enemy rồi afk,first blood cho enemy rồi afk
"B là idol t lun, đỉnh vcl!",positive,praise,2,False,"b là idol t lun, đỉnh vcl!","b là idol t lun , đỉnh vcl !","b là idol t lun , đỉnh vcl !"
Ảnh morning routine mà ngủ đến trưa,toxic,insult,0,False,ảnh morning routine mà ngủ đến trưa,ảnh morning routine mà ngủ đến trưa,ảnh morning routine mà ngủ đến trưa
tui nghe phát đoán ra nhân vật luôn,positive,recognition,2,False,tui nghe phát đoán ra nhân vật luôn,tui nghe phát đoán ra nhân_vật luôn,tui nghe phát đoán ra nhân_vật luôn
Hỗ trợ khách hàng kém lắm,negative,complaint,0,False,hỗ trợ khách hàng kém lắm,hỗ_trợ khách_hàng kém lắm,hỗ_trợ khách_hàng kém lắm
Cần thêm thông tin sản phẩm,neutral,request,1,False,cần thêm thông tin sản phẩm,cần thêm thông_tin sản_phẩm,cần thêm thông_tin sản_phẩm
tai xe di ngu gat,negative,criticism,0,False,tai xe di ngu gat,tai xe_di_ngu gat,tai xe_di_ngu gat
nội dung này đáng được chia sẻ rộng rãi,positive,useful,2,False,nội dung này đáng được chia sẻ rộng rãi,nội_dung này đáng được chia_sẻ rộng_rãi,nội_dung này đáng được chia_sẻ rộng_rãi
"Tâm thần thì gia đình phải trông chứ, thả ra làm gì",neutral,suggestion,1,False,"tâm thần thì gia đình phải trông chứ, thả ra làm gì","tâm_thần thì gia_đình phải trông chứ , thả ra làm gì","tâm_thần thì gia_đình phải trông chứ , thả ra làm gì"
Stream timing như người ngoài hành tinh,toxic,insult,0,False,stream timing như người ngoài hành tinh,stream timing như người_ngoài hành_tinh,stream timing như người_ngoài hành_tinh
"Phần nì hok hỉu, giải thích thêm đi",negative,confusion,0,True,"phần nì không hỉu, giải thích thêm đi","phần nì không hỉu , giải_thích thêm đi","phần nì hok hỉu , giải_thích thêm đi"
"Nói chuyện dở, chẳng ai muốn nghe",toxic,insult,0,False,"nói chuyện dở, chẳng ai muốn nghe","nói_chuyện dở , chẳng ai muốn nghe","nói_chuyện dở , chẳng ai muốn nghe"
Cảm giác hơi nhàm chán,negative,disappointment,0,False,cảm giác hơi nhàm chán,cảm_giác hơi nhàm_chán,cảm_giác hơi nhàm_chán
sao may cu khoe cai voc dang xau xi do tren fb?,toxic,insult,0,False,sao may cu khoe cai voc dang xau xi do tren fb?,sao may cu khoe cai voc dang xau xi do tren fb ?,sao may cu khoe cai voc dang xau xi do tren fb ?
Hit me up if interested,neutral,contact,1,False,hit me up if interested,hit me up if interested,hit me up if interested
Ai nói chuyện được với thứ ngu si này,toxic,insult,0,False,ai nói chuyện được với thứ ngu si này,ai nói_chuyện được với thứ ngu_si này,ai nói_chuyện được với thứ ngu_si này
"Gầy như cái que, nhìn chán thật",toxic,bodyshaming,0,False,"gầy như cái que, nhìn chán thật","gầy như cái que , nhìn chán thật","gầy như cái que , nhìn chán thật"
Sản phẩm này giá thế nào bạn?,neutral,question,1,False,sản phẩm này giá thế nào bạn?,sản_phẩm này giá thế_nào bạn ?,sản_phẩm này giá thế_nào bạn ?
Ngài có thể chia sẻ cho thần không ạ,positive,appreciation,2,False,ngài có thể chia sẻ cho thần không ạ,ngài có_thể chia_sẻ cho thần không ạ,ngài có_thể chia_sẻ cho thần không ạ
"Âm thanh hơi nhỏ, tăng volume lên nha",neutral,suggestion,1,False,"âm thanh hơi nhỏ, tăng volume lên nha","âm_thanh hơi nhỏ , tăng volume lên nha","âm_thanh hơi nhỏ , tăng volume lên nha"
ông bs này ở khoa gây mê bằng sức à🤣,positive,funny,2,False,ông bs này ở khoa gây mê bằng sức à🤣,ông bs này ở khoa gây_mê bằng sức à 🤣,ông bs này ở khoa gây_mê bằng sức à 🤣
giọng doraemon huyền thoại đúng là không ai thay thế được,positive,admiration,2,False,giọng doraemon huyền thoại đúng là không ai thay thế được,giọng doraemon huyền_thoại đúng là không ai thay_thế được,giọng doraemon huyền_thoại đúng là không ai thay_thế được
em sẽ chăm chỉ bị bệnh để gặp được người như anh,positive,humor,2,False,em sẽ chăm chỉ bị bệnh để gặp được người như anh,em sẽ chăm_chỉ bị bệnh để gặp được người như anh,em sẽ chăm_chỉ bị bệnh để gặp được người như anh
Mua về chỉ muốn vứt đi,toxic,insult,0,False,mua về chỉ muốn vứt đi,mua về chỉ muốn vứt đi,mua về chỉ muốn vứt đi
"LOL, cười sái quai hàm luôn!",positive,humor,2,False,"lol, cười sái quai hàm luôn!","lol , cười sái quai_hàm luôn !","lol , cười sái quai_hàm luôn !"
chắc tiền đó là tiền thuê decor chứ không phải đồ ăn,negative,sarcasm,0,False,chắc tiền đó là tiền thuê decor chứ không phải đồ ăn,chắc tiền đó là tiền thuê decor chứ không phải đồ ăn,chắc tiền đó là tiền thuê decor chứ không phải đồ ăn
clmm,toxic,extreme_abbreviation_vulgar,0,True,cái lồn mẹ mày,cái lồn mẹ mày,clmm
noi gi the,negative,what_are_you_saying,0,False,noi gi the,noi gi the,noi gi the
"Hàng bị bẩn, rách mà dám giao cho khách",toxic,insult,0,False,"hàng bị bẩn, rách mà dám giao cho khách","hàng bị bẩn , rách mà dám giao cho khách","hàng bị bẩn , rách mà dám giao cho khách"
học mà như đi fashion show vậy,positive,compliment,2,False,học mà như đi fashion show vậy,học mà như đi fashion show_vậy,học mà như đi fashion show_vậy
*Chef's kiss*,positive,perfection,2,False,*chef's kiss*,* chef ' s kiss *,* chef ' s kiss *
"kệ, miễn tui không phải vậy là được =))",positive,self\_irony,2,False,"kệ, miễn tui không phải vậy là được =))","kệ , miễn tui không phải vậy là được = ) )","kệ , miễn tui không phải vậy là được = ) )"
"Nghèo mà đẻ, khổ cả nhà",negative,anger,0,False,"nghèo mà đẻ, khổ cả nhà","nghèo mà đẻ , khổ cả nhà","nghèo mà đẻ , khổ cả nhà"
"nội dung giảng không nhớ, nhưng vibe lớp thì nhớ hoài",positive,aesthetic,2,False,"nội dung giảng không nhớ, nhưng vibe lớp thì nhớ hoài","nội_dung giảng không nhớ , nhưng vibe lớp thì nhớ hoài","nội_dung giảng không nhớ , nhưng vibe lớp thì nhớ hoài"
"Crush của tui đây, OTP số 1!",positive,shipping,2,False,"crush của tui đây, otp số 1!","crush của tui đây , otp số 1 !","crush của tui đây , otp số 1 !"
duong mot chieu nhieu nguoi van chay nguoc,negative,criticism,0,True,duong mot chieu nhieu người van chay nguoc,duong mot chieu nhieu người van chay nguoc,duong mot chieu nhieu nguoi van chay nguoc
Thằng ngu! Không biết gì mà nói,toxic,insult,0,True,thằng ngu! không biết gì mà nói,thằng ngu ! không biết gì mà nói,thằng ngu ! không biết gì mà nói
không có câu thoại nào vẫn đỉnh,positive,silent\_acting,2,False,không có câu thoại nào vẫn đỉnh,không có câu thoại nào vẫn đỉnh,không có câu thoại nào vẫn đỉnh
Xem mà nổi hết da gà,positive,excitement,2,False,xem mà nổi hết da gà,xem mà nổi hết da_gà,xem mà nổi hết da_gà
Throwback Thursday,neutral,routine,1,False,throwback thursday,throwback thursday,throwback thursday
lua dao do mn,negative,warning,0,True,lua dao do mọi người,lua dao do mọi người,lua dao do mn
Xem clip mà không hiểu nổi ý nghĩa,negative,criticism,0,False,xem clip mà không hiểu nổi ý nghĩa,xem clip mà không hiểu nổi ý_nghĩa,xem clip mà không hiểu nổi ý_nghĩa
Chả hiểu sao có người đăng ký kênh này,toxic,insult,0,False,chả hiểu sao có người đăng ký kênh này,chả hiểu sao có người đăng_ký kênh này,chả hiểu sao có người đăng_ký kênh này
cai livestream do ma may cung dam len fb a?,toxic,insult,0,True,cai livestream do ma may cung dam len facebook a?,cai livestream do ma may cung dam len facebook a ?,cai livestream do ma may cung dam len fb a ?
thấy vậy thôi chứ học kiểu này cũng áp lực,neutral,pressure,1,False,thấy vậy thôi chứ học kiểu này cũng áp lực,thấy vậy thôi chứ học kiểu này cũng áp_lực,thấy vậy thôi chứ học kiểu này cũng áp_lực
Streamer fake enthusiasm suốt ngày,toxic,insult,0,False,streamer fake enthusiasm suốt ngày,streamer fake enthusiasm suốt ngày,streamer fake enthusiasm suốt ngày
mình cũng từng bị hiểu sai vì giọng nói,negative,misjudged,0,False,mình cũng từng bị hiểu sai vì giọng nói,mình cũng từng bị hiểu sai vì giọng nói,mình cũng từng bị hiểu sai vì giọng nói
"Link ở đâu zậy, share đi b!",neutral,question,1,False,"link ở đâu zậy, share đi b!","link ở đâu zậy , share đi b !","link ở đâu zậy , share đi b !"
blessed,positive,grateful_feeling,2,False,blessed,blessed,blessed
"Video nì đỉnh vcl, làm típ đi b!",positive,encouragement,2,False,"video nì đỉnh vcl, làm típ đi b!","video nì đỉnh vcl , làm típ đi b !","video nì đỉnh vcl , làm típ đi b !"
may ns lung tung v,toxic,offensive,0,True,may nói lung tung v,may nói lung_tung v,may ns lung_tung v
noi nhieu ma chang co gi,negative,criticism,0,False,noi nhieu ma chang co gi,noi nhieu ma_chang co gi,noi nhieu ma_chang co gi
trẻ mà đầy tự tin ghê,positive,compliment,2,False,trẻ mà đầy tự tin ghê,trẻ mà đầy tự_tin ghê,trẻ mà đầy tự_tin ghê
Bạn có thể giải thích thêm không?,neutral,question,1,False,bạn có thể giải thích thêm không?,bạn có_thể giải_thích thêm không ?,bạn có_thể giải_thích thêm không ?
Quán cơm quê dượng bầu đúng là huyền thoại 😎,positive,neutral,2,False,quán cơm quê dượng bầu đúng là huyền thoại 😎,quán cơm quê dượng bầu đúng là huyền_thoại_😎,quán cơm quê dượng bầu đúng là huyền_thoại_😎
Chơi game mà skill như newbie,toxic,insult,0,False,chơi game mà skill như newbie,chơi game mà skill như newbie,chơi game mà skill như newbie
đẹp quá đi mất thôi,positive,compliment,2,False,đẹp quá đi mất thôi,đẹp quá đi mất thôi,đẹp quá đi mất thôi
ban thuong an vao gio nao?,neutral,question,1,False,ban thuong an vao gio nao?,ban thuong an vao gio nao ?,ban thuong an vao gio nao ?
ngon nhin la biet,neutral,statement,1,True,ngon nhin la biết,ngon nhin la biết,ngon nhin la biet
B dùng app gì edit vid zậy?,neutral,question,1,False,b dùng app gì edit vid zậy?,b dùng app gì edit vid zậy ?,b dùng app gì edit vid zậy ?
Không có hướng dẫn sử dụng chi tiết,negative,criticism,0,False,không có hướng dẫn sử dụng chi tiết,không có hướng_dẫn sử_dụng chi_tiết,không có hướng_dẫn sử_dụng chi_tiết
"xe buyt dung bat ngo, nguy hiem",negative,criticism,0,False,"xe buyt dung bat ngo, nguy hiem","xe buyt dung bat ngo , nguy hiem","xe buyt dung bat ngo , nguy hiem"
cai giong hat do ma may cung dam livestream ha?,toxic,insult,0,False,cai giong hat do ma may cung dam livestream ha?,cai giong hat do ma may cung dam livestream ha ?,cai giong hat do ma may cung dam livestream ha ?
chao ca nhieu xuong qua,negative,complaint,0,False,chao ca nhieu xuong qua,chao ca nhieu xuong qua,chao ca nhieu xuong qua
Xem mà rưng rưng nước mắt,positive,appreciation,2,False,xem mà rưng rưng nước mắt,xem mà rưng_rưng nước_mắt,xem mà rưng_rưng nước_mắt
"Đang hot trên mạng, hay quá bạn!",positive,buzzing,2,False,"đang hot trên mạng, hay quá bạn!","đang hot trên mạng , hay quá bạn !","đang hot trên mạng , hay quá bạn !"
Bài viết chi tiết và chuyên sâu quá,positive,appreciation,2,False,bài viết chi tiết và chuyên sâu quá,bài viết chi_tiết và chuyên_sâu quá,bài viết chi_tiết và chuyên_sâu quá
Không hỗ trợ kỹ thuật như cam kết,negative,complaint,0,False,không hỗ trợ kỹ thuật như cam kết,không hỗ_trợ kỹ_thuật như cam_kết,không hỗ_trợ kỹ_thuật như cam_kết
clip này giúp mình tỉnh táo trước khi đặt bàn,positive,awareness,2,False,clip này giúp mình tỉnh táo trước khi đặt bàn,clip này giúp mình tỉnh_táo trước khi đặt bàn,clip này giúp mình tỉnh_táo trước khi đặt bàn
sao may cu thich di noi xau nguoi khac tren fb?,toxic,insult,0,True,sao may cu thích di noi xau người khac tren fb?,sao may cu thích di_noi xau người khac tren fb ?,sao may cu thich di_noi xau nguoi khac tren fb ?
Acting quá! Fake lắm,negative,fake,0,False,acting quá! fake lắm,acting quá ! fake lắm,acting quá ! fake lắm
Không thích kiểu chơi của game này,negative,criticism,0,False,không thích kiểu chơi của game này,không thích kiểu chơi của game này,không thích kiểu chơi của game này
Chuyện nhỏ thôi nhưng thấy vui ghê,positive,appreciation,2,False,chuyện nhỏ thôi nhưng thấy vui ghê,chuyện nhỏ thôi nhưng thấy vui_ghê,chuyện nhỏ thôi nhưng thấy vui_ghê
ban an nhieu thuc pham huu co ha?,neutral,question,1,False,ban an nhieu thuc pham huu co ha?,ban an nhieu thuc pham huu co ha ?,ban an nhieu thuc pham huu co ha ?
tính ra vậy là dễ chịu rồi đó,positive,appreciation,2,False,tính ra vậy là dễ chịu rồi đó,tính ra vậy là dễ_chịu rồi đó,tính ra vậy là dễ_chịu rồi đó
duong nay nhieu o ga qua,negative,complaint,0,False,duong nay nhieu o ga qua,duong nay nhieu o ga qua,duong nay nhieu o ga qua
Comment drama dưới post người khác,toxic,insult,0,False,comment drama dưới post người khác,comment drama dưới post người khác,comment drama dưới post người khác
Làm để phục vụ chứ không phải để khoe mẽ,positive,appreciation,2,False,làm để phục vụ chứ không phải để khoe mẽ,làm để phục_vụ chứ không phải để khoe_mẽ,làm để phục_vụ chứ không phải để khoe_mẽ
Đùi to như cột đình vậy còn thích khoe,toxic,bodyshaming,0,False,đùi to như cột đình vậy còn thích khoe,đùi to như cột đình vậy còn thích khoe,đùi to như cột đình vậy còn thích khoe
Vid nì đúng chữa lành tâm hồn!,positive,therapeutic,2,False,vid nì đúng chữa lành tâm hồn!,vid nì đúng chữa lành tâm_hồn !,vid nì đúng chữa lành tâm_hồn !
riết rồi vua chúa ko bằng hắn ta,positive,appreciation,2,True,riết rồi vua chúa không bằng hắn ta,riết rồi vua chúa không bằng hắn ta,riết rồi vua chúa ko bằng hắn ta
tưởng đâu người yêu mình comment chứ 😢,negative,misplaced\_expectation,0,False,tưởng đâu người yêu mình comment chứ 😢,tưởng đâu người_yêu mình comment chứ 😢,tưởng đâu người_yêu mình comment chứ 😢
Easter egg! Tìm được rồi,positive,discovery,2,False,easter egg! tìm được rồi,easter egg ! tìm được rồi,easter egg ! tìm được rồi
cai anh dai dien do nhin ma muon block ngay!,toxic,insult,0,False,cai anh dai dien do nhin ma muon block ngay!,cai anh dai dien do nhin ma muon block ngay !,cai anh dai dien do nhin ma muon block ngay !
Đặt hàng mà không có xác nhận,negative,complaint,0,False,đặt hàng mà không có xác nhận,đặt_hàng mà không có xác_nhận,đặt_hàng mà không có xác_nhận
cafe nhat va chua,negative,criticism,0,False,cafe nhat va chua,cafe nhat va chua,cafe nhat va chua
ai cần thuốc khi có bác sĩ như vậy,positive,exaggeration,2,False,ai cần thuốc khi có bác sĩ như vậy,ai cần thuốc khi có bác_sĩ như_vậy,ai cần thuốc khi có bác_sĩ như_vậy
giọng miền Nam dễ thương dữ thần luôn á,positive,compliment,2,False,giọng miền nam dễ thương dữ thần luôn á,giọng miền nam dễ_thương dữ thần luôn á,giọng miền nam dễ_thương dữ thần luôn á
Sản phẩm giao thiếu phụ kiện,negative,complaint,0,False,sản phẩm giao thiếu phụ kiện,sản_phẩm giao thiếu_phụ_kiện,sản_phẩm giao thiếu_phụ_kiện
quan dong ma nhan vien nhu ngu,negative,complaint,0,False,quan dong ma nhan vien nhu ngu,quan dong ma_nhan vien nhu ngu,quan dong ma_nhan vien nhu ngu
Thích mấy clip đời thường vậy nè,positive,appreciation,2,False,thích mấy clip đời thường vậy nè,thích mấy clip đời_thường vậy nè,thích mấy clip đời_thường vậy nè
Hy vọng sẽ có thêm nhiều công ty như vậy,positive,appreciation,2,False,hy vọng sẽ có thêm nhiều công ty như vậy,hy_vọng sẽ có thêm nhiều công_ty như_vậy,hy_vọng sẽ có thêm nhiều công_ty như_vậy
Không hiểu đoạn intro để làm gì,negative,criticism,0,False,không hiểu đoạn intro để làm gì,không hiểu đoạn intro để làm gì,không hiểu đoạn intro để làm gì
ủa không phải là con gái lồng Doraemon hả?,neutral,confused,1,False,ủa không phải là con gái lồng doraemon hả?,ủa không phải là con_gái lồng doraemon hả ?,ủa không phải là con_gái lồng doraemon hả ?
"Phá di sản quốc gia mà ko bị gì, bất công quá",negative,anger,0,True,"phá di sản quốc gia mà không bị gì, bất công quá","phá di_sản quốc_gia mà không bị gì , bất_công quá","phá di_sản quốc_gia mà ko bị gì , bất_công quá"
cai mat may mun the ma cung dam post story a?,toxic,insult,0,False,cai mat may mun the ma cung dam post story a?,cai mat may mun the ma cung dam post story a ?,cai mat may mun the ma cung dam post story a ?
Chỉ giỏi drama chứ không có gì hay,toxic,insult,0,False,chỉ giỏi drama chứ không có gì hay,chỉ giỏi drama chứ không có gì hay,chỉ giỏi drama chứ không có gì hay
Check biển số xe là ra ngay,positive,appreciation,2,False,check biển số xe là ra ngay,check biển số xe là ra ngay,check biển số xe là ra ngay
Hàng về muốn đốt cho sạch,toxic,insult,0,False,hàng về muốn đốt cho sạch,hàng về muốn đốt cho sạch,hàng về muốn đốt cho sạch
Không phù hợp với nhu cầu của tôi,negative,disappointment,0,False,không phù hợp với nhu cầu của tôi,không phù_hợp với nhu_cầu của tôi,không phù_hợp với nhu_cầu của tôi
đôi khi không cần quá lời để cảm nhận,positive,silence,2,False,đôi khi không cần quá lời để cảm nhận,đôi_khi không cần quá_lời để cảm_nhận,đôi_khi không cần quá_lời để cảm_nhận
Post ảnh family mà không được phép,toxic,insult,0,False,post ảnh family mà không được phép,post ảnh family mà không được phép,post ảnh family mà không được phép
Đổi trả như đi làm quan,toxic,insult,0,False,đổi trả như đi làm quan,đổi trả như đi làm quan,đổi trả như đi làm quan
Shop block khách sau khi nhận phản ánh,toxic,insult,0,False,shop block khách sau khi nhận phản ánh,shop block khách sau khi nhận phản_ánh,shop block khách sau khi nhận phản_ánh
First world problems,negative,trivial,0,False,first world problems,first world problems,first world problems
nụ cười này làm người ta xao xuyến á,positive,flirt,2,False,nụ cười này làm người ta xao xuyến á,nụ cười này làm người_ta xao_xuyến á,nụ cười này làm người_ta xao_xuyến á
Thanks for sharing bạn nhé,positive,gratitude,2,False,thanks for sharing bạn nhé,thanks for sharing bạn nhé,thanks for sharing bạn nhé
Có ai quan tâm mấy vụ này đâu,positive,appreciation,2,False,có ai quan tâm mấy vụ này đâu,có ai quan_tâm mấy vụ này đâu,có ai quan_tâm mấy vụ này đâu
Chơi game mà thấy ức chế nhiều hơn vui,negative,disappointment,0,False,chơi game mà thấy ức chế nhiều hơn vui,chơi game mà thấy ức_chế nhiều hơn vui,chơi game mà thấy ức_chế nhiều hơn vui
mày tag ai vô đây là chết với tao,toxic,aggressive,0,False,mày tag ai vô đây là chết với tao,mày tag ai vô đây là chết với tao,mày tag ai vô đây là chết với tao
Chúc hai bạn hạnh phúc bên nhau,positive,blessing,2,False,chúc hai bạn hạnh phúc bên nhau,chúc hai bạn hạnh_phúc bên nhau,chúc hai bạn hạnh_phúc bên nhau
"Hè mà lạnh 20 độ, Hà Nội đúng chất :))",neutral,humor,1,False,"hè mà lạnh 20 độ, hà nội đúng chất :))","hè mà lạnh 20 độ , hà_nội đúng chất : ) )","hè mà lạnh 20 độ , hà_nội đúng chất : ) )"
"LOL, cười đau bụng lun á!",positive,humor,2,False,"lol, cười đau bụng lun á!","lol , cười đau bụng lun á !","lol , cười đau bụng lun á !"
Không PR rầm rộ mà vẫn nổi bật,positive,appreciation,2,False,không pr rầm rộ mà vẫn nổi bật,không pr rầm_rộ mà vẫn nổi_bật,không pr rầm_rộ mà vẫn nổi_bật
Có ai gặp trường hợp như mình không?,neutral,question,1,False,có ai gặp trường hợp như mình không?,có ai gặp trường_hợp như mình không ?,có ai gặp trường_hợp như mình không ?
"mỗi người mỗi cảm nhận, đừng ép nhau",positive,appreciation,2,False,"mỗi người mỗi cảm nhận, đừng ép nhau","mỗi người mỗi cảm_nhận , đừng ép nhau","mỗi người mỗi cảm_nhận , đừng ép nhau"
may da soi guong thay cai mat minh tham hai chua?,toxic,insult,0,False,may da soi guong thay cai mat minh tham hai chua?,may da soi guong thay cai mat minh tham hai chua ?,may da soi guong thay cai mat minh tham hai chua ?
"Camera xịn vãi, bao nhiêu tiền?",neutral,inquiry,1,False,"camera xịn vãi, bao nhiêu tiền?","camera xịn vãi , bao_nhiêu tiền ?","camera xịn vãi , bao_nhiêu tiền ?"
Ugly crying right now,positive,emotional_overwhelm,2,False,ugly crying right now,ugly crying right now,ugly crying right now
cai noi dung re tien nay ma cung co nguoi like ha?,toxic,insult,0,True,cai noi dung re tien nay ma cung co người like ha?,cai noi dung re tien nay ma cung co người like ha ?,cai noi dung re tien nay ma cung co nguoi like ha ?
tai sao,neutral,why,1,False,tai sao,tai sao,tai sao
Bạn thấy phần mềm chạy ổn không?,neutral,question,1,False,bạn thấy phần mềm chạy ổn không?,bạn thấy phần_mềm chạy ổn không ?,bạn thấy phần_mềm chạy ổn không ?
"k hay lam, t nghi co the lam tot hon",negative,criticism,0,True,"không hay lam, t nghi co the lam tot hon","không hay lam , t_nghi co the lam tot hon","k hay lam , t_nghi co the lam tot hon"
Đúng rồi! Tôi ủng hộ bạn,positive,support,2,False,đúng rồi! tôi ủng hộ bạn,đúng rồi ! tôi ủng_hộ bạn,đúng rồi ! tôi ủng_hộ bạn
Không thấy nút tắt/bật sản phẩm,negative,criticism,0,False,không thấy nút tắt/bật sản phẩm,không thấy nút tắt / bật sản_phẩm,không thấy nút tắt / bật sản_phẩm
Bạn gửi giúp bảng giá nhé,neutral,request,1,False,bạn gửi giúp bảng giá nhé,bạn gửi giúp bảng giá nhé,bạn gửi giúp bảng giá nhé
"Cam xịn vcl, giá bn zậy?",neutral,inquiry,1,True,"cam xịn vcl, giá bạn zậy?","cam xịn vcl , giá bạn zậy ?","cam xịn vcl , giá bn zậy ?"
"Tội ông này, chắc bệnh tâm thần nặng lắm",positive,neutral,2,False,"tội ông này, chắc bệnh tâm thần nặng lắm","tội ông này , chắc bệnh tâm_thần nặng lắm","tội ông này , chắc bệnh tâm_thần nặng lắm"
"Cmm, đừng có post mấy cái này nữa",toxic,curse,0,False,"cmm, đừng có post mấy cái này nữa","cmm , đừng có post mấy cái này nữa","cmm , đừng có post mấy cái này nữa"
Nội dung không rõ ràng,negative,criticism,0,False,nội dung không rõ ràng,nội_dung không rõ_ràng,nội_dung không rõ_ràng
wwww nhat funny,positive,japanese_laugh,2,False,w nhat funny,w nhat funny,wwww nhat funny
"Dịch vụ chậm quá, đợi mãi không thấy",negative,complaint,0,False,"dịch vụ chậm quá, đợi mãi không thấy","dịch_vụ chậm quá , đợi mãi không thấy","dịch_vụ chậm quá , đợi mãi không thấy"
Bạn chia sẻ thêm về cách bảo quản nhé,neutral,request,1,False,bạn chia sẻ thêm về cách bảo quản nhé,bạn chia_sẻ thêm về cách bảo_quản nhé,bạn chia_sẻ thêm về cách bảo_quản nhé
Không thích bản đồ mới chút nào,negative,criticism,0,False,không thích bản đồ mới chút nào,không thích bản_đồ mới chút nào,không thích bản_đồ mới chút nào
"Sinh con ra mà ko lo được, chán",negative,anger,0,True,"sinh con ra mà không lo được, chán","sinh con ra mà không lo được , chán","sinh con ra mà ko lo được , chán"
ga ran cu nhu chien lai,negative,criticism,0,False,ga ran cu nhu chien lai,ga ran cu nhu chien lai,ga ran cu nhu chien lai
Clip này tự quay hay lấy nguồn?,neutral,question,1,False,clip này tự quay hay lấy nguồn?,clip này tự quay hay lấy nguồn ?,clip này tự quay hay lấy nguồn ?
Thiếu mỗi giọng nói hụt hơi là giống cô gái quán 😅,negative,sarcasm,0,False,thiếu mỗi giọng nói hụt hơi là giống cô gái quán 😅,thiếu mỗi giọng nói hụt hơi là giống cô gái quán 😅,thiếu mỗi giọng nói hụt hơi là giống cô gái quán 😅
tự nhiên thấy cap này đúng gu mình thích luôn,positive,personal\_preference,2,False,tự nhiên thấy cap này đúng gu mình thích luôn,tự_nhiên thấy cap này đúng gu mình thích luôn,tự_nhiên thấy cap này đúng gu mình thích luôn
"Fake vcl, chả tự nhiên gì hết",negative,artificial,0,False,"fake vcl, chả tự nhiên gì hết","fake vcl , chả tự_nhiên gì hết","fake vcl , chả tự_nhiên gì hết"
Slide into my DM,neutral,flirting,1,True,slide into my địt mẹ,slide into my địt_mẹ,slide into my dm
"Thằng nì ngu, làm cái gì kỳ zậy?",toxic,insult,0,True,"thằng nì ngu, làm cái gì kỳ zậy?","thằng nì ngu , làm cái gì kỳ zậy ?","thằng nì ngu , làm cái gì kỳ zậy ?"
comment như này dễ khiến người mới tự ti,negative,self\_esteem,0,False,comment như này dễ khiến người mới tự ti,comment như này dễ khiến người mới tự_ti,comment như này dễ khiến người mới tự_ti
không biết là diễn hay thật vậy nữa,neutral,confused,1,False,không biết là diễn hay thật vậy nữa,không biết là diễn hay thật vậy nữa,không biết là diễn hay thật vậy nữa
Ảnh concert mà chụp mờ nhòe,toxic,insult,0,False,ảnh concert mà chụp mờ nhòe,ảnh concert mà chụp mờ nhòe,ảnh concert mà chụp mờ nhòe
"Cơm quê giá cổng trời, ăn xong nhớ mãi 😅",negative,sarcasm,0,False,"cơm quê giá cổng trời, ăn xong nhớ mãi 😅","cơm quê giá cổng trời , ăn xong nhớ mãi 😅","cơm quê giá cổng trời , ăn xong nhớ mãi 😅"
Dịch vụ khách hàng như không tồn tại,toxic,insult,0,False,dịch vụ khách hàng như không tồn tại,dịch_vụ khách_hàng như_không tồn_tại,dịch_vụ khách_hàng như_không tồn_tại
"Coi clip thấy ông này lạ lạ, chắc bệnh nặng",neutral,neutral,1,False,"coi clip thấy ông này lạ lạ, chắc bệnh nặng","coi clip thấy ông này lạ lạ , chắc bệnh nặng","coi clip thấy ông này lạ lạ , chắc bệnh nặng"
Clip này đăng lúc nào vậy?,neutral,question,1,False,clip này đăng lúc nào vậy?,clip này đăng lúc_nào vậy ?,clip này đăng lúc_nào vậy ?
Bụng như cái trống mà mặc áo crop top,toxic,bodyshaming,0,False,bụng như cái trống mà mặc áo crop top,bụng như cái trống mà mặc áo crop top,bụng như cái trống mà mặc áo crop top
Tài khoản sub nhưng xem như tra tấn,toxic,insult,0,True,tài khoản đăng ký nhưng xem như tra tấn,tài_khoản đăng_ký nhưng xem như tra_tấn,tài_khoản sub nhưng xem như tra_tấn
Sản phẩm không đáng một xu,toxic,insult,0,False,sản phẩm không đáng một xu,sản_phẩm không đáng một xu,sản_phẩm không đáng một xu
"Bạn là idol tui luôn, xuất sắc!",positive,praise,2,False,"bạn là idol tui luôn, xuất sắc!","bạn là idol tui luôn , xuất_sắc !","bạn là idol tui luôn , xuất_sắc !"
Sản phẩm nhìn ngoài không đẹp như trên hình,negative,disappointment,0,False,sản phẩm nhìn ngoài không đẹp như trên hình,sản_phẩm nhìn ngoài không đẹp như trên hình,sản_phẩm nhìn ngoài không đẹp như trên hình
giọng đọc + cap = tan chảy luôn,positive,emotion,2,False,giọng đọc + cap = tan chảy luôn,giọng đọc + cap = tan chảy luôn,giọng đọc + cap = tan chảy luôn
clip lam theo mot kieu cu,negative,criticism,0,False,clip lam theo mot kieu cu,clip lam theo mot kieu cu,clip lam theo mot kieu cu
"Hài vcl, làm thêm vid hài đi b!",positive,humor,2,False,"hài vcl, làm thêm vid hài đi b!","hài vcl , làm thêm vid hài đi b !","hài vcl , làm thêm vid hài đi b !"
may co biet cai status do nhin nham nhi ra sao?,toxic,insult,0,True,may co biết cai status do nhin nham nhi ra sao?,may co biết cai status do nhin nham nhi ra sao ?,may co biet cai status do nhin nham nhi ra sao ?
xem xong mới thấy mình cần chậm lại,positive,mindfulness,2,False,xem xong mới thấy mình cần chậm lại,xem xong mới thấy mình cần chậm lại,xem xong mới thấy mình cần chậm lại
"Trend này cũ quá rồi, không còn gì mới",negative,criticism,0,False,"trend này cũ quá rồi, không còn gì mới","trend này cũ quá rồi , không còn gì mới","trend này cũ quá rồi , không còn gì mới"
"Mua 1 được nửa, thiếu hoài",toxic,insult,0,False,"mua 1 được nửa, thiếu hoài","mua 1 được nửa , thiếu hoài","mua 1 được nửa , thiếu hoài"
Chills! Rùng mình,positive,powerful_effect,2,False,chills! rùng mình,chills ! rùng_mình,chills ! rùng_mình
vùng nào cũng có đặc sản văn hóa riêng mà,positive,culture,2,False,vùng nào cũng có đặc sản văn hóa riêng mà,vùng nào cũng có đặc_sản văn_hóa riêng mà,vùng nào cũng có đặc_sản văn_hóa riêng mà
Story ask me anything mà không trả lời,toxic,insult,0,False,story ask me anything mà không trả lời,story ask me anything mà không trả_lời,story ask me anything mà không trả_lời
Nhận hàng bị móp méo,negative,complaint,0,False,nhận hàng bị móp méo,nhận hàng bị móp méo,nhận hàng bị móp méo
quay vậy thôi chứ chắc cũng mệt lắm,neutral,behind\_the\_scenes,1,False,quay vậy thôi chứ chắc cũng mệt lắm,quay vậy thôi chứ chắc cũng mệt lắm,quay vậy thôi chứ chắc cũng mệt lắm
Drama cũ chưa xong đã dính cái mới,toxic,insult,0,False,drama cũ chưa xong đã dính cái mới,drama cũ chưa xong đã dính cái mới,drama cũ chưa xong đã dính cái mới
Thằng chó này nói lung tung,toxic,extreme_insult,0,True,thằng chó này nói lung tung,thằng chó này nói lung_tung,thằng chó này nói lung_tung
Giao hàng chậm như rùa bò,toxic,insult,0,False,giao hàng chậm như rùa bò,giao hàng chậm như rùa bò,giao hàng chậm như rùa bò
chỉ là bạn thôi mà sao đọc cap thấy lạ lạ,neutral,curious,1,False,chỉ là bạn thôi mà sao đọc cap thấy lạ lạ,chỉ là bạn thôi mà sao đọc cap thấy lạ lạ,chỉ là bạn thôi mà sao đọc cap thấy lạ lạ
nhiều khi tưởng là nhân vật ngoài đời luôn á,positive,immersion,2,False,nhiều khi tưởng là nhân vật ngoài đời luôn á,nhiều khi tưởng là nhân_vật ngoài đời luôn á,nhiều khi tưởng là nhân_vật ngoài đời luôn á
bạn nào lồng giọng này đỉnh quá,positive,praise,2,False,bạn nào lồng giọng này đỉnh quá,bạn nào lồng giọng này đỉnh quá,bạn nào lồng giọng này đỉnh quá
dress for the job you want,positive,aspirational_dressing,2,False,dress for the job you want,dress for the job you want,dress for the job you want
Phá di sản quốc gia mà thoát tội thì đúng là bất công,negative,anger,0,False,phá di sản quốc gia mà thoát tội thì đúng là bất công,phá di_sản quốc_gia mà thoát tội thì đúng là bất_công,phá di_sản quốc_gia mà thoát tội thì đúng là bất_công
Bạn có file đính kèm không?,neutral,request,1,False,bạn có file đính kèm không?,bạn có file đính kèm không ?,bạn có file đính kèm không ?
Có quá nhiều vấn đề chưa được sửa,negative,complaint,0,False,có quá nhiều vấn đề chưa được sửa,có quá nhiều vấn_đề chưa được sửa,có quá nhiều vấn_đề chưa được sửa
Đừng để cảm xúc chi phối suy nghĩ,positive,useful,2,False,đừng để cảm xúc chi phối suy nghĩ,đừng để cảm_xúc chi_phối suy_nghĩ,đừng để cảm_xúc chi_phối suy_nghĩ
"Chỉ giỏi đổ lỗi, không bao giờ nhận sai",toxic,insult,0,False,"chỉ giỏi đổ lỗi, không bao giờ nhận sai","chỉ giỏi đổ lỗi , không bao_giờ nhận sai","chỉ giỏi đổ lỗi , không bao_giờ nhận sai"
"Nhìn clip mà thương, ai giúp được thì giúp đi",positive,neutral,2,False,"nhìn clip mà thương, ai giúp được thì giúp đi","nhìn clip mà thương , ai giúp được thì giúp đi","nhìn clip mà thương , ai giúp được thì giúp đi"
Đừng vội tin mấy thông tin lan truyền,positive,useful,2,False,đừng vội tin mấy thông tin lan truyền,đừng vội tin mấy thông_tin lan_truyền,đừng vội tin mấy thông_tin lan_truyền
Shop có hỗ trợ bảo hành không?,neutral,question,1,False,shop có hỗ trợ bảo hành không?,shop có hỗ_trợ bảo_hành không ?,shop có hỗ_trợ bảo_hành không ?
"Có nhiều lỗi quá, chơi khó chịu",negative,complaint,0,False,"có nhiều lỗi quá, chơi khó chịu","có nhiều lỗi quá , chơi khó_chịu","có nhiều lỗi quá , chơi khó_chịu"
nghe hoài không chán luôn,positive,appreciation,2,False,nghe hoài không chán luôn,nghe hoài không chán luôn,nghe hoài không chán luôn
Tank mà không biết protect ADC,toxic,insult,0,False,tank mà không biết protect adc,tank mà không biết protect adc,tank mà không biết protect adc
vui thì vui chứ đừng xúc phạm nhau,positive,reminder,2,False,vui thì vui chứ đừng xúc phạm nhau,vui thì vui chứ đừng xúc_phạm nhau,vui thì vui chứ đừng xúc_phạm nhau
sao may cu khoe cai body xap xe do tren fb?,toxic,insult,0,False,sao may cu khoe cai body xap xe do tren fb?,sao may cu khoe cai body xap xe do tren fb ?,sao may cu khoe cai body xap xe do tren fb ?
sao may khong nhin lai minh truoc khi post status?,toxic,insult,0,False,sao may khong nhin lai minh truoc khi post status?,sao may khong nhin lai minh truoc khi post status ?,sao may khong nhin lai minh truoc khi post status ?
Chắc cha mẹ cũng thấy nhục nhã,toxic,insult,0,False,chắc cha mẹ cũng thấy nhục nhã,chắc cha_mẹ cũng thấy nhục_nhã,chắc cha_mẹ cũng thấy nhục_nhã
Tuổi lồn đòi dạy đời à? Biến đi!,toxic,vulgar,0,False,tuổi lồn đòi dạy đời à? biến đi!,tuổi lồn đòi dạy_đời à ? biến đi !,tuổi lồn đòi dạy_đời à ? biến đi !
Quán này chắc bán cả bình nguyên vô tận 😆,neutral,humor,1,False,quán này chắc bán cả bình nguyên vô tận 😆,quán này chắc bán cả bình_nguyên vô_tận 😆,quán này chắc bán cả bình_nguyên vô_tận 😆
"Âm thanh bé quá, tăng volume nha",neutral,suggestion,1,False,"âm thanh bé quá, tăng volume nha","âm_thanh bé quá , tăng volume nha","âm_thanh bé quá , tăng volume nha"
co ai cung them nhu minh khong?,neutral,question,1,False,co ai cung them nhu minh khong?,co ai cung them nhu minh khong ?,co ai cung them nhu minh khong ?
Đây là điều chúng ta cần lan toả,positive,useful,2,False,đây là điều chúng ta cần lan toả,đây là điều chúng_ta cần lan_toả,đây là điều chúng_ta cần lan_toả
Chỉ mong xã hội nhiều người như vậy thôi,positive,appreciation,2,False,chỉ mong xã hội nhiều người như vậy thôi,chỉ mong xã_hội nhiều người như vậy thôi,chỉ mong xã_hội nhiều người như vậy thôi
ai cho đẹp vậy trời,positive,compliment,2,False,ai cho đẹp vậy trời,ai cho đẹp_vậy trời,ai cho đẹp_vậy trời
tụi mình đừng tự chia rẽ vì mấy chuyện nhỏ nhặt,positive,unity,2,False,tụi mình đừng tự chia rẽ vì mấy chuyện nhỏ nhặt,tụi mình đừng tự chia_rẽ vì mấy chuyện nhỏ_nhặt,tụi mình đừng tự chia_rẽ vì mấy chuyện nhỏ_nhặt
Thông tin không được kiểm chứng rõ ràng,negative,warning,0,False,thông tin không được kiểm chứng rõ ràng,thông_tin không được kiểm_chứng rõ_ràng,thông_tin không được kiểm_chứng rõ_ràng
"Cười xĩu vs clip nì, hài vl!",positive,humor,2,True,"cười xĩu với clip nì, hài vl!","cười xĩu với clip nì , hài vl !","cười xĩu vs clip nì , hài vl !"
Trope này cũ rồi,negative,overused,0,False,trope này cũ rồi,trope này cũ rồi,trope này cũ rồi
Fix lỗi này đi bạn,neutral,request,1,False,fix lỗi này đi bạn,fix lỗi này đi bạn,fix lỗi này đi bạn
Phản hồi thiếu nhiệt tình,negative,complaint,0,False,phản hồi thiếu nhiệt tình,phản_hồi thiếu nhiệt_tình,phản_hồi thiếu nhiệt_tình
mood,neutral,current_feeling,1,False,mood,mood,mood
ko co y tuong,negative,criticism,0,True,không co y tuong,không co y tuong,ko co y tuong
Shop này chuyên lừa gạt,toxic,insult,0,False,shop này chuyên lừa gạt,shop này chuyên lừa_gạt,shop này chuyên lừa_gạt
Giá bao nhiêu vậy?,neutral,question,1,False,giá bao nhiêu vậy?,giá bao_nhiêu vậy ?,giá bao_nhiêu vậy ?
clip nay co dung filter gi khong?,neutral,question,1,False,clip nay co dung filter gi khong?,clip nay co dung filter gi khong ?,clip nay co dung filter gi khong ?
Glued to the screen,positive,engrossing,2,False,glued to the screen,glued to the_screen,glued to the_screen
Disengage khi team đang win fight,toxic,insult,0,False,disengage khi team đang win fight,disengage khi team đang win fight,disengage khi team đang win fight
Predictable! Đoán được rồi,negative,predictable,0,False,predictable! đoán được rồi,predictable ! đoán được rồi,predictable ! đoán được rồi
"Nội dung chất lượng, tui mê luôn!",positive,admiration,2,False,"nội dung chất lượng, tui mê luôn!","nội_dung chất_lượng , tui mê luôn !","nội_dung chất_lượng , tui mê luôn !"
"giao thong lon xon, khong co truc tu",negative,criticism,0,False,"giao thong lon xon, khong co truc tu","giao thong lon xon , khong co truc tu","giao thong lon xon , khong co truc tu"
thiếu tấm poster là thành concept luôn á,positive,aesthetic,2,False,thiếu tấm poster là thành concept luôn á,thiếu tấm poster là thành concept luôn á,thiếu tấm poster là thành concept luôn á
clip làm mình thấy yêu bản thân hơn,positive,self\_love,2,False,clip làm mình thấy yêu bản thân hơn,clip làm mình thấy yêu bản_thân hơn,clip làm mình thấy yêu bản_thân hơn
"Đẻ con ra mà ko lo được, chán vl",toxic,sarcasm,0,True,"đẻ con ra mà không lo được, chán vãi lồn","đẻ con ra mà không lo được , chán vãi lồn","đẻ con ra mà ko lo được , chán vl"
càng đọc càng thấy cap thâm sâu,positive,introspective,2,False,càng đọc càng thấy cap thâm sâu,càng đọc càng thấy cap thâm sâu,càng đọc càng thấy cap thâm sâu
"Sinh con ra mà khổ, nghĩ sao",negative,anger,0,False,"sinh con ra mà khổ, nghĩ sao","sinh con ra mà khổ , nghĩ sao","sinh con ra mà khổ , nghĩ sao"
Game crash đúng lúc quan trọng,negative,complaint,0,False,game crash đúng lúc quan trọng,game crash đúng lúc quan_trọng,game crash đúng lúc quan_trọng
Streamer này chỉ biết câu view,toxic,insult,0,False,streamer này chỉ biết câu view,streamer này chỉ biết câu view,streamer này chỉ biết câu view
Holding my breath,positive,tension,2,False,holding my breath,holding my breath,holding my breath
Giao hàng sai mà còn cãi tại,toxic,insult,0,False,giao hàng sai mà còn cãi tại,giao hàng sai mà còn cãi tại,giao hàng sai mà còn cãi tại
may nghi may la ai ma di day doi nguoi khac the?,toxic,insult,0,True,may nghi may la ai ma di day doi người khac the?,may nghi may la ai ma_di_day doi người khac the ?,may nghi may la ai ma_di_day doi nguoi khac the ?
đi nvqs là góp phần bảo vệ đất nước mà,positive,appreciation,2,True,đi nghĩa vụ quân sự là góp phần bảo vệ đất nước mà,đi nghĩa_vụ quân_sự là góp_phần bảo_vệ đất_nước mà,đi nvqs là góp_phần bảo_vệ đất_nước mà
Settings bao nhiêu vậy?,neutral,question,1,False,settings bao nhiêu vậy?,settings bao_nhiêu vậy ?,settings bao_nhiêu vậy ?
Bạn chia sẻ kinh nghiệm sử dụng lâu dài đi,neutral,request,1,False,bạn chia sẻ kinh nghiệm sử dụng lâu dài đi,bạn chia_sẻ kinh_nghiệm sử_dụng lâu_dài đi,bạn chia_sẻ kinh_nghiệm sử_dụng lâu_dài đi
Cằm nọng mỡ mà cứ quay góc nghiêng,toxic,bodyshaming,0,False,cằm nọng mỡ mà cứ quay góc nghiêng,cằm nọng mỡ mà cứ quay góc nghiêng,cằm nọng mỡ mà cứ quay góc nghiêng
thời nào rồi mà vẫn còn style như này,positive,compliment,2,False,thời nào rồi mà vẫn còn style như này,thời nào rồi mà vẫn còn style như này,thời nào rồi mà vẫn còn style như này
may co biet cai giong noi do nghe muoi mat khong?,toxic,insult,0,True,may co biết cai giong noi do nghe muoi mat khong?,may co biết cai giong noi do nghe muoi mat khong ?,may co biet cai giong noi do nghe muoi mat khong ?
Hệ thống combat quá đơn điệu,negative,criticism,0,False,hệ thống combat quá đơn điệu,hệ_thống combat quá đơn_điệu,hệ_thống combat quá đơn_điệu
Hệ thống report vô dụng quá,negative,complaint,0,False,hệ thống report vô dụng quá,hệ_thống report vô_dụng quá,hệ_thống report vô_dụng quá
Hứa trời hứa đất mà làm không ra gì,toxic,insult,0,False,hứa trời hứa đất mà làm không ra gì,hứa trời hứa đất mà làm không ra_gì,hứa trời hứa đất mà làm không ra_gì
Video cắt ghép không chuyên nghiệp,negative,criticism,0,False,video cắt ghép không chuyên nghiệp,video cắt ghép không chuyên_nghiệp,video cắt ghép không chuyên_nghiệp
tự nhiên đi mổ ruột thừa mà bị đưa qua chấn thương chỉnh hình,positive,absurd,2,False,tự nhiên đi mổ ruột thừa mà bị đưa qua chấn thương chỉnh hình,tự_nhiên đi mổ ruột_thừa mà bị đưa qua chấn_thương chỉnh_hình,tự_nhiên đi mổ ruột_thừa mà bị đưa qua chấn_thương chỉnh_hình
cái gì mà cứ đem vùng miền ra đùa vậy trời,negative,criticism,0,False,cái gì mà cứ đem vùng miền ra đùa vậy trời,cái gì mà cứ đem vùng miền ra đùa_vậy trời,cái gì mà cứ đem vùng miền ra đùa_vậy trời
Blew my mind! Thổi bay tâm trí,positive,mind_blowing,2,False,blew my mind! thổi bay tâm trí,blew my mind ! thổi bay tâm_trí,blew my mind ! thổi bay tâm_trí
Khó khăn trong đổi trả,negative,complaint,0,False,khó khăn trong đổi trả,khó_khăn trong đổi trả,khó_khăn trong đổi trả
Clip không có sự sáng tạo,negative,criticism,0,False,clip không có sự sáng tạo,clip không có sự sáng_tạo,clip không có sự sáng_tạo
Nghe xong muốn tắt luôn điện thoại,toxic,insult,0,False,nghe xong muốn tắt luôn điện thoại,nghe xong muốn tắt luôn điện_thoại,nghe xong muốn tắt luôn điện_thoại
Bạn thấy trải nghiệm người dùng thế nào?,neutral,question,1,False,bạn thấy trải nghiệm người dùng thế nào?,bạn thấy trải nghiệm người dùng thế_nào ?,bạn thấy trải nghiệm người dùng thế_nào ?
Không nhận được phản hồi sau khi góp ý,negative,complaint,0,False,không nhận được phản hồi sau khi góp ý,không nhận được phản_hồi sau khi góp_ý,không nhận được phản_hồi sau khi góp_ý
vừa túi tiền vừa ngon nữa,positive,appreciation,2,False,vừa túi tiền vừa ngon nữa,vừa túi_tiền vừa ngon nữa,vừa túi_tiền vừa ngon nữa
"Tâm thần sao biết phá ngai, nghi ngờ vl",toxic,sarcasm,0,True,"tâm thần sao biết phá ngai, nghi ngờ vãi lồn","tâm_thần sao biết phá ngai , nghi_ngờ vãi lồn","tâm_thần sao biết phá ngai , nghi_ngờ vl"
Streamer fake cảm xúc kinh khủng,toxic,insult,0,False,streamer fake cảm xúc kinh khủng,streamer fake cảm_xúc kinh_khủng,streamer fake cảm_xúc kinh_khủng
tôi cười xỉu vì cái cap này rồi đó,positive,humor,2,False,tôi cười xỉu vì cái cap này rồi đó,tôi cười xỉu vì cái cap này rồi đó,tôi cười xỉu vì cái cap này rồi đó
happy ending,positive,satisfying_conclusion,2,False,happy ending,happy ending,happy ending
airport fashion,positive,travel_style,2,False,airport fashion,airport fashion,airport fashion
lúc nào cũng lôi vùng miền ra làm trò cười,negative,critique,0,False,lúc nào cũng lôi vùng miền ra làm trò cười,lúc_nào cũng lôi vùng miền ra làm trò_cười,lúc_nào cũng lôi vùng miền ra làm trò_cười
duong qua hep cho luong xe lon,negative,criticism,0,False,duong qua hep cho luong xe lon,duong qua hep cho luong xe lon,duong qua hep cho luong xe lon
"Ngáo đá xong kêu tâm thần, quen quá",negative,sarcasm,0,False,"ngáo đá xong kêu tâm thần, quen quá","ngáo đá xong kêu tâm_thần , quen quá","ngáo đá xong kêu tâm_thần , quen quá"
nét diễn này xứng đáng giải thưởng,positive,award\_worthy,2,False,nét diễn này xứng đáng giải thưởng,nét diễn này xứng_đáng giải_thưởng,nét diễn này xứng_đáng giải_thưởng
Chết hoài mà không chịu build phòng thủ,toxic,insult,0,False,chết hoài mà không chịu build phòng thủ,chết hoài mà không chịu build phòng_thủ,chết hoài mà không chịu build phòng_thủ
Nhìn bạn mà muốn giảm cân luôn đó,toxic,bodyshaming,0,False,nhìn bạn mà muốn giảm cân luôn đó,nhìn bạn mà muốn giảm cân luôn đó,nhìn bạn mà muốn giảm cân luôn đó
Chơi game tệ mà còn trách game,toxic,insult,0,False,chơi game tệ mà còn trách game,chơi game tệ mà còn trách game,chơi game tệ mà còn trách game
món này 110k thì hơi quá thật,negative,price,0,False,món này 110k thì hơi quá thật,món này 110k thì hơi quá thật,món này 110k thì hơi quá thật
Tôi tin bạn làm được,positive,encouragement,2,False,tôi tin bạn làm được,tôi tin bạn làm được,tôi tin bạn làm được
"duong ngap nhu song, khong chay xe noi",negative,complaint,0,False,"duong ngap nhu song, khong chay xe noi","duong ngap nhu song , khong chay xe noi","duong ngap nhu song , khong chay xe noi"
co ai noi cai giong noi nghe muoi mat do hay ho gi dau?,toxic,insult,0,False,co ai noi cai giong noi nghe muoi mat do hay ho gi dau?,co ai noi cai giong noi nghe muoi mat do hay_ho gi dau ?,co ai noi cai giong noi nghe muoi mat do hay_ho gi dau ?
may nghi may la celeb ma cu khoe tren fb story a?,toxic,insult,0,True,may nghi may la celeb ma cu khoe tren facebook story a?,may nghi may la celeb ma cu khoe tren facebook story a ?,may nghi may la celeb ma cu khoe tren fb story a ?
ban dung cam am thanh nao vay?,neutral,question,1,False,ban dung cam am thanh nao vay?,ban dung cam am thanh nao vay ?,ban dung cam am thanh nao vay ?
cha gio bi dong dau,negative,disappointment,0,False,cha gio bi dong dau,cha gio bi dong dau,cha gio bi dong dau
Perfect match! Đôi hoàn hảo,positive,compatibility,2,False,perfect match! đôi hoàn hảo,perfect match ! đôi hoàn_hảo,perfect match ! đôi hoàn_hảo
Video này đúng là chữa lành tâm hồn,positive,therapeutic,2,False,video này đúng là chữa lành tâm hồn,video này đúng là chữa lành tâm_hồn,video này đúng là chữa lành tâm_hồn
"com van con song, khong an duoc",negative,complaint,0,False,"com van con song, khong an duoc","com van con song , khong an duoc","com van con song , khong an duoc"
xe cho rac hoi thoi,negative,complaint,0,False,xe cho rac hoi thoi,xe cho rac hoi thoi,xe cho rac hoi thoi
mon nay co ban o sieu thi khong?,neutral,question,1,False,mon nay co ban o sieu thi khong?,mon nay co ban o sieu thi khong ?,mon nay co ban o sieu thi khong ?
Bạn update ứng dụng thường xuyên chứ?,neutral,question,1,False,bạn update ứng dụng thường xuyên chứ?,bạn update ứng_dụng thường_xuyên chứ ?,bạn update ứng_dụng thường_xuyên chứ ?
Không có gì nổi bật hơn so với các clip khác,negative,disappointment,0,False,không có gì nổi bật hơn so với các clip khác,không có gì nổi_bật hơn so với các clip khác,không có gì nổi_bật hơn so với các clip khác
Bạn dùng app gì để edit video?,neutral,question,1,False,bạn dùng app gì để edit video?,bạn dùng app gì để edit video ?,bạn dùng app gì để edit video ?
cuộc sống trong quân đội rèn cho ta rất nhiều thứ,positive,useful,2,False,cuộc sống trong quân đội rèn cho ta rất nhiều thứ,cuộc_sống trong quân_đội rèn cho ta rất nhiều thứ,cuộc_sống trong quân_đội rèn cho ta rất nhiều thứ
Sản phẩm này dễ lắp ráp không bạn?,neutral,question,1,False,sản phẩm này dễ lắp ráp không bạn?,sản_phẩm này dễ lắp_ráp không bạn ?,sản_phẩm này dễ lắp_ráp không bạn ?
"Try hard quá, bớt bớt đi bạn",negative,criticism,0,False,"try hard quá, bớt bớt đi bạn","try hard quá , bớt bớt đi bạn","try hard quá , bớt bớt đi bạn"
Chúc mừng bạn ra video mới nha!,positive,celebration,2,False,chúc mừng bạn ra video mới nha!,chúc_mừng bạn ra video mới nha !,chúc_mừng bạn ra video mới nha !
may co biet cai status nay nham nhi the nao?,toxic,insult,0,True,may co biết cai status nay nham nhi the nao?,may co biết cai status nay nham nhi the nao ?,may co biet cai status nay nham nhi the nao ?
cai anh do nhin ma chi muon block ngay va luon!,toxic,insult,0,False,cai anh do nhin ma chi muon block ngay va luon!,cai anh do nhin ma chi muon block ngay va luon !,cai anh do nhin ma chi muon block ngay va luon !
Làm người mà vô dụng hết phần thiên hạ,toxic,insult,0,False,làm người mà vô dụng hết phần thiên hạ,làm người mà vô_dụng hết phần thiên_hạ,làm người mà vô_dụng hết phần thiên_hạ
"Nói gì vậy, tui không hiểu gì hết?",neutral,confusion,1,False,"nói gì vậy, tui không hiểu gì hết?","nói gì vậy , tui không hiểu gì hết ?","nói gì vậy , tui không hiểu gì hết ?"
Bạn thấy thiết kế mới có đẹp hơn không?,neutral,question,1,False,bạn thấy thiết kế mới có đẹp hơn không?,bạn thấy thiết_kế mới có đẹp hơn không ?,bạn thấy thiết_kế mới có đẹp hơn không ?
Chất lượng dịch vụ chưa ổn định,negative,criticism,0,False,chất lượng dịch vụ chưa ổn định,chất_lượng dịch_vụ chưa ổn_định,chất_lượng dịch_vụ chưa ổn_định
"Sinh con ra khổ thế này, chán thật",toxic,sarcasm,0,False,"sinh con ra khổ thế này, chán thật","sinh con ra khổ thế này , chán thật","sinh con ra khổ thế này , chán thật"
Thất vọng với update lần này,negative,disappointment,0,False,thất vọng với update lần này,thất_vọng với update lần này,thất_vọng với update lần này
cc gi day,toxic,confusion_vulgar,0,False,cc gi day,cc gi day,cc gi day
"đừng để ngoại hình đánh lừa, mấy bạn học siêu giỏi á",positive,realization,2,False,"đừng để ngoại hình đánh lừa, mấy bạn học siêu giỏi á","đừng để ngoại_hình đánh_lừa , mấy bạn học siêu giỏi á","đừng để ngoại_hình đánh_lừa , mấy bạn học siêu giỏi á"
Cũng được,neutral,acceptance,1,False,cũng được,cũng được,cũng được
"Tùy bạn, tui không ý kiến",neutral,indifference,1,False,"tùy bạn, tui không ý kiến","tùy bạn , tui không ý_kiến","tùy bạn , tui không ý_kiến"
Yêu cầu anh Huy làm thêm clip cơm quê 😎,positive,suggestion,2,False,yêu cầu anh huy làm thêm clip cơm quê 😎,yêu_cầu anh huy làm thêm clip cơm quê 😎,yêu_cầu anh huy làm thêm clip cơm quê 😎
tôi nhớ hồi xưa coi xong còn ghi âm giọng bắt chước,positive,childhood,2,False,tôi nhớ hồi xưa coi xong còn ghi âm giọng bắt chước,tôi nhớ hồi xưa coi xong còn ghi_âm giọng bắt_chước,tôi nhớ hồi xưa coi xong còn ghi_âm giọng bắt_chước
cliffhanger,negative,suspenseful_ending,0,False,cliffhanger,cliffhanger,cliffhanger
Giao thiếu phụ kiện mà không giải quyết,toxic,insult,0,False,giao thiếu phụ kiện mà không giải quyết,giao thiếu_phụ_kiện mà không giải_quyết,giao thiếu_phụ_kiện mà không giải_quyết
"Ngầu vãi, respect bạn luôn!",positive,admiration,2,False,"ngầu vãi, respect bạn luôn!","ngầu vãi , respect bạn luôn !","ngầu vãi , respect bạn luôn !"
Hàng không qua được kiểm định nào,toxic,insult,0,False,hàng không qua được kiểm định nào,hàng không qua được kiểm_định nào,hàng không qua được kiểm_định nào
Không thấy điểm mới lạ gì cả,negative,criticism,0,False,không thấy điểm mới lạ gì cả,không thấy điểm mới_lạ gì cả,không thấy điểm mới_lạ gì cả
"Tâm thần mà phá đúng chỗ, kn nổi",toxic,sarcasm,0,False,"tâm thần mà phá đúng chỗ, kn nổi","tâm_thần mà phá đúng chỗ , kn nổi","tâm_thần mà phá đúng chỗ , kn nổi"
Hàng bị rách mà dám giao cho khách,toxic,insult,0,False,hàng bị rách mà dám giao cho khách,hàng bị rách mà dám giao cho khách,hàng bị rách mà dám giao cho khách
mọi thứ ổn cho đến khi đọc cap,positive,twist,2,False,mọi thứ ổn cho đến khi đọc cap,mọi thứ ổn cho đến khi đọc cap,mọi thứ ổn cho đến khi đọc cap
ban hay an kieu nay ha?,neutral,question,1,False,ban hay an kieu nay ha?,ban hay an kieu nay ha ?,ban hay an kieu nay ha ?
cai video do ma may cung dam share len fb a?,toxic,insult,0,True,cai video do ma may cung dam share len facebook a?,cai video do ma may cung dam share len facebook a ?,cai video do ma may cung dam share len fb a ?
Comment toxic trên post người khác,toxic,insult,0,False,comment toxic trên post người khác,comment toxic trên post người khác,comment toxic trên post người khác
Bạn đã xem hết video chưa?,neutral,question,1,False,bạn đã xem hết video chưa?,bạn đã xem hết video chưa ?,bạn đã xem hết video chưa ?
"Chất vcl, b đỉnh số 1 lun!",positive,compliment,2,False,"chất vcl, b đỉnh số 1 lun!","chất vcl , b đỉnh số 1 lun !","chất vcl , b đỉnh số 1 lun !"
DM is open,neutral,contact,1,True,địt mẹ is open,địt_mẹ is open,dm is open
nguoi di xe may khong doi mu bao hiem,negative,criticism,0,True,người di xe may khong doi mu bao hiem,người di xe may khong doi mu_bao hiem,nguoi di xe may khong doi mu_bao hiem
Đừng nên kiểm soát thái quá,positive,useful,2,False,đừng nên kiểm soát thái quá,đừng nên kiểm_soát thái_quá,đừng nên kiểm_soát thái_quá
"Đừng lo, cộng đồng tìm cách liền",positive,appreciation,2,False,"đừng lo, cộng đồng tìm cách liền","đừng lo , cộng_đồng tìm cách liền","đừng lo , cộng_đồng tìm cách liền"
"Nhạc nền chill phết, thích lắm!",positive,appreciation,2,False,"nhạc nền chill phết, thích lắm!","nhạc nền chill phết , thích lắm !","nhạc nền chill phết , thích lắm !"
giảng viên chắc cũng rối trí luôn,positive,funny,2,False,giảng viên chắc cũng rối trí luôn,giảng_viên chắc cũng rối trí luôn,giảng_viên chắc cũng rối trí luôn
k thich lam,negative,dislike,0,True,không thích lam,không thích lam,k thich lam
mon nay an kem voi gi thi ngon?,neutral,question,1,False,mon nay an kem voi gi thi ngon?,mon nay an kem voi gi thi ngon ?,mon nay an kem voi gi thi ngon ?
"Khoe nhìu qué, mệt vcl!",negative,showing_off,0,False,"khoe nhìu qué, mệt vcl!","khoe nhìu qué , mệt vcl !","khoe nhìu qué , mệt vcl !"
"xe ca nhan qua dong, khong kiem soat duoc",negative,criticism,0,False,"xe ca nhan qua dong, khong kiem soat duoc","xe_ca nhan qua dong , khong kiem soat duoc","xe_ca nhan qua dong , khong kiem soat duoc"
Tôi không đồng tình với ý kiến trên,negative,disagreement,0,False,tôi không đồng tình với ý kiến trên,tôi không đồng_tình với ý_kiến trên,tôi không đồng_tình với ý_kiến trên
co ai biet ten do uong trong clip nay khong?,neutral,question,1,True,co ai biết ten do uong trong clip nay khong?,co ai biết ten do uong trong clip nay khong ?,co ai biet ten do uong trong clip nay khong ?
xe dap khong den do,negative,criticism,0,False,xe dap khong den do,xe dap khong den do,xe dap khong den do
nhin ban an ma cung muon an theo,neutral,statement,1,False,nhin ban an ma cung muon an theo,nhin ban an ma cung muon an theo,nhin ban an ma cung muon an theo
Không đáng để quan tâm,toxic,insult,0,False,không đáng để quan tâm,không đáng để quan_tâm,không đáng để quan_tâm
Stream mà energy như pin yếu,toxic,insult,0,False,stream mà energy như pin yếu,stream mà energy như pin yếu,stream mà energy như pin yếu
may nghi cai mat map do la de thuong tren fb a?,toxic,insult,0,True,may nghi cai mat map do la de thuong tren facebook a?,may nghi cai mat map do la de thuong tren facebook a ?,may nghi cai mat map do la de thuong tren fb a ?
Đh sư phạm Hùng Vương z là các cô giáo tương lai á hả,positive,appreciation,2,True,đh sư phạm hùng vương vậy là các cô giáo tương lai á hả,đh sư_phạm hùng vương_vậy là các cô_giáo tương_lai á hả,đh sư_phạm hùng vương z là các cô_giáo tương_lai á hả
cả 2 đều có Ny và Ny cả 2 đang ngồi kế nhau=))),positive,funny,2,True,cả 2 đều có người yêu và người yêu cả 2 đang ngồi kế nhau=))),cả 2 đều có người_yêu và người_yêu cả 2 đang ngồi kế nhau = ) ) ),cả 2 đều có ny và ny cả 2 đang ngồi kế nhau = ) ) )
ăn 110k mà tưởng ăn buffet,negative,comparison,0,False,ăn 110k mà tưởng ăn buffet,ăn 110k mà tưởng ăn buffet,ăn 110k mà tưởng ăn buffet
ai cũng rạng rỡ hết trơn á,positive,compliment,2,False,ai cũng rạng rỡ hết trơn á,ai cũng rạng_rỡ hết trơn á,ai cũng rạng_rỡ hết trơn á
hình ảnh món ăn đẹp nhưng thực tế thất vọng,negative,false\_advertising,0,False,hình ảnh món ăn đẹp nhưng thực tế thất vọng,hình_ảnh món ăn đẹp nhưng thực_tế thất_vọng,hình_ảnh món ăn đẹp nhưng thực_tế thất_vọng
trứng gì mà vàng như kim cương,positive,exaggeration,2,False,trứng gì mà vàng như kim cương,trứng gì mà vàng như kim_cương,trứng gì mà vàng như kim_cương
duong da xau lai con bui,negative,complaint,0,False,duong da xau lai con bui,duong da xau lai con bui,duong da xau lai con bui
Phí dung lượng mạng quá,toxic,insult,0,False,phí dung lượng mạng quá,phí dung_lượng mạng quá,phí dung_lượng mạng quá
"chưa đi thì sẽ thấy sợ, đi rồi thì sẽ hiểu",positive,appreciation,2,False,"chưa đi thì sẽ thấy sợ, đi rồi thì sẽ hiểu","chưa đi thì sẽ thấy sợ , đi rồi thì sẽ hiểu","chưa đi thì sẽ thấy sợ , đi rồi thì sẽ hiểu"
dcm,toxic,abbreviation_vulgar,0,True,địt con mẹ,địt con_mẹ,dcm
Tim tui tan chảy vì nội dung này,positive,heartwarming,2,False,tim tui tan chảy vì nội dung này,tim tui tan chảy vì nội_dung này,tim tui tan chảy vì nội_dung này
binh thuong,neutral,ordinary,1,False,binh thuong,binh thuong,binh thuong
một pha xuất hiện không thể nào quên,positive,excitement,2,False,một pha xuất hiện không thể nào quên,một pha xuất_hiện không_thể_nào quên,một pha xuất_hiện không_thể_nào quên
Có ai dùng rồi review giúp với?,neutral,request,1,False,có ai dùng rồi review giúp với?,có ai dùng rồi review giúp với ?,có ai dùng rồi review giúp với ?
Win condition không hiểu,toxic,insult,0,False,win condition không hiểu,win condition không hiểu,win condition không hiểu
Comment cho có chứ video chán thật,negative,criticism,0,False,comment cho có chứ video chán thật,comment cho có chứ video chán thật,comment cho có chứ video chán thật
cai status nay ma may cung dam viet len fb a?,toxic,insult,0,True,cai status nay ma may cung dam viet len facebook a?,cai status nay ma may cung dam viet len facebook a ?,cai status nay ma may cung dam viet len fb a ?
"Quá xuất sắc, tui fan bạn luôn!",positive,praise,2,False,"quá xuất sắc, tui fan bạn luôn!","quá xuất_sắc , tui fan bạn luôn !","quá xuất_sắc , tui fan bạn luôn !"
"Chúc bạn mau khỏe, stay strong!",positive,care,2,False,"chúc bạn mau khỏe, stay strong!","chúc bạn mau khỏe , stay strong !","chúc bạn mau khỏe , stay strong !"
"Try hard qué, bớt bớt đi nha!",negative,criticism,0,False,"try hard qué, bớt bớt đi nha!","try hard qué , bớt bớt đi nha !","try hard qué , bớt bớt đi nha !"
"cái gì cũng có lý do của nó, nên hiểu thay vì phán xét",positive,useful,2,False,"cái gì cũng có lý do của nó, nên hiểu thay vì phán xét","cái gì cũng có_lý_do của nó , nên hiểu thay_vì phán_xét","cái gì cũng có_lý_do của nó , nên hiểu thay_vì phán_xét"
sao may khong nhin lai cach viet status cua minh?,toxic,insult,0,False,sao may khong nhin lai cach viet status cua minh?,sao may khong nhin lai cach viet status cua minh ?,sao may khong nhin lai cach viet status cua minh ?
Story highlight mà content lặp lại,toxic,insult,0,False,story highlight mà content lặp lại,story highlight mà content lặp_lại,story highlight mà content lặp_lại
clip loi tu dau den cuoi,negative,complaint,0,False,clip loi tu dau den cuoi,clip loi tu dau den cuoi,clip loi tu dau den cuoi
Sản phẩm hết hàng liên tục,negative,complaint,0,False,sản phẩm hết hàng liên tục,sản_phẩm hết hàng liên_tục,sản_phẩm hết hàng liên_tục
ai khó tính chắc đi về không vui,negative,warning,0,False,ai khó tính chắc đi về không vui,ai khó_tính chắc đi về không vui,ai khó_tính chắc đi về không vui
ootd,neutral,outfit_of_day,1,False,ootd,ootd,ootd
bn tuoi,neutral,age_question,1,True,bạn tuoi,bạn tuoi,bn tuoi
may nghi khoe cai mat day mun do la hot a?,toxic,insult,0,False,may nghi khoe cai mat day mun do la hot a?,may nghi khoe cai mat day mun do la hot_a ?,may nghi khoe cai mat day mun do la hot_a ?
"Xạo quá, đừng có đăng tin fake nha",negative,warning,0,False,"xạo quá, đừng có đăng tin fake nha","xạo quá , đừng có đăng tin fake nha","xạo quá , đừng có đăng tin fake nha"
may nghi khoe cai body te hai do la hot a?,toxic,insult,0,False,may nghi khoe cai body te hai do la hot a?,may nghi khoe cai body te hai do la hot_a ?,may nghi khoe cai body te hai do la hot_a ?
Cần thêm feedback từ người dùng khác,neutral,request,1,False,cần thêm feedback từ người dùng khác,cần thêm feedback từ người dùng khác,cần thêm feedback từ người dùng khác
Không thấy hài hước gì hết,negative,criticism,0,False,không thấy hài hước gì hết,không thấy hài_hước gì hết,không thấy hài_hước gì hết
sao may cu thich di comment vo van hoa tren fb?,toxic,insult,0,True,sao may cu thích di comment vo van hoa tren fb?,sao may cu thích di_comment vo van hoa tren fb ?,sao may cu thich di_comment vo van hoa tren fb ?
Cư xử quá trời văn minh a chai 10 điểmmm,positive,congratulation,2,True,cư xử quá trời văn minh anh chai 10 điểm,cư_xử quá trời văn_minh anh chai 10 điểm,cư_xử quá trời văn_minh a chai 10 điểmmm
Bảo vệ mà ứng xử như người quản lý luôn á,positive,compliment,2,False,bảo vệ mà ứng xử như người quản lý luôn á,bảo_vệ mà ứng_xử như người quản_lý luôn á,bảo_vệ mà ứng_xử như người quản_lý luôn á
xe khach thi don tra tu do,negative,criticism,0,False,xe khach thi don tra tu do,xe khach thi don tra tu do,xe khach thi don tra tu do
Lưng gù mà cứ làm dáng thướt tha,toxic,bodyshaming,0,False,lưng gù mà cứ làm dáng thướt tha,lưng gù mà cứ làm_dáng thướt_tha,lưng gù mà cứ làm_dáng thướt_tha
cảm giác y như hồi xưa vậy á,positive,appreciation,2,False,cảm giác y như hồi xưa vậy á,cảm_giác y_như hồi xưa vậy á,cảm_giác y_như hồi xưa vậy á
Video tệ nhất từng xem luôn đó,toxic,insult,0,False,video tệ nhất từng xem luôn đó,video tệ nhất từng xem luôn đó,video tệ nhất từng xem luôn đó
không biết nên cười hay suy ngẫm luôn,neutral,mixed,1,False,không biết nên cười hay suy ngẫm luôn,không biết nên cười hay suy_ngẫm luôn,không biết nên cười hay suy_ngẫm luôn
Chỉ giỏi làm màu làm mè,toxic,insult,0,False,chỉ giỏi làm màu làm mè,chỉ giỏi làm màu làm mè,chỉ giỏi làm màu làm mè
Có thể cho mình xin thông tin không?,neutral,request,1,False,có thể cho mình xin thông tin không?,có_thể cho mình xin thông_tin không ?,có_thể cho mình xin thông_tin không ?
Flame team trong all chat,toxic,insult,0,False,flame team trong all chat,flame team trong all chat,flame team trong all chat
Tính tiền kiểu này chắc tính cả phí cổng trời 😆,positive,humor,2,False,tính tiền kiểu này chắc tính cả phí cổng trời 😆,tính tiền kiểu này chắc tính cả phí cổng trời 😆,tính tiền kiểu này chắc tính cả phí cổng trời 😆
Bạn chia sẻ thông tin rất rõ ràng,positive,appreciation,2,False,bạn chia sẻ thông tin rất rõ ràng,bạn chia_sẻ thông_tin rất rõ_ràng,bạn chia_sẻ thông_tin rất rõ_ràng
Tôi chưa hiểu rõ lắm,negative,confusion,0,False,tôi chưa hiểu rõ lắm,tôi chưa hiểu rõ lắm,tôi chưa hiểu rõ lắm
"Thương gia đình anh quá, cố gắng vượt qua nhé",positive,neutral,2,False,"thương gia đình anh quá, cố gắng vượt qua nhé","thương_gia_đình anh quá , cố_gắng vượt qua nhé","thương_gia_đình anh quá , cố_gắng vượt qua nhé"
xe may tranh nhau tung met,negative,criticism,0,False,xe may tranh nhau tung met,xe may tranh nhau tung met,xe may tranh nhau tung met
Lose condition cũng không biết,toxic,insult,0,False,lose condition cũng không biết,lose condition cũng không biết,lose condition cũng không biết
redemption arc,positive,improvement_story,2,False,redemption arc,redemption arc,redemption arc
tks vi da chia se nhe,positive,gratitude,2,True,cảm ơn vi da chia se nhe,cảm_ơn_vi da chia se_nhe,tks_vi da chia se_nhe
ngay nao cung ket xe o nga tu nay,negative,complaint,0,False,ngay nao cung ket xe o nga tu nay,ngay nao cung ket xe o nga tu nay,ngay nao cung ket xe o nga tu nay
cai anh do nhin ma muon unlike fanpage ngay!,toxic,insult,0,False,cai anh do nhin ma muon unlike fanpage ngay!,cai anh do nhin ma muon unlike fanpage ngay !,cai anh do nhin ma muon unlike fanpage ngay !
"sợ thật sự, thời buổi này ghê thiệt",positive,appreciation,2,False,"sợ thật sự, thời buổi này ghê thiệt","sợ thật_sự , thời_buổi này ghê_thiệt","sợ thật_sự , thời_buổi này ghê_thiệt"
Ăn cơm quê mà tưởng đang ở Dubai 😅,negative,humor,0,False,ăn cơm quê mà tưởng đang ở dubai 😅,ăn cơm quê mà tưởng đang ở dubai 😅,ăn cơm quê mà tưởng đang ở dubai 😅
co the lam tot hon nhieu,negative,criticism,0,False,co the lam tot hon nhieu,co the lam tot hon nhieu,co the lam tot hon nhieu
Bạn chia sẻ kinh nghiệm test sản phẩm đi,neutral,request,1,False,bạn chia sẻ kinh nghiệm test sản phẩm đi,bạn chia_sẻ kinh_nghiệm test sản_phẩm đi,bạn chia_sẻ kinh_nghiệm test sản_phẩm đi
Cần đánh giá thêm về độ bền sản phẩm,neutral,request,1,False,cần đánh giá thêm về độ bền sản phẩm,cần đánh_giá thêm về độ bền sản_phẩm,cần đánh_giá thêm về độ bền sản_phẩm
hihi dang yeu,positive,sweet_laugh,2,False,hihi dang yeu,hihi dang yeu,hihi dang yeu
wannabe,negative,aspiring_poser,0,False,wannabe,wannabe,wannabe
love triangle,negative,complicated_romance,0,False,love triangle,love triangle,love triangle
Hỏi gì cũng trả lời qua loa,toxic,insult,0,False,hỏi gì cũng trả lời qua loa,hỏi gì cũng trả_lời qua_loa,hỏi gì cũng trả_lời qua_loa
Chưa thấy ai tự tin với ngoại hình như bạn,toxic,bodyshaming,0,False,chưa thấy ai tự tin với ngoại hình như bạn,chưa thấy ai tự_tin với ngoại_hình_như bạn,chưa thấy ai tự_tin với ngoại_hình_như bạn
Loại người như mày không nên tồn tại,toxic,hate,0,False,loại người như mày không nên tồn tại,loại người như mày không nên tồn_tại,loại người như mày không nên tồn_tại
Binge-watching mode activated,positive,addictive,2,False,binge-watching mode activated,binge - watching mode activated,binge - watching mode activated
may nghi body beo nhu banh bao do la dep a?,toxic,insult,0,False,may nghi body beo nhu banh bao do la dep a?,may nghi body beo nhu banh bao do la dep a ?,may nghi body beo nhu banh bao do la dep a ?
Có mấy đứa nhỏ biết cư xử như này là hiếm lắm đó,positive,appreciation,2,False,có mấy đứa nhỏ biết cư xử như này là hiếm lắm đó,có mấy đứa nhỏ biết cư_xử như này là hiếm lắm đó,có mấy đứa nhỏ biết cư_xử như này là hiếm lắm đó
Thấy clip dài dòng quá,negative,criticism,0,False,thấy clip dài dòng quá,thấy clip dài_dòng quá,thấy clip dài_dòng quá
may nghi khoe cai body xap xe do la ngau a?,toxic,insult,0,False,may nghi khoe cai body xap xe do la ngau a?,may nghi khoe cai body xap xe do la ngau a ?,may nghi khoe cai body xap xe do la ngau a ?
Một phút suy ngẫm cho người từng xem thường người khác,positive,useful,2,False,một phút suy ngẫm cho người từng xem thường người khác,một phút suy_ngẫm cho người từng xem_thường người khác,một phút suy_ngẫm cho người từng xem_thường người khác
Content này đúng đỉnh của chóp!,positive,excellence,2,False,content này đúng đỉnh của chóp!,content này đúng đỉnh của chóp !,content này đúng đỉnh của chóp !
xem xong có động lực sống hơn,positive,motivation,2,False,xem xong có động lực sống hơn,xem xong có động_lực sống hơn,xem xong có động_lực sống hơn
Chúc mừng bạn nhé! Thật sự rất tuyệt vời,positive,congratulation,2,False,chúc mừng bạn nhé! thật sự rất tuyệt vời,chúc_mừng bạn nhé ! thật_sự rất tuyệt_vời,chúc_mừng bạn nhé ! thật_sự rất tuyệt_vời
Cần thêm đánh giá từ người mua trước,neutral,statement,1,False,cần thêm đánh giá từ người mua trước,cần thêm đánh_giá từ người mua trước,cần thêm đánh_giá từ người mua trước
không phải ai cũng cảm được clip kiểu này,neutral,subjectivity,1,False,không phải ai cũng cảm được clip kiểu này,không phải ai cũng cảm được clip kiểu này,không phải ai cũng cảm được clip kiểu này
nuoc sot chua ngon,negative,criticism,0,False,nuoc sot chua ngon,nuoc sot chua ngon,nuoc sot chua ngon
Bạn gửi link tham khảo thêm giúp mình,neutral,request,1,False,bạn gửi link tham khảo thêm giúp mình,bạn gửi link tham_khảo thêm giúp mình,bạn gửi link tham_khảo thêm giúp mình
Bạn thấy mức giá hợp lý không?,neutral,question,1,False,bạn thấy mức giá hợp lý không?,bạn thấy mức giá hợp_lý không ?,bạn thấy mức giá hợp_lý không ?
Không phải gu mình,negative,disappointment,0,False,không phải gu mình,không phải gu mình,không phải gu mình
Cách sử dụng như thế nào vậy?,neutral,question,1,False,cách sử dụng như thế nào vậy?,cách sử_dụng như thế_nào vậy ?,cách sử_dụng như thế_nào vậy ?
Bạn cảm nhận về mẫu mới thế nào?,neutral,question,1,False,bạn cảm nhận về mẫu mới thế nào?,bạn cảm_nhận về mẫu mới thế_nào ?,bạn cảm_nhận về mẫu mới thế_nào ?
đúng là đi bệnh viện mà như casting người mẫu,positive,humor,2,False,đúng là đi bệnh viện mà như casting người mẫu,đúng là đi bệnh_viện mà như casting người_mẫu,đúng là đi bệnh_viện mà như casting người_mẫu
lam sao,neutral,method,1,False,lam sao,lam sao,lam sao
Donation target mà không minh bạch,toxic,insult,0,False,donation target mà không minh bạch,donation target mà không minh_bạch,donation target mà không minh_bạch
tình bạn trong lớp này chắc dễ thương lắm luôn,positive,friendship,2,False,tình bạn trong lớp này chắc dễ thương lắm luôn,tình bạn trong lớp này chắc dễ_thương lắm luôn,tình bạn trong lớp này chắc dễ_thương lắm luôn
thg ngu! k biet gi ma ns,toxic,insult,0,True,thg ngu! không biết gi ma nói,thg ngu ! không biết gi ma nói,thg ngu ! k biet gi ma_ns
Thật sự khâm phục cách xử lý tình huống,positive,compliment,2,False,thật sự khâm phục cách xử lý tình huống,thật_sự khâm_phục cách xử_lý tình_huống,thật_sự khâm_phục cách xử_lý tình_huống
Sản phẩm không đáng đồng tiền,toxic,insult,0,False,sản phẩm không đáng đồng tiền,sản_phẩm không đáng đồng_tiền,sản_phẩm không đáng đồng_tiền
một chặng đường đáng nhớ của tuổi trẻ,positive,appreciation,2,False,một chặng đường đáng nhớ của tuổi trẻ,một chặng đường đáng nhớ của tuổi_trẻ,một chặng đường đáng nhớ của tuổi_trẻ
Nhận hàng như nhận đồ phế thải,toxic,insult,0,False,nhận hàng như nhận đồ phế thải,nhận hàng như nhận đồ phế_thải,nhận hàng như nhận đồ phế_thải
"Thương anh quá, cố lên nhé",positive,neutral,2,False,"thương anh quá, cố lên nhé","thương anh quá , cố lên nhé","thương anh quá , cố lên nhé"
giỡn vậy chứ cap gì nghe thấm quá,positive,realization,2,False,giỡn vậy chứ cap gì nghe thấm quá,giỡn_vậy chứ cap gì nghe thấm quá,giỡn_vậy chứ cap gì nghe thấm quá
Không muốn xem thêm clip nào nữa từ kênh này,toxic,insult,0,False,không muốn xem thêm clip nào nữa từ kênh này,không muốn xem thêm clip nào nữa từ kênh này,không muốn xem thêm clip nào nữa từ kênh này
sao may dam post cai anh body xap xe do len fb?,toxic,insult,0,False,sao may dam post cai anh body xap xe do len fb?,sao may dam post cai anh body xap xe do len fb ?,sao may dam post cai anh body xap xe do len fb ?
Giao hàng sai màu sai size hoài,toxic,insult,0,False,giao hàng sai màu sai size hoài,giao hàng sai màu sai size hoài,giao hàng sai màu sai size hoài
Sản phẩm này dễ sử dụng không bạn?,neutral,question,1,False,sản phẩm này dễ sử dụng không bạn?,sản_phẩm này dễ sử_dụng không bạn ?,sản_phẩm này dễ sử_dụng không bạn ?
"Ngáo đá xong kêu tâm thần, quen thuộc",negative,sarcasm,0,False,"ngáo đá xong kêu tâm thần, quen thuộc","ngáo đá xong kêu tâm_thần , quen_thuộc","ngáo đá xong kêu tâm_thần , quen_thuộc"
bình luận hơi đụng chạm nhưng vẫn vui,neutral,mixed,1,False,bình luận hơi đụng chạm nhưng vẫn vui,bình_luận hơi đụng_chạm nhưng vẫn vui,bình_luận hơi đụng_chạm nhưng vẫn vui
duong bi hang rong chiem cho,negative,complaint,0,False,duong bi hang rong chiem cho,duong bi hang rong chiem cho,duong bi hang rong chiem cho
co ruoi trong mon an,negative,complaint,0,False,co ruoi trong mon an,co ruoi trong mon an,co ruoi trong mon an
Bạn có thể hướng dẫn đăng ký bảo hành không?,neutral,request,1,False,bạn có thể hướng dẫn đăng ký bảo hành không?,bạn có_thể hướng_dẫn đăng_ký bảo_hành không ?,bạn có_thể hướng_dẫn đăng_ký bảo_hành không ?
"Hài hước ghê, chắc tưởng mình là vua nên phá ngai",neutral,humor,1,False,"hài hước ghê, chắc tưởng mình là vua nên phá ngai","hài_hước ghê , chắc tưởng mình là vua nên phá ngai","hài_hước ghê , chắc tưởng mình là vua nên phá ngai"
"Thất vọng ghê, tui mong hay hơn",negative,disappointment,0,False,"thất vọng ghê, tui mong hay hơn","thất_vọng ghê , tui mong hay hơn","thất_vọng ghê , tui mong hay hơn"
Hệ thống mua bán trong game bất tiện,negative,criticism,0,False,hệ thống mua bán trong game bất tiện,hệ_thống mua_bán trong game bất_tiện,hệ_thống mua_bán trong game bất_tiện
Vô duyên bẩm sinh hay do luyện tập vậy bạn?,toxic,insult,0,False,vô duyên bẩm sinh hay do luyện tập vậy bạn?,vô_duyên bẩm_sinh hay do luyện_tập vậy bạn ?,vô_duyên bẩm_sinh hay do luyện_tập vậy bạn ?
từng bị nói vậy nên thấy hơi nhột,negative,personal\_experience,0,False,từng bị nói vậy nên thấy hơi nhột,từng bị nói vậy nên thấy hơi nhột,từng bị nói vậy nên thấy hơi nhột
Reaction kiểu này thì ai chả làm được,toxic,insult,0,False,reaction kiểu này thì ai chả làm được,reaction kiểu này thì ai chả làm được,reaction kiểu này thì ai chả làm được
via he bi chiem dung hoan toan,negative,criticism,0,False,via he bi chiem dung hoan toan,via he bi chiem dung hoan toan,via he bi chiem dung hoan toan
Video chất lượng kém,negative,criticism,0,False,video chất lượng kém,video chất_lượng kém,video chất_lượng kém
hok biet,neutral,dont_know,1,True,không biết,không biết,hok biet
xe cho da cham nguoi,negative,disappointment,0,True,xe cho da cham người,xe cho da cham người,xe cho da cham nguoi
Blew my mind! Thổi bay tâm trí,positive,mind_blowing,2,False,blew my mind! thổi bay tâm trí,blew my mind ! thổi bay tâm_trí,blew my mind ! thổi bay tâm_trí
clip này là nguồn năng lượng tích cực mỗi sáng,positive,positive\_vibes,2,False,clip này là nguồn năng lượng tích cực mỗi sáng,clip này là nguồn năng_lượng tích_cực mỗi sáng,clip này là nguồn năng_lượng tích_cực mỗi sáng
Happily ever after energy,positive,romantic,2,False,happily ever after energy,happily ever after energy,happily ever after energy
Chất lượng video quá kém,negative,criticism,0,False,chất lượng video quá kém,chất_lượng video quá kém,chất_lượng video quá kém
sao may khong biet minh dang noi nham gi vay?,toxic,insult,0,True,sao may khong biết minh dang noi nham gi vay?,sao may khong biết minh dang noi nham gi vay ?,sao may khong biet minh dang noi nham gi vay ?
Mấy đoạn chuyển cảnh mượt dữ ha,positive,compliment,2,False,mấy đoạn chuyển cảnh mượt dữ ha,mấy đoạn chuyển cảnh mượt dữ ha,mấy đoạn chuyển cảnh mượt dữ ha
Làm màu câu view rẻ tiền quá,toxic,insult,0,False,làm màu câu view rẻ tiền quá,làm màu câu view rẻ_tiền quá,làm màu câu view rẻ_tiền quá
street style,positive,urban_fashion,2,False,street style,street style,street style
sao may khong nhin lai minh truoc khi comment?,toxic,insult,0,False,sao may khong nhin lai minh truoc khi comment?,sao may khong nhin lai minh truoc khi comment ?,sao may khong nhin lai minh truoc khi comment ?
nghe quen lắm mà không nhớ tên người lồng,neutral,question,1,False,nghe quen lắm mà không nhớ tên người lồng,nghe quen lắm mà không nhớ tên người lồng,nghe quen lắm mà không nhớ tên người lồng
Đặt hàng như đi ăn xin,toxic,insult,0,False,đặt hàng như đi ăn xin,đặt_hàng như đi ăn_xin,đặt_hàng như đi ăn_xin
clip chang an khop gi voi nhau,negative,criticism,0,False,clip chang an khop gi voi nhau,clip chang an khop gi voi nhau,clip chang an khop gi voi nhau
giữ điện thoại như giữ vàng nha mấy bạn,positive,useful,2,False,giữ điện thoại như giữ vàng nha mấy bạn,giữ điện_thoại như giữ vàng nha mấy bạn,giữ điện_thoại như giữ vàng nha mấy bạn
Chọn tướng rồi không biết skill,toxic,insult,0,False,chọn tướng rồi không biết skill,chọn tướng rồi không biết skill,chọn tướng rồi không biết skill
nghe xong vừa buồn cười vừa hơi chạnh lòng,neutral,mixed,1,False,nghe xong vừa buồn cười vừa hơi chạnh lòng,nghe xong vừa buồn_cười vừa hơi chạnh_lòng,nghe xong vừa buồn_cười vừa hơi chạnh_lòng
extra,negative,unnecessary_person,0,False,extra,extra,extra
nên có nhiều sản phẩm sáng tạo thế này hơn,positive,encouragement,2,False,nên có nhiều sản phẩm sáng tạo thế này hơn,nên có nhiều sản_phẩm sáng_tạo thế này hơn,nên có nhiều sản_phẩm sáng_tạo thế này hơn
cần thêm dàn đèn sân khấu là xong,positive,joke,2,False,cần thêm dàn đèn sân khấu là xong,cần thêm dàn đèn sân_khấu là xong,cần thêm dàn đèn sân_khấu là xong
sao ai cũng ăn mặc đẹp vậy trời,positive,fashion,2,False,sao ai cũng ăn mặc đẹp vậy trời,sao ai cũng ăn_mặc đẹp_vậy trời,sao ai cũng ăn_mặc đẹp_vậy trời
Bảo hành hư tìm đâu ra shop,toxic,insult,0,False,bảo hành hư tìm đâu ra shop,bảo_hành hư tìm đâu ra shop,bảo_hành hư tìm đâu ra shop
"Valentine's Day is coming, tôi cần gấu",neutral,single_status,1,False,"valentine's day is coming, tôi cần gấu","valentine ' s day is coming , tôi cần gấu","valentine ' s day is coming , tôi cần gấu"
Loại này nên tránh xa ra càng tốt,toxic,insult,0,False,loại này nên tránh xa ra càng tốt,loại này nên tránh xa ra càng tốt,loại này nên tránh xa ra càng tốt
Nhìn cứ như chưa bao giờ biết đến kem chống nắng,toxic,bodyshaming,0,False,nhìn cứ như chưa bao giờ biết đến kem chống nắng,nhìn cứ như chưa bao_giờ biết đến kem chống nắng,nhìn cứ như chưa bao_giờ biết đến kem chống nắng
"Không load được, bạn check lại đi",neutral,technical_issue,1,False,"không load được, bạn check lại đi","không load được , bạn check lại đi","không load được , bạn check lại đi"
xem clip mà muốn đi học y luôn,positive,inspiration,2,False,xem clip mà muốn đi học y luôn,xem clip mà muốn đi học y luôn,xem clip mà muốn đi học y luôn
Ảnh outfit repeat hoài không biết chán,toxic,insult,0,False,ảnh outfit repeat hoài không biết chán,ảnh outfit repeat hoài không biết chán,ảnh outfit repeat hoài không biết chán
ai là người lồng tiếng doraemon..????,neutral,question,1,False,ai là người lồng tiếng doraemon..????,ai là người lồng_tiếng doraemon . . ? ? ? ?,ai là người lồng_tiếng doraemon . . ? ? ? ?
Viewer question mà answer như tắc họng,toxic,insult,0,False,viewer question mà answer như tắc họng,viewer question mà answer như tắc_họng,viewer question mà answer như tắc_họng
Bảo hành như đùa với trẻ con,toxic,insult,0,False,bảo hành như đùa với trẻ con,bảo_hành như đùa với trẻ_con,bảo_hành như đùa với trẻ_con
Game thường xuyên mất kết nối,negative,complaint,0,False,game thường xuyên mất kết nối,game thường_xuyên mất kết_nối,game thường_xuyên mất kết_nối
Có thể là vậy,neutral,possibility,1,False,có thể là vậy,có_thể là vậy,có_thể là vậy
KS rồi flame ADC,toxic,insult,0,False,ks rồi flame adc,ks rồi flame adc,ks rồi flame adc
Có cách khắc phục không bạn?,neutral,question,1,False,có cách khắc phục không bạn?,có cách khắc_phục không bạn ?,có cách khắc_phục không bạn ?
"Đẻ lắm để khổ, chán thật",toxic,sarcasm,0,False,"đẻ lắm để khổ, chán thật","đẻ lắm để khổ , chán thật","đẻ lắm để khổ , chán thật"
Chưa nhận được hàng dù đã đặt lâu,negative,complaint,0,False,chưa nhận được hàng dù đã đặt lâu,chưa nhận được hàng dù đã đặt lâu,chưa nhận được hàng dù đã đặt lâu
Report threat suốt ngày,toxic,insult,0,False,report threat suốt ngày,report threat suốt ngày,report threat suốt ngày
Không khuyến khích mua sản phẩm này,negative,criticism,0,False,không khuyến khích mua sản phẩm này,không khuyến_khích mua sản_phẩm này,không khuyến_khích mua sản_phẩm này
đoạn này tui bật cười trong lớp luôn,positive,unexpected,2,False,đoạn này tui bật cười trong lớp luôn,đoạn này tui bật cười trong lớp luôn,đoạn này tui bật cười trong lớp luôn
Same here! Cùng cảnh ngộ,positive,solidarity,2,False,same here! cùng cảnh ngộ,same here ! cùng cảnh_ngộ,same here ! cùng cảnh_ngộ
Bạn chia sẻ cảm nhận thêm đi,neutral,request,1,False,bạn chia sẻ cảm nhận thêm đi,bạn chia_sẻ cảm_nhận thêm đi,bạn chia_sẻ cảm_nhận thêm đi
"Nội dung nì chán, cần cải thiện nhìu!",negative,criticism,0,False,"nội dung nì chán, cần cải thiện nhìu!","nội_dung nì chán , cần cải_thiện nhìu !","nội_dung nì chán , cần cải_thiện nhìu !"
đẹp vậy chắc 80% người bệnh là crush,positive,teasing,2,False,đẹp vậy chắc 80% người bệnh là crush,đẹp vậy chắc 80 % người_bệnh là crush,đẹp vậy chắc 80 % người_bệnh là crush
cai bung may to the ma cung tu tin post anh a?,toxic,insult,0,False,cai bung may to the ma cung tu tin post anh a?,cai bung may to the ma cung tu tin post anh a ?,cai bung may to the ma cung tu tin post anh a ?
"Cơm quê giá cổng trời, ăn xong nhớ mãi 😭",negative,sarcasm,0,False,"cơm quê giá cổng trời, ăn xong nhớ mãi 😭","cơm quê giá cổng trời , ăn xong nhớ mãi 😭","cơm quê giá cổng trời , ăn xong nhớ mãi 😭"
Easter egg! Tìm được rồi,positive,discovery,2,False,easter egg! tìm được rồi,easter egg ! tìm được rồi,easter egg ! tìm được rồi
video doi thuong,negative,disappointment,0,False,video doi thuong,video doi thuong,video doi thuong
Heart is full! Tim đầy ấp,positive,fulfillment,2,False,heart is full! tim đầy ấp,heart is full ! tim đầy ấp,heart is full ! tim đầy ấp
Một sự tử tế đáng ngưỡng mộ,positive,appreciation,2,False,một sự tử tế đáng ngưỡng mộ,một sự tử_tế đáng ngưỡng_mộ,một sự tử_tế đáng ngưỡng_mộ
Bạn biết shop nào uy tín không?,neutral,question,1,False,bạn biết shop nào uy tín không?,bạn biết shop nào uy_tín không ?,bạn biết shop nào uy_tín không ?
Nhìn là biết không có tương lai rồi,toxic,insult,0,False,nhìn là biết không có tương lai rồi,nhìn là biết không có tương_lai rồi,nhìn là biết không có tương_lai rồi
Bớt giả trân đi bạn ơi,toxic,insult,0,False,bớt giả trân đi bạn ơi,bớt giả trân đi bạn ơi,bớt giả trân đi bạn ơi
chắc tui cũng nên đi khám tư duy,negative,self\_deprecating,0,False,chắc tui cũng nên đi khám tư duy,chắc tui cũng nên đi khám tư_duy,chắc tui cũng nên đi khám tư_duy
tướng đứng nhìn biết dân chơi rồi,positive,compliment,2,False,tướng đứng nhìn biết dân chơi rồi,tướng đứng nhìn biết dân_chơi rồi,tướng đứng nhìn biết dân_chơi rồi
Post ảnh productivity mà procrastinate,toxic,insult,0,False,post ảnh productivity mà procrastinate,post ảnh productivity mà procrastinate,post ảnh productivity mà procrastinate
"Hài hước ghê, phá ngai vàng mà tỉnh bơ luôn",neutral,humor,1,False,"hài hước ghê, phá ngai vàng mà tỉnh bơ luôn","hài_hước ghê , phá ngai vàng mà tỉnh_bơ luôn","hài_hước ghê , phá ngai vàng mà tỉnh_bơ luôn"
Vision control không biết là gì,toxic,insult,0,False,vision control không biết là gì,vision control không biết là gì,vision control không biết là gì
Ảnh natural beauty mà filter heavy,toxic,insult,0,False,ảnh natural beauty mà filter heavy,ảnh natural beauty mà filter heavy,ảnh natural beauty mà filter heavy
Bạn đã từng mua ở đây chưa?,neutral,question,1,False,bạn đã từng mua ở đây chưa?,bạn đã từng mua ở đây chưa ?,bạn đã từng mua ở đây chưa ?
Thấy bạn sống mà tội nghiệp thật sự,toxic,insult,0,False,thấy bạn sống mà tội nghiệp thật sự,thấy bạn sống mà tội_nghiệp thật_sự,thấy bạn sống mà tội_nghiệp thật_sự
Huy làm mấy clip rồi mà vẫn hot thế 😌,positive,neutral,2,False,huy làm mấy clip rồi mà vẫn hot thế 😌,huy làm mấy clip rồi mà vẫn hot_thế 😌,huy làm mấy clip rồi mà vẫn hot_thế 😌
Spoiled! Được nuông chiều quá,negative,spoiled,0,False,spoiled! được nuông chiều quá,spoiled ! được nuông_chiều quá,spoiled ! được nuông_chiều quá
clip có chiều sâu và có hồn,positive,quality,2,False,clip có chiều sâu và có hồn,clip có chiều sâu và có hồn,clip có chiều sâu và có hồn
Bạn có thể chỉ rõ nguồn gốc không?,neutral,request,1,False,bạn có thể chỉ rõ nguồn gốc không?,bạn có_thể chỉ rõ nguồn_gốc không ?,bạn có_thể chỉ rõ nguồn_gốc không ?
Review mà chẳng có tâm gì cả,toxic,insult,0,False,review mà chẳng có tâm gì cả,review mà chẳng có tâm gì cả,review mà chẳng có tâm gì cả
"Thương gia đình anh, cố lên",positive,neutral,2,False,"thương gia đình anh, cố lên","thương_gia_đình anh , cố lên","thương_gia_đình anh , cố lên"
"Khoe khoang nhiều quá, mệt thật!",negative,showing_off,0,False,"khoe khoang nhiều quá, mệt thật!","khoe_khoang nhiều quá , mệt thật !","khoe_khoang nhiều quá , mệt thật !"
bet,neutral,agreement,1,False,bet,bet,bet
AFK sau khi first blood,toxic,insult,0,False,afk sau khi first blood,afk sau khi first blood,afk sau khi first blood
sao may cu thich di drama voi nguoi khac tren fb?,toxic,insult,0,True,sao may cu thích di drama voi người khac tren fb?,sao may cu thích di_drama voi người khac tren fb ?,sao may cu thich di_drama voi nguoi khac tren fb ?
"An ninh lăng yếu kém, cần thay đổi gấp",negative,suggestion,0,False,"an ninh lăng yếu kém, cần thay đổi gấp","an_ninh lăng yếu_kém , cần thay_đổi gấp","an_ninh lăng yếu_kém , cần thay_đổi gấp"
Ai rảnh thì inbox tôi,neutral,availability,1,False,ai rảnh thì inbox tôi,ai rảnh thì inbox tôi,ai rảnh thì inbox tôi
Nhiều skin nhưng toàn xấu,negative,criticism,0,False,nhiều skin nhưng toàn xấu,nhiều skin nhưng toàn xấu,nhiều skin nhưng toàn xấu
Chờ mãi chẳng có gì hay ho,negative,disappointment,0,False,chờ mãi chẳng có gì hay ho,chờ mãi chẳng có gì hay_ho,chờ mãi chẳng có gì hay_ho
Giờ vẫn còn hàng không bạn?,neutral,question,1,False,giờ vẫn còn hàng không bạn?,giờ vẫn còn hàng không bạn ?,giờ vẫn còn hàng không bạn ?
Too obvious! Dễ đoán quá,negative,predictable,0,False,too obvious! dễ đoán quá,too obvious ! dễ đoán quá,too obvious ! dễ đoán quá
No teamwork chỉ biết solo,toxic,insult,0,False,no teamwork chỉ biết solo,no teamwork chỉ biết solo,no teamwork chỉ biết solo
noi nhanh nhu gió,negative,criticism,0,False,noi nhanh nhu gió,noi nhanh nhu gió,noi nhanh nhu gió
xem để nhắc mình rằng ai cũng có câu chuyện riêng,positive,reminder,2,False,xem để nhắc mình rằng ai cũng có câu chuyện riêng,xem để nhắc mình rằng ai cũng có câu_chuyện riêng,xem để nhắc mình rằng ai cũng có câu_chuyện riêng
Mắt híp không thấy đường mà cứ trang điểm đậm,toxic,bodyshaming,0,False,mắt híp không thấy đường mà cứ trang điểm đậm,mắt híp không thấy đường mà cứ trang_điểm đậm,mắt híp không thấy đường mà cứ trang_điểm đậm
Xin stk để hỗ trợ chút đỉnh,neutral,question,1,True,xin số tài khoản để hỗ trợ chút đỉnh,xin số tài_khoản để hỗ_trợ chút_đỉnh,xin stk để hỗ_trợ chút_đỉnh
Champion mastery fake,toxic,insult,0,False,champion mastery fake,champion mastery fake,champion mastery fake
Anh Huy làm clip cơm quê đỉnh quá 😎,positive,neutral,2,False,anh huy làm clip cơm quê đỉnh quá 😎,anh huy làm clip cơm quê đỉnh quá 😎,anh huy làm clip cơm quê đỉnh quá 😎
vach ke duong khong ro,negative,criticism,0,False,vach ke duong khong ro,vach ke duong khong ro,vach ke duong khong ro
Cười giả trân nhìn phát ngứa mắt,toxic,insult,0,False,cười giả trân nhìn phát ngứa mắt,cười giả trân nhìn phát ngứa_mắt,cười giả trân nhìn phát ngứa_mắt
Con mẹ mày! Đồ khốn nạn,toxic,extreme_vulgar,0,False,con mẹ mày! đồ khốn nạn,con_mẹ mày ! đồ khốn_nạn,con_mẹ mày ! đồ khốn_nạn
giọng miền Bắc lồng nghe nhẹ nhàng ghê,positive,observation,2,False,giọng miền bắc lồng nghe nhẹ nhàng ghê,giọng miền bắc lồng nghe nhẹ_nhàng ghê,giọng miền bắc lồng nghe nhẹ_nhàng ghê
sao may cu thich di drama voi nguoi khac tren fb?,toxic,insult,0,True,sao may cu thích di drama voi người khac tren fb?,sao may cu thích di_drama voi người khac tren fb ?,sao may cu thich di_drama voi nguoi khac tren fb ?
"Nghèo mà đẻ con, khổ cả đời chả xong",negative,anger,0,False,"nghèo mà đẻ con, khổ cả đời chả xong","nghèo mà đẻ con , khổ cả đời chả xong","nghèo mà đẻ con , khổ cả đời chả xong"
"noi dai dong, dai dong",negative,criticism,0,False,"noi dai dong, dai dong","noi dai dong , dai_dong","noi dai dong , dai_dong"
Mọi người cho xin stk anh này với ạ,neutral,question,1,True,mọi người cho xin số tài khoản anh này với ạ,mọi người cho xin số tài_khoản anh này với ạ,mọi người cho xin stk anh này với ạ
"DM t đi, t rảnh lắm nè!",neutral,contact,1,True,"địt mẹ t đi, t rảnh lắm nè!","địt_mẹ t đi , t rảnh lắm nè !","dm t đi , t rảnh lắm nè !"
clip nhu duoc cat ghep voi,negative,criticism,0,False,clip nhu duoc cat ghep voi,clip nhu duoc cat ghep voi,clip nhu duoc cat ghep voi
Sản phẩm nhận được không phải hàng mới,negative,complaint,0,False,sản phẩm nhận được không phải hàng mới,sản_phẩm nhận được không phải hàng mới,sản_phẩm nhận được không phải hàng mới
Hẹn gặp lại vào video sau,neutral,statement,1,False,hẹn gặp lại vào video sau,hẹn gặp lại vào video sau,hẹn gặp lại vào video sau
"Hiểu rồi, cảm ơn bạn",neutral,acknowledgment,1,False,"hiểu rồi, cảm ơn bạn","hiểu rồi , cảm_ơn bạn","hiểu rồi , cảm_ơn bạn"
"Game không ổn định, dễ bị disconnect",negative,complaint,0,False,"game không ổn định, dễ bị disconnect","game không ổn_định , dễ bị disconnect","game không ổn_định , dễ bị disconnect"
"Coi clip thấy ông này ngáo ngáo sao sao, không bình thường",neutral,neutral,1,False,"coi clip thấy ông này ngáo ngáo sao sao, không bình thường","coi clip thấy ông này ngáo ngáo sao sao , không bình_thường","coi clip thấy ông này ngáo ngáo sao sao , không bình_thường"
Bạn thấy cách đóng gói thế nào?,neutral,question,1,False,bạn thấy cách đóng gói thế nào?,bạn thấy cách đóng_gói thế_nào ?,bạn thấy cách đóng_gói thế_nào ?
Có vẻ không thú vị lắm,negative,uninteresting,0,False,có vẻ không thú vị lắm,có vẻ không thú_vị lắm,có vẻ không thú_vị lắm
"Cô ơi, cơm quê mà giá siêu xe hả? 😭",negative,sarcasm,0,False,"cô ơi, cơm quê mà giá siêu xe hả? 😭","cô ơi , cơm quê mà giá siêu xe hả ? 😭","cô ơi , cơm quê mà giá siêu xe hả ? 😭"
Giao hàng chậm như thời đồ đá,toxic,insult,0,False,giao hàng chậm như thời đồ đá,giao hàng chậm như thời đồ đá,giao hàng chậm như thời đồ đá
"Ngáo đá xong phá đồ, giờ lại kêu tâm thần, chán",negative,sarcasm,0,False,"ngáo đá xong phá đồ, giờ lại kêu tâm thần, chán","ngáo đá xong phá đồ , giờ lại kêu tâm_thần , chán","ngáo đá xong phá đồ , giờ lại kêu tâm_thần , chán"
Đồ thì rẻ tiền mà quảng cáo như thật,toxic,insult,0,False,đồ thì rẻ tiền mà quảng cáo như thật,đồ thì rẻ_tiền mà quảng_cáo như thật,đồ thì rẻ_tiền mà quảng_cáo như thật
Răng khểnh lộn xộn nhìn kém duyên,toxic,bodyshaming,0,False,răng khểnh lộn xộn nhìn kém duyên,răng khểnh lộn_xộn nhìn kém duyên,răng khểnh lộn_xộn nhìn kém duyên
Bạn có thể gửi bảng màu không?,neutral,request,1,False,bạn có thể gửi bảng màu không?,bạn có_thể gửi bảng_màu không ?,bạn có_thể gửi bảng_màu không ?
"Bạn làm tui cười xỉu luôn, hài lắm!",positive,humor,2,False,"bạn làm tui cười xỉu luôn, hài lắm!","bạn làm tui cười xỉu luôn , hài lắm !","bạn làm tui cười xỉu luôn , hài lắm !"
Tôi vừa bị spoil rồi!,negative,spoiler,0,False,tôi vừa bị spoil rồi!,tôi vừa bị spoil rồi !,tôi vừa bị spoil rồi !
energy,neutral,personal_aura,1,False,energy,energy,energy
Hôm nay trời đẹp ghê,neutral,statement,1,False,hôm nay trời đẹp ghê,hôm_nay trời đẹp ghê,hôm_nay trời đẹp ghê
nem nuong nhieu mo qua,negative,criticism,0,False,nem nuong nhieu mo qua,nem nuong nhieu mo qua,nem nuong nhieu mo qua
Cảm giác chơi game không đã tay,negative,disappointment,0,False,cảm giác chơi game không đã tay,cảm_giác chơi game không đã tay,cảm_giác chơi game không đã tay
Không có điểm nhấn gì cả,negative,criticism,0,False,không có điểm nhấn gì cả,không có điểm nhấn gì cả,không có điểm nhấn gì cả
Cảm ơn bạn rất nhiều vì đã giúp đỡ,positive,gratitude,2,False,cảm ơn bạn rất nhiều vì đã giúp đỡ,cảm_ơn bạn rất nhiều vì đã giúp_đỡ,cảm_ơn bạn rất nhiều vì đã giúp_đỡ
kỷ niệm một thời tuổi thơ ùa về,positive,nostalgia,2,False,kỷ niệm một thời tuổi thơ ùa về,kỷ_niệm một thời tuổi_thơ ùa về,kỷ_niệm một thời tuổi_thơ ùa về
Thấy mặt là không ưa nổi rồi,toxic,insult,0,False,thấy mặt là không ưa nổi rồi,thấy mặt là không ưa nổi rồi,thấy mặt là không ưa nổi rồi
có ai cũng cảm thấy bồn chồn như tui không?,positive,emotion,2,False,có ai cũng cảm thấy bồn chồn như tui không?,có ai cũng cảm_thấy bồn_chồn như tui không ?,có ai cũng cảm_thấy bồn_chồn như tui không ?
Không biết ngượng là gì luôn,toxic,insult,0,False,không biết ngượng là gì luôn,không biết ngượng là gì luôn,không biết ngượng là gì luôn
get ready with me,neutral,morning_routine,1,False,get ready with me,get ready with me,get ready with me
Bền bỉ và kiên định với con đường đã chọn,positive,appreciation,2,False,bền bỉ và kiên định với con đường đã chọn,bền_bỉ và kiên_định với con đường đã chọn,bền_bỉ và kiên_định với con đường đã chọn
"Nghèo thì đừng đẻ, khổ cả nhà",negative,suggestion,0,False,"nghèo thì đừng đẻ, khổ cả nhà","nghèo thì đừng đẻ , khổ cả nhà","nghèo thì đừng đẻ , khổ cả nhà"
Không hổ danh là best moment,positive,compliment,2,False,không hổ danh là best moment,không hổ_danh là best moment,không hổ_danh là best moment
phim nào giọng cũng na ná nhau nhưng vẫn hay,positive,consistency,2,False,phim nào giọng cũng na ná nhau nhưng vẫn hay,phim nào giọng cũng na_ná nhau nhưng vẫn hay,phim nào giọng cũng na_ná nhau nhưng vẫn hay
Bạn có thể gợi ý địa chỉ uy tín không?,neutral,request,1,False,bạn có thể gợi ý địa chỉ uy tín không?,bạn có_thể gợi_ý địa_chỉ uy_tín không ?,bạn có_thể gợi_ý địa_chỉ uy_tín không ?
Coi clip hơi chán,negative,disappointment,0,False,coi clip hơi chán,coi clip hơi chán,coi clip hơi chán
Keep it vague please,neutral,request,1,False,keep it vague please,keep it vague please,keep it vague please
Warrior mà không dám đánh,toxic,insult,0,False,warrior mà không dám đánh,warrior mà không dám đánh,warrior mà không dám đánh
cai livestream do nhin ma chi muon tat ngay!,toxic,insult,0,False,cai livestream do nhin ma chi muon tat ngay!,cai livestream do nhin ma chi muon tat ngay !,cai livestream do nhin ma chi muon tat ngay !
Shop chỉ biết hút máu khách hàng,toxic,insult,0,False,shop chỉ biết hút máu khách hàng,shop chỉ biết hút máu khách_hàng,shop chỉ biết hút máu khách_hàng
Fairy tale vibes!,positive,fairy_tale,2,False,fairy tale vibes!,fairy tale vibes !,fairy tale vibes !
"Ngại giùm lun, awkward xĩu!",negative,awkward,0,False,"ngại giùm lun, awkward xĩu!","ngại giùm lun , awkward xĩu !","ngại giùm lun , awkward xĩu !"
ăn một lần rồi thôi,negative,experience,0,False,ăn một lần rồi thôi,ăn một lần rồi thôi,ăn một lần rồi thôi
Được thôi,neutral,acceptance,1,False,được thôi,được thôi,được thôi
Mọi người có stk thì share,neutral,question,1,True,mọi người có số tài khoản thì share,mọi người có số tài_khoản thì share,mọi người có stk thì share
Viewer donate mà streamer coi thường,toxic,insult,0,False,viewer donate mà streamer coi thường,viewer donate mà streamer coi_thường,viewer donate mà streamer coi_thường
Tissue box empty,positive,emotional_impact,2,False,tissue box empty,tissue box empty,tissue box empty
Cần luật riêng cho mấy người ngáo đá phá hoại,negative,suggestion,0,False,cần luật riêng cho mấy người ngáo đá phá hoại,cần luật riêng cho mấy người ngáo đá phá_hoại,cần luật riêng cho mấy người ngáo đá phá_hoại
Hàng nhái mà còn bảo chính hãng,toxic,insult,0,False,hàng nhái mà còn bảo chính hãng,hàng nhái mà còn bảo chính hãng,hàng nhái mà còn bảo chính hãng
No big deal! Không sao đâu,neutral,dismissive,1,False,no big deal! không sao đâu,no big deal ! không sao đâu,no big deal ! không sao đâu
ban thuong lam clip vao cuoi tuan ha?,neutral,question,1,False,ban thuong lam clip vao cuoi tuan ha?,ban thuong lam clip vao cuoi tuan ha ?,ban thuong lam clip vao cuoi tuan ha ?
may nghi cai bung mo do la hot trend tren fb a?,toxic,insult,0,True,may nghi cai bung mo do la hot trend tren facebook a?,may nghi cai bung mo do la hot_trend tren facebook a ?,may nghi cai bung mo do la hot_trend tren fb a ?
"Bạn ơi, link bị lỗi rồi",neutral,technical_issue,1,False,"bạn ơi, link bị lỗi rồi","bạn ơi , link bị lỗi rồi","bạn ơi , link bị lỗi rồi"
đọc comment thôi cũng thấy đủ chiêu rồi,positive,appreciation,2,False,đọc comment thôi cũng thấy đủ chiêu rồi,đọc comment thôi cũng thấy đủ chiêu rồi,đọc comment thôi cũng thấy đủ chiêu rồi
"Thằng này đáng bị xử nặng, phá đồ quý",toxic,curse,0,True,"thằng này đáng bị xử nặng, phá đồ quý","thằng này đáng bị xử nặng , phá đồ quý","thằng này đáng bị xử nặng , phá đồ quý"
Ảnh friendship goals mà friends fake,toxic,insult,0,False,ảnh friendship goals mà friends fake,ảnh friendship goals mà friends fake,ảnh friendship goals mà friends fake
phải tao là đau đến mấy cũng phải nhắm mắt 😂😂😂,positive,teasing,2,False,phải tao là đau đến mấy cũng phải nhắm mắt 😂😂😂,phải tao là đau đến mấy cũng phải nhắm_mắt 😂 😂 😂,phải tao là đau đến mấy cũng phải nhắm_mắt 😂 😂 😂
Shop này mở ra để làm hại khách,toxic,insult,0,False,shop này mở ra để làm hại khách,shop này mở ra để làm hại khách,shop này mở ra để làm hại khách
tưởng mình lạc vào vũ trụ song song,positive,humor,2,False,tưởng mình lạc vào vũ trụ song song,tưởng mình lạc vào vũ_trụ song_song,tưởng mình lạc vào vũ_trụ song_song
Update mới làm game tệ hơn hẳn,negative,criticism,0,False,update mới làm game tệ hơn hẳn,update mới làm game tệ hơn hẳn,update mới làm game tệ hơn hẳn
sao may cu thich di cong kich nguoi khac tren fb?,toxic,insult,0,True,sao may cu thích di cong kich người khac tren fb?,sao may cu thích di_cong kich người khac tren fb ?,sao may cu thich di_cong kich nguoi khac tren fb ?
giá này mình thấy hợp lý mà,positive,appreciation,2,False,giá này mình thấy hợp lý mà,giá này mình thấy hợp_lý mà,giá này mình thấy hợp_lý mà
Main character syndrome,toxic,insult,0,False,main character syndrome,main character syndrome,main character syndrome
thề luôn giọng này ăn sâu vô ký ức tui rồi á,positive,nostalgia,2,False,thề luôn giọng này ăn sâu vô ký ức tui rồi á,thề luôn giọng này ăn sâu vô ký_ức tui rồi á,thề luôn giọng này ăn sâu vô ký_ức tui rồi á
Làm ơn đừng xuất hiện trên mạng nữa,toxic,insult,0,False,làm ơn đừng xuất hiện trên mạng nữa,làm_ơn đừng xuất_hiện trên mạng nữa,làm_ơn đừng xuất_hiện trên mạng nữa
Bạn đánh giá sao về tổng thể sản phẩm?,neutral,question,1,False,bạn đánh giá sao về tổng thể sản phẩm?,bạn đánh_giá sao về tổng_thể sản_phẩm ?,bạn đánh_giá sao về tổng_thể sản_phẩm ?
Bạn up video mới chưa?,neutral,question,1,False,bạn up video mới chưa?,bạn up video mới chưa ?,bạn up video mới chưa ?
may co biet cai voc dang do nhin te the nao?,toxic,insult,0,True,may co biết cai voc dang do nhin te the nao?,may co biết cai voc dang do nhin te the nao ?,may co biet cai voc dang do nhin te the nao ?
Giao hàng như ném đá hide tay,toxic,insult,0,False,giao hàng như ném đá hide tay,giao hàng như ném đá hide tay,giao hàng như ném đá hide tay
Chặn rồi vẫn có người lách được mà,positive,useful,2,False,chặn rồi vẫn có người lách được mà,chặn rồi vẫn có người lách được mà,chặn rồi vẫn có người lách được mà
Nội dung này mình đã xem ở nơi khác rồi,negative,criticism,0,False,nội dung này mình đã xem ở nơi khác rồi,nội_dung này mình đã xem ở nơi khác rồi,nội_dung này mình đã xem ở nơi khác rồi
"Hok có gì to tát, relax nha!",neutral,reassurance,1,True,"không có gì to tát, relax nha!","không có gì to_tát , relax nha !","hok có gì to_tát , relax nha !"
Nailed it! Làm chuẩn,positive,success,2,False,nailed it! làm chuẩn,nailed it ! làm chuẩn,nailed it ! làm chuẩn
cai status nay ma may cung tu hao share len a?,toxic,insult,0,False,cai status nay ma may cung tu hao share len a?,cai status nay ma may cung tu hao share len a ?,cai status nay ma may cung tu hao share len a ?
Coi xong vẫn không rõ ý đồ,negative,criticism,0,False,coi xong vẫn không rõ ý đồ,coi xong vẫn không rõ ý_đồ,coi xong vẫn không rõ ý_đồ
Bạn có thể trả lời inbox giúp mình không?,neutral,request,1,False,bạn có thể trả lời inbox giúp mình không?,bạn có_thể trả_lời inbox giúp mình không ?,bạn có_thể trả_lời inbox giúp mình không ?
mình là người dễ ăn mà vẫn thấy chán,negative,personal\_experience,0,False,mình là người dễ ăn mà vẫn thấy chán,mình là người dễ ăn mà vẫn thấy chán,mình là người dễ ăn mà vẫn thấy chán
"lúc đầu tưởng bình thường, ai ngờ đâu",positive,unexpected,2,False,"lúc đầu tưởng bình thường, ai ngờ đâu","lúc đầu tưởng bình_thường , ai ngờ_đâu","lúc đầu tưởng bình_thường , ai ngờ_đâu"
Không tương thích với hệ điều hành,negative,complaint,0,False,không tương thích với hệ điều hành,không tương_thích với hệ điều_hành,không tương_thích với hệ điều_hành
"DM tui đi, tui rảnh lắm nè!",neutral,contact,1,True,"địt mẹ tui đi, tui rảnh lắm nè!","địt_mẹ tui đi , tui rảnh lắm nè !","dm tui đi , tui rảnh lắm nè !"
Tấm gương sáng luôn á,positive,appreciation,2,False,tấm gương sáng luôn á,tấm gương sáng luôn á,tấm gương sáng luôn á
Ai thả ông này ra mà để vô phá vậy,neutral,question,1,False,ai thả ông này ra mà để vô phá vậy,ai thả ông này ra mà để vô phá_vậy,ai thả ông này ra mà để vô phá_vậy
"Crush của tui đây, OTP luôn!",positive,shipping,2,False,"crush của tui đây, otp luôn!","crush của tui đây , otp luôn !","crush của tui đây , otp luôn !"
dm may lam cai cc j day,toxic,vulgar,0,True,địt mẹ may lam cai cc gì day,địt_mẹ may lam cai cc gì day,dm may lam cai cc j day
Chất lượng hình ảnh mờ quá,negative,criticism,0,False,chất lượng hình ảnh mờ quá,chất_lượng hình_ảnh mờ quá,chất_lượng hình_ảnh mờ quá
Không chiêu trò nhưng chất lượng thì khỏi bàn,positive,appreciation,2,False,không chiêu trò nhưng chất lượng thì khỏi bàn,không chiêu trò nhưng chất_lượng thì khỏi bàn,không chiêu trò nhưng chất_lượng thì khỏi bàn
"Nội dung này chán, cần cải thiện nhiều",negative,criticism,0,False,"nội dung này chán, cần cải thiện nhiều","nội_dung này chán , cần cải_thiện nhiều","nội_dung này chán , cần cải_thiện nhiều"
phuot thu chay chan nhieu nguoi,negative,criticism,0,True,phuot thu chay chan nhieu người,phuot thu chay chan nhieu người,phuot thu chay chan nhieu nguoi
Thật là ngu hết phần thiên hạ,toxic,insult,0,False,thật là ngu hết phần thiên hạ,thật là ngu hết phần thiên_hạ,thật là ngu hết phần thiên_hạ
Communication toxic suốt trận,toxic,insult,0,False,communication toxic suốt trận,communication toxic suốt trận,communication toxic suốt trận
ko biet noi gi ca,neutral,speechless,1,True,không biết noi gi ca,không biết noi gi ca,ko biet noi gi ca
may nghi cai mat beo do la de thuong tren fb a?,toxic,insult,0,True,may nghi cai mat beo do la de thuong tren facebook a?,may nghi cai mat beo do la de thuong tren facebook a ?,may nghi cai mat beo do la de thuong tren fb a ?
may nghi may la celeb ma cu khoe tren fb story?,toxic,insult,0,True,may nghi may la celeb ma cu khoe tren facebook story?,may nghi may la celeb ma cu khoe tren facebook story ?,may nghi may la celeb ma cu khoe tren fb story ?
friends to lovers,positive,relationship_progression,2,False,friends to lovers,friends to lovers,friends to lovers
Deoca mới thực sự là công ty Việt 🥰,positive,appreciation,2,False,deoca mới thực sự là công ty việt 🥰,deoca mới thực_sự là công_ty việt_🥰,deoca mới thực_sự là công_ty việt_🥰
Cảm thấy không đáng tiền,negative,disappointment,0,False,cảm thấy không đáng tiền,cảm_thấy không đáng tiền,cảm_thấy không đáng tiền
Bạn đã mua sản phẩm này mấy lần rồi?,neutral,question,1,False,bạn đã mua sản phẩm này mấy lần rồi?,bạn đã mua sản_phẩm này mấy lần rồi ?,bạn đã mua sản_phẩm này mấy lần rồi ?
Mới nghỉ hè hả a,neutral,question,1,True,mới nghỉ hè hả anh,mới nghỉ_hè hả anh,mới nghỉ_hè hả a
"Không đoán được luôn, hay lắm!",positive,amazement,2,False,"không đoán được luôn, hay lắm!","không đoán được luôn , hay lắm !","không đoán được luôn , hay lắm !"
"bot nhieu, nhan it",negative,criticism,0,False,"bot nhieu, nhan it","bot nhieu , nhan it","bot nhieu , nhan it"
may nghi may noi gi cung dung tren fb nay a?,toxic,insult,0,True,may nghi may noi gi cung dung tren facebook nay a?,may nghi may noi gi cung dung tren facebook nay a ?,may nghi may noi gi cung dung tren fb nay a ?
"Plot twist đỉnh, bất ngờ vãi!",positive,surprise,2,False,"plot twist đỉnh, bất ngờ vãi!","plot twist đỉnh , bất_ngờ vãi !","plot twist đỉnh , bất_ngờ vãi !"
mấy bạn nhỏ giờ xịn ghê ha,positive,compliment,2,False,mấy bạn nhỏ giờ xịn ghê ha,mấy bạn nhỏ giờ xịn ghê ha,mấy bạn nhỏ giờ xịn ghê ha
"Láo thật, biến đi cho rồi!",toxic,aggressive,0,False,"láo thật, biến đi cho rồi!","láo thật , biến đi cho rồi !","láo thật , biến đi cho rồi !"
Ăn cơm quê mà giá như mua vé máy bay 😭,negative,sarcasm,0,False,ăn cơm quê mà giá như mua vé máy bay 😭,ăn cơm quê mà giá_như mua vé máy_bay 😭,ăn cơm quê mà giá_như mua vé máy_bay 😭
Coi xong thấy phí thời gian,negative,disappointment,0,False,coi xong thấy phí thời gian,coi xong thấy phí thời_gian,coi xong thấy phí thời_gian
muốn sống bình yên mà cap không cho phép,positive,drama,2,False,muốn sống bình yên mà cap không cho phép,muốn sống bình_yên mà cap không cho phép,muốn sống bình_yên mà cap không cho phép
Ước gì mày biến mất,toxic,hate,0,False,ước gì mày biến mất,ước gì mày biến mất,ước gì mày biến mất
Ate and left no crumbs,positive,perfect_performance,2,False,ate and left no crumbs,ate and left no crumbs,ate and left no crumbs
ko cam xuc,negative,disappointment,0,True,không cam xuc,không cam xuc,ko cam xuc
Giọng Nobita\:Miền Bắc\nGiọng Đặng Khuyết\:Miền Nam,neutral,observation,1,False,giọng nobita\:miền bắc\ngiọng đặng khuyết\:miền nam,giọng nobita \ : miền bắc \ ngiọng đặng khuyết \ : miền nam,giọng nobita \ : miền bắc \ ngiọng đặng khuyết \ : miền nam
Có cần phải giả tạo vậy không?,toxic,insult,0,False,có cần phải giả tạo vậy không?,có cần phải giả_tạo vậy không ?,có cần phải giả_tạo vậy không ?
Xem mà mát lòng mát dạ ghê,positive,appreciation,2,False,xem mà mát lòng mát dạ ghê,xem mà mát_lòng mát_dạ ghê,xem mà mát_lòng mát_dạ ghê
"Cần thêm info, giải thích thêm nha!",neutral,request,1,False,"cần thêm info, giải thích thêm nha!","cần thêm info , giải_thích thêm nha !","cần thêm info , giải_thích thêm nha !"
Ai biết mai có mát thế này nữa ko?,neutral,question,1,False,ai biết mai có mát thế này nữa ko?,ai biết mai có mát thế này nữa ko ?,ai biết mai có mát thế này nữa ko ?
Không có gì đặc biệt để lại ấn tượng,negative,disappointment,0,False,không có gì đặc biệt để lại ấn tượng,không có gì đặc_biệt để lại ấn_tượng,không có gì đặc_biệt để lại ấn_tượng
arm candy,negative,attractive_accessory_person,0,False,arm candy,arm candy,arm candy
"Âm thanh rè, nghe không rõ",negative,disappointment,0,False,"âm thanh rè, nghe không rõ","âm_thanh rè , nghe không rõ","âm_thanh rè , nghe không rõ"
Post ảnh humble mà bragging constantly,toxic,insult,0,False,post ảnh humble mà bragging constantly,post ảnh humble mà bragging constantly,post ảnh humble mà bragging constantly
Ảnh group photo mà chỉ tag mình,toxic,insult,0,False,ảnh group photo mà chỉ tag mình,ảnh group photo mà chỉ tag mình,ảnh group photo mà chỉ tag mình
ăn xong chỉ muốn viết review chê,negative,intent,0,False,ăn xong chỉ muốn viết review chê,ăn xong chỉ muốn viết review chê,ăn xong chỉ muốn viết review chê
Hidden detail! Tinh tế lắm,positive,attention_to_detail,2,False,hidden detail! tinh tế lắm,hidden detail ! tinh_tế lắm,hidden detail ! tinh_tế lắm
sao may dam mac do bo voi cai mat map do len fb?,toxic,insult,0,False,sao may dam mac do bo voi cai mat map do len fb?,sao may dam mac do bo voi cai mat map do len fb ?,sao may dam mac do bo voi cai mat map do len fb ?
Thấy bạn nói thôi đã muốn nôn rồi,toxic,insult,0,False,thấy bạn nói thôi đã muốn nôn rồi,thấy bạn nói thôi đã muốn nôn rồi,thấy bạn nói thôi đã muốn nôn rồi
cai mat may nhin map the ma cung dam post story?,toxic,insult,0,False,cai mat may nhin map the ma cung dam post story?,cai mat may nhin map the ma cung dam post story ?,cai mat may nhin map the ma cung dam post story ?
clip dai va chang co gi ca,negative,criticism,0,False,clip dai va chang co gi ca,clip dai va chang co gi ca,clip dai va chang co gi ca
nhin nhu mon han quoc phai khong?,neutral,question,1,False,nhin nhu mon han quoc phai khong?,nhin nhu mon han quoc phai khong ?,nhin nhu mon han quoc phai khong ?
Mọi người share stk anh này nha,neutral,question,1,True,mọi người share số tài khoản anh này nha,mọi người share số tài_khoản anh này nha,mọi người share stk anh này nha
t k dong y voi quan diem nay,negative,disagreement,0,True,t không dong y voi quan diem nay,t không dong y voi quan diem nay,t_k dong y voi quan diem nay
Photoshop nhiều quá mất hẳn gương mặt,toxic,insult,0,False,photoshop nhiều quá mất hẳn gương mặt,photoshop nhiều quá mất hẳn gương_mặt,photoshop nhiều quá mất hẳn gương_mặt
"Chất quá, bạn là số 1!",positive,compliment,2,False,"chất quá, bạn là số 1!","chất quá , bạn là số 1 !","chất quá , bạn là số 1 !"
quán làm màu quá trời,negative,teasing,0,False,quán làm màu quá trời,quán làm màu quá trời,quán làm màu quá trời
Thích gây chuyện rồi giả vờ bị hại,toxic,insult,0,False,thích gây chuyện rồi giả vờ bị hại,thích gây_chuyện rồi giả_vờ bị hại,thích gây_chuyện rồi giả_vờ bị hại
Không nghĩ clip lại mang năng lượng tích cực vậy,positive,appreciation,2,False,không nghĩ clip lại mang năng lượng tích cực vậy,không nghĩ clip lại mang năng_lượng tích_cực_vậy,không nghĩ clip lại mang năng_lượng tích_cực_vậy
"16 tỏi cho bà kia mà ko giúp người này, tức vl",negative,anger,0,True,"16 tỏi cho bà kia mà không giúp người này, tức vãi lồn","16 tỏi cho bà kia mà không giúp người này , tức vãi lồn","16 tỏi cho bà kia mà ko giúp người này , tức vl"
Bạn nhận xét về âm thanh đi,neutral,request,1,False,bạn nhận xét về âm thanh đi,bạn nhận_xét về âm_thanh đi,bạn nhận_xét về âm_thanh đi
Cho xin stk anh này với ạ,neutral,question,1,True,cho xin số tài khoản anh này với ạ,cho xin số tài_khoản anh này với ạ,cho xin stk anh này với ạ
"Đẻ lắm để giờ khổ, haiz",toxic,sarcasm,0,False,"đẻ lắm để giờ khổ, haiz","đẻ lắm để giờ khổ , haiz","đẻ lắm để giờ khổ , haiz"
Epic! Hoành tráng,positive,epic,2,False,epic! hoành tráng,epic ! hoành_tráng,epic ! hoành_tráng
"Đùi to như cái cột nhà, ngại chưa",toxic,bodyshaming,0,False,"đùi to như cái cột nhà, ngại chưa","đùi to như cái cột nhà , ngại chưa","đùi to như cái cột nhà , ngại chưa"
t cam thay hoi that vong,negative,disappointment,0,False,t cam thay hoi that vong,t cam thay hoi that vong,t cam thay hoi that vong
Chỉnh sửa hiệu ứng chưa tốt,negative,criticism,0,False,chỉnh sửa hiệu ứng chưa tốt,chỉnh_sửa hiệu_ứng chưa tốt,chỉnh_sửa hiệu_ứng chưa tốt
Chán chẳng buồn bình luận,toxic,insult,0,False,chán chẳng buồn bình luận,chán chẳng buồn bình_luận,chán chẳng buồn bình_luận
style này nhìn hoài không chán,positive,compliment,2,False,style này nhìn hoài không chán,style này nhìn hoài không chán,style này nhìn hoài không chán
Giải thích thêm được không?,neutral,question,1,False,giải thích thêm được không?,giải_thích thêm được không ?,giải_thích thêm được không ?
Tui mê phong cách của bạn ghê,positive,appreciation,2,False,tui mê phong cách của bạn ghê,tui mê phong_cách của bạn ghê,tui mê phong_cách của bạn ghê
Bạn thấy sản phẩm dễ bảo trì không?,neutral,question,1,False,bạn thấy sản phẩm dễ bảo trì không?,bạn thấy sản_phẩm dễ bảo_trì không ?,bạn thấy sản_phẩm dễ bảo_trì không ?
may co biet cai eo map do nhin ghe the nao?,toxic,insult,0,True,may co biết cai eo map do nhin ghe the nao?,may co biết cai eo map do nhin ghe the nao ?,may co biet cai eo map do nhin ghe the nao ?
Post ảnh healthy lifestyle mà sống không healthy,toxic,insult,0,False,post ảnh healthy lifestyle mà sống không healthy,post ảnh healthy lifestyle mà sống không healthy,post ảnh healthy lifestyle mà sống không healthy
sao may dam khoe cai body te hai do tren fb?,toxic,insult,0,False,sao may dam khoe cai body te hai do tren fb?,sao may dam khoe cai body te hai do tren fb ?,sao may dam khoe cai body te hai do tren fb ?
Đèo Cả ngày càng chiếm được lòng tin người dân,positive,appreciation,2,False,đèo cả ngày càng chiếm được lòng tin người dân,đèo cả ngày_càng chiếm được lòng tin người dân,đèo cả ngày_càng chiếm được lòng tin người dân
"Nhạc nền chill, nghe sướng tai!",positive,appreciation,2,False,"nhạc nền chill, nghe sướng tai!","nhạc nền chill , nghe sướng tai !","nhạc nền chill , nghe sướng tai !"
tự nhiên thấy bản thân như trong video,positive,relatable,2,False,tự nhiên thấy bản thân như trong video,tự_nhiên thấy bản_thân như trong video,tự_nhiên thấy bản_thân như trong video
Không thích hiệu ứng này lắm,negative,criticism,0,False,không thích hiệu ứng này lắm,không thích hiệu_ứng này lắm,không thích hiệu_ứng này lắm
Video review không khách quan,negative,criticism,0,False,video review không khách quan,video review không khách_quan,video review không khách_quan
Không rõ thông tin sản phẩm,negative,criticism,0,False,không rõ thông tin sản phẩm,không rõ thông_tin sản_phẩm,không rõ thông_tin sản_phẩm
tui cần đoạn slow motion ánh mắt đó,positive,detail,2,False,tui cần đoạn slow motion ánh mắt đó,tui cần đoạn slow motion ánh mắt đó,tui cần đoạn slow motion ánh mắt đó
Có cần cập nhật phần mềm thường xuyên không?,neutral,question,1,False,có cần cập nhật phần mềm thường xuyên không?,có cần cập_nhật phần_mềm thường_xuyên không ?,có cần cập_nhật phần_mềm thường_xuyên không ?
Aperture bao nhiêu?,neutral,technical,1,False,aperture bao nhiêu?,aperture bao_nhiêu ?,aperture bao_nhiêu ?
trời ơi dễ thương muốn xỉu,positive,admiration,2,False,trời ơi dễ thương muốn xỉu,trời ơi dễ_thương muốn xỉu,trời ơi dễ_thương muốn xỉu
Nhân viên thái độ cực kỳ tệ,toxic,insult,0,False,nhân viên thái độ cực kỳ tệ,nhân_viên thái_độ cực_kỳ tệ,nhân_viên thái_độ cực_kỳ tệ
"Ngáo đá xong kêu tâm thần, quen thuộc ghê",negative,sarcasm,0,False,"ngáo đá xong kêu tâm thần, quen thuộc ghê","ngáo đá xong kêu tâm_thần , quen_thuộc ghê","ngáo đá xong kêu tâm_thần , quen_thuộc ghê"
cười như nắng mai vậy đó,positive,compliment,2,False,cười như nắng mai vậy đó,cười như nắng mai vậy đó,cười như nắng mai vậy đó
"mỗi người một quê hương, một giọng nói, đều quý",positive,celebration,2,False,"mỗi người một quê hương, một giọng nói, đều quý","mỗi người một quê_hương , một giọng nói , đều quý","mỗi người một quê_hương , một giọng nói , đều quý"
ăn xong ra quán khác ăn tiếp mới đủ,negative,satire,0,False,ăn xong ra quán khác ăn tiếp mới đủ,ăn xong ra quán khác ăn tiếp mới đủ,ăn xong ra quán khác ăn tiếp mới đủ
đẹp trai vậy chắc người ta tới xem nhiều hơn khám,positive,sarcastic,2,False,đẹp trai vậy chắc người ta tới xem nhiều hơn khám,đẹp_trai vậy chắc người_ta tới xem nhiều hơn khám,đẹp_trai vậy chắc người_ta tới xem nhiều hơn khám
Bạn có thể giải thích giúp mình không?,neutral,request,1,False,bạn có thể giải thích giúp mình không?,bạn có_thể giải_thích giúp mình không ?,bạn có_thể giải_thích giúp mình không ?
Không có gì đáng chú ý,negative,criticism,0,False,không có gì đáng chú ý,không có gì đáng chú_ý,không có gì đáng chú_ý
ổng này ở dalai chứ không phải ấn độ😂,neutral,correction,1,False,ổng này ở dalai chứ không phải ấn độ😂,ổng này ở dalai chứ không phải ấn độ 😂,ổng này ở dalai chứ không phải ấn độ 😂
Ai xài Telegram đều biết chuyện đó rồi,positive,appreciation,2,False,ai xài telegram đều biết chuyện đó rồi,ai xài telegram đều biết chuyện đó rồi,ai xài telegram đều biết chuyện đó rồi
Không hài lòng với cách điều hành game,negative,complaint,0,False,không hài lòng với cách điều hành game,không hài_lòng với cách điều_hành game,không hài_lòng với cách điều_hành game
thời buổi gì mà ai cũng rình mò được nhau vậy,positive,appreciation,2,False,thời buổi gì mà ai cũng rình mò được nhau vậy,thời_buổi gì mà ai cũng rình_mò được nhau_vậy,thời_buổi gì mà ai cũng rình_mò được nhau_vậy
Chỉ biết drama với streamer khác,toxic,insult,0,False,chỉ biết drama với streamer khác,chỉ biết drama với streamer khác,chỉ biết drama với streamer khác
Nhận hàng như bị ăn cú lừa,toxic,insult,0,False,nhận hàng như bị ăn cú lừa,nhận hàng như bị ăn cú lừa,nhận hàng như bị ăn cú lừa
Xem 10 lần cũng chỉ có thế này thôi à,negative,criticism,0,False,xem 10 lần cũng chỉ có thế này thôi à,xem 10 lần cũng chỉ có thế này thôi à,xem 10 lần cũng chỉ có thế này thôi à
nơi dạy cho mình biết quý trọng thời gian,positive,useful,2,False,nơi dạy cho mình biết quý trọng thời gian,nơi dạy cho mình biết quý_trọng thời_gian,nơi dạy cho mình biết quý_trọng thời_gian
Chúc mừng năm mới! Năm mới an khang thịnh vượng,positive,celebration,2,False,chúc mừng năm mới! năm mới an khang thịnh vượng,chúc_mừng năm mới ! năm mới an_khang thịnh_vượng,chúc_mừng năm mới ! năm mới an_khang thịnh_vượng
do an trong clip la gi vay ca nha?,neutral,question,1,False,do an trong clip la gi vay ca nha?,do an trong clip la gi vay ca nha ?,do an trong clip la gi vay ca nha ?
chay xe nhu dua tren duong pho,negative,criticism,0,False,chay xe nhu dua tren duong pho,chay xe nhu dua tren duong pho,chay xe nhu dua tren duong pho
cai cach may viet status nhin la biet khong hoc!,toxic,insult,0,True,cai cach may viet status nhin la biết khong hoc!,cai cach may viet status nhin la biết khong hoc !,cai cach may viet status nhin la biet khong hoc !
"Setup đỉnh thế, share đi bạn!",neutral,request,1,False,"setup đỉnh thế, share đi bạn!","setup đỉnh thế , share đi bạn !","setup đỉnh thế , share đi bạn !"
Giải thích thêm chút đi bạn ơi,neutral,question,1,False,giải thích thêm chút đi bạn ơi,giải_thích thêm chút đi bạn ơi,giải_thích thêm chút đi bạn ơi
mình học lớp không ai nói chuyện luôn,neutral,contrast,1,False,mình học lớp không ai nói chuyện luôn,mình học lớp không ai nói_chuyện luôn,mình học lớp không ai nói_chuyện luôn
Đi đúng hướng là thấy liền kết quả,positive,appreciation,2,False,đi đúng hướng là thấy liền kết quả,đi đúng hướng là thấy liền kết_quả,đi đúng hướng là thấy liền kết_quả
Đặt mua online như đánh bạc,toxic,insult,0,False,đặt mua online như đánh bạc,đặt mua online như đánh_bạc,đặt mua online như đánh_bạc
Mental weak không chịu được pressure,toxic,insult,0,False,mental weak không chịu được pressure,mental weak không chịu được pressure,mental weak không chịu được pressure
Cái loại gây ô nhiễm không gian mạng,toxic,insult,0,False,cái loại gây ô nhiễm không gian mạng,cái loại gây ô_nhiễm không_gian mạng,cái loại gây ô_nhiễm không_gian mạng
Sản phẩm không đúng màu đặt,negative,complaint,0,False,sản phẩm không đúng màu đặt,sản_phẩm không đúng màu đặt,sản_phẩm không đúng màu đặt
Mát mẻ thế này đi ăn lẩu là chuẩn,positive,neutral,2,False,mát mẻ thế này đi ăn lẩu là chuẩn,mát_mẻ thế này đi ăn lẩu là chuẩn,mát_mẻ thế này đi ăn lẩu là chuẩn
"quan dong nghet, khong sach",negative,criticism,0,False,"quan dong nghet, khong sach","quan dong nghet , khong sach","quan dong nghet , khong sach"
"Video hơi ngắn, chưa truyền tải đủ",negative,criticism,0,False,"video hơi ngắn, chưa truyền tải đủ","video hơi ngắn , chưa truyền_tải đủ","video hơi ngắn , chưa truyền_tải đủ"
sao may khong nhin lai cach an mac cua minh?,toxic,insult,0,False,sao may khong nhin lai cach an mac cua minh?,sao may khong nhin lai cach an mac cua minh ?,sao may khong nhin lai cach an mac cua minh ?
ok luon,neutral,okay_strong,1,False,ok luon,ok luon,ok luon
"Nói thì hay, làm thì như hạch",toxic,insult,0,False,"nói thì hay, làm thì như hạch","nói thì hay , làm thì như hạch","nói thì hay , làm thì như hạch"
Bạn đã nhận hàng chưa?,neutral,question,1,False,bạn đã nhận hàng chưa?,bạn đã nhận hàng chưa ?,bạn đã nhận hàng chưa ?
Mua về mà không dùng được,negative,disappointment,0,False,mua về mà không dùng được,mua về mà không dùng được,mua về mà không dùng được
"OK, tui hiểu rồi",neutral,acknowledgment,1,False,"ok, tui hiểu rồi","ok , tui hiểu rồi","ok , tui hiểu rồi"
Streamer chỉ biết flex gear expensive,toxic,insult,0,False,streamer chỉ biết flex gear expensive,streamer chỉ biết flex gear expensive,streamer chỉ biết flex gear expensive
quan an hoi hoi,negative,criticism,0,False,quan an hoi hoi,quan_an hoi hoi,quan_an hoi hoi
diễn sâu như biển đông luôn á,positive,drama,2,False,diễn sâu như biển đông luôn á,diễn sâu như biển đông luôn á,diễn sâu như biển đông luôn á
chất lượng không xứng đáng với giá tiền,negative,evaluation,0,False,chất lượng không xứng đáng với giá tiền,chất_lượng không xứng_đáng với giá tiền,chất_lượng không xứng_đáng với giá tiền
Can't look away,positive,captivating,2,False,can't look away,can ' t look away,can ' t look away
dùng app ngân hàng nhớ log out liền,positive,useful,2,False,dùng app ngân hàng nhớ log out liền,dùng app ngân_hàng nhớ log out liền,dùng app ngân_hàng nhớ log out liền
gây mê bằng body chứ không cần kim tiêm,positive,playful,2,False,gây mê bằng body chứ không cần kim tiêm,gây_mê bằng body chứ không cần kim_tiêm,gây_mê bằng body chứ không cần kim_tiêm
"Ngáo đá chứ tâm thần gì, nhìn cái mặt là biết liền",toxic,insult,0,False,"ngáo đá chứ tâm thần gì, nhìn cái mặt là biết liền","ngáo đá chứ tâm_thần gì , nhìn cái mặt là biết liền","ngáo đá chứ tâm_thần gì , nhìn cái mặt là biết liền"
cái mặt nói lên tất cả,neutral,expression,1,False,cái mặt nói lên tất cả,cái mặt nói lên tất_cả,cái mặt nói lên tất_cả
sao giống chuyện của mình ghê vậy nè,positive,relatable,2,False,sao giống chuyện của mình ghê vậy nè,sao giống chuyện của mình ghê_vậy nè,sao giống chuyện của mình ghê_vậy nè
"Tâm thần thì nhốt lại, thả ra nguy hiểm",neutral,suggestion,1,False,"tâm thần thì nhốt lại, thả ra nguy hiểm","tâm_thần thì nhốt lại , thả ra nguy_hiểm","tâm_thần thì nhốt lại , thả ra nguy_hiểm"
"e dân bắc ninh nghe cái câu kia cũng sợ,dân BN đông mà",positive,regional,2,True,"em dân bắc ninh nghe cái câu kia cũng sợ,dân bạn đông mà","em dân bắc ninh nghe cái câu kia cũng sợ , dân bạn đông mà","e dân bắc ninh nghe cái câu kia cũng sợ , dân bn đông mà"
cái bàn học này để check in là chính,positive,joke,2,False,cái bàn học này để check in là chính,cái bàn học này để check in là chính,cái bàn học này để check in là chính
"Cảm ơn bạn đã chia sẻ, hữu ích lắm!",positive,gratitude,2,False,"cảm ơn bạn đã chia sẻ, hữu ích lắm!","cảm_ơn bạn đã chia_sẻ , hữu_ích lắm !","cảm_ơn bạn đã chia_sẻ , hữu_ích lắm !"
Đừng để người khác mượn đt nha mọi người,positive,useful,2,True,đừng để người khác mượn điện thoại nha mọi người,đừng để người khác mượn điện_thoại nha mọi người,đừng để người khác mượn đt nha mọi người
"tôi đến từ một nơi bị đùa rất nhiều, không vui chút nào",negative,hurtful,0,False,"tôi đến từ một nơi bị đùa rất nhiều, không vui chút nào","tôi đến từ một nơi bị đùa rất nhiều , không vui chút nào","tôi đến từ một nơi bị đùa rất nhiều , không vui chút nào"
"Tin vịt, Telegram nổi tiếng là trang mxh ko thể kiểm soát",positive,appreciation,2,True,"tin vịt, telegram nổi tiếng là trang mxh không thể kiểm soát","tin_vịt , telegram nổi_tiếng là trang mxh không_thể kiểm_soát","tin_vịt , telegram nổi_tiếng là trang mxh ko thể kiểm_soát"
bruh moment,negative,disappointment,0,False,bruh moment,bruh moment,bruh moment
Xã hội mới có quán cơm giá cổng trời thế này 🥺,negative,sarcasm,0,False,xã hội mới có quán cơm giá cổng trời thế này 🥺,xã_hội mới có quán cơm giá cổng trời thế này 🥺,xã_hội mới có quán cơm giá cổng trời thế này 🥺
"Ai dẫn ông này vô được vậy, lạ quá",neutral,question,1,False,"ai dẫn ông này vô được vậy, lạ quá","ai dẫn ông này vô được vậy , lạ quá","ai dẫn ông này vô được vậy , lạ quá"
Quan điểm này mình hoàn toàn đồng tình,positive,agreement,2,False,quan điểm này mình hoàn toàn đồng tình,quan_điểm này mình hoàn_toàn đồng_tình,quan_điểm này mình hoàn_toàn đồng_tình
"Đã nghèo còn tật, sinh con ra làm gì trời",toxic,insult,0,False,"đã nghèo còn tật, sinh con ra làm gì trời","đã nghèo còn tật , sinh con ra làm gì trời","đã nghèo còn tật , sinh con ra làm gì trời"
Cứ tưởng mình là cái rốn của vũ trụ,toxic,insult,0,False,cứ tưởng mình là cái rốn của vũ trụ,cứ tưởng mình là cái_rốn của vũ_trụ,cứ tưởng mình là cái_rốn của vũ_trụ
Nhạc nền này là bài gì vậy?,neutral,question,1,False,nhạc nền này là bài gì vậy?,nhạc nền này là bài gì vậy ?,nhạc nền này là bài gì vậy ?
sao may khong biet xau ho khi khoe tren fb?,toxic,insult,0,True,sao may khong biết xau ho khi khoe tren fb?,sao may khong biết xau ho khi khoe tren fb ?,sao may khong biet xau ho khi khoe tren fb ?
"Chúc năm mới vui vẻ, phát tài phát lộc!",positive,celebration,2,False,"chúc năm mới vui vẻ, phát tài phát lộc!","chúc năm mới vui_vẻ , phát_tài phát lộc !","chúc năm mới vui_vẻ , phát_tài phát lộc !"
Chơi game mà toxic với đồng đội,toxic,insult,0,False,chơi game mà toxic với đồng đội,chơi game mà toxic với đồng_đội,chơi game mà toxic với đồng_đội
cai bung may mo the ma cung dam post anh a?,toxic,insult,0,False,cai bung may mo the ma cung dam post anh a?,cai bung may mo the ma cung dam post anh a ?,cai bung may mo the ma cung dam post anh a ?
Làm clip chỉ để câu donate à?,toxic,insult,0,False,làm clip chỉ để câu donate à?,làm clip chỉ để câu donate à ?,làm clip chỉ để câu donate à ?
Shop chỉ quan tâm tiền bạc thôi,toxic,insult,0,False,shop chỉ quan tâm tiền bạc thôi,shop chỉ quan_tâm tiền_bạc thôi,shop chỉ quan_tâm tiền_bạc thôi
"Hài vãi, làm thêm clip như này đi!",positive,humor,2,False,"hài vãi, làm thêm clip như này đi!","hài vãi , làm thêm clip như này đi !","hài vãi , làm thêm clip như này đi !"
nếu clip này có phần 2 chắc hay lắm,positive,anticipation,2,False,nếu clip này có phần 2 chắc hay lắm,nếu clip này có phần 2 chắc hay lắm,nếu clip này có phần 2 chắc hay lắm
Nhìn mặt dốt chưa từng thấy,toxic,insult,0,False,nhìn mặt dốt chưa từng thấy,nhìn mặt dốt chưa từng thấy,nhìn mặt dốt chưa từng thấy
nếu là phim ngắn chắc cũng đoạt giải,positive,award\_worthy,2,False,nếu là phim ngắn chắc cũng đoạt giải,nếu là phim ngắn chắc cũng đoạt giải,nếu là phim ngắn chắc cũng đoạt giải
Tôi hiểu rồi,neutral,understanding,1,False,tôi hiểu rồi,tôi hiểu rồi,tôi hiểu rồi
Mày có bệnh à?,toxic,offensive,0,False,mày có bệnh à?,mày có bệnh à ?,mày có bệnh à ?
Out of the box thinking,positive,innovative,2,False,out of the box thinking,out of the box thinking,out of the box thinking
Draft pick như troll team,toxic,insult,0,False,draft pick như troll team,draft pick như troll team,draft pick như troll team
"quang cao hoai, chan vl",negative,annoyance,0,True,"quang cao hoai, chan vãi lồn","quang cao hoai , chan vãi lồn","quang cao hoai , chan vl"
Nghe như đang đóng vai thánh nhân,toxic,insult,0,False,nghe như đang đóng vai thánh nhân,nghe như đang đóng vai thánh_nhân,nghe như đang đóng vai thánh_nhân
"Hok có gì hot, bt thui!",negative,mediocre,0,True,"không có gì hot, bt thui!","không có gì hot , bt thui !","hok có gì hot , bt thui !"
cai body do ma may cung tu tin livestream a?,toxic,insult,0,False,cai body do ma may cung tu tin livestream a?,cai body do ma may cung tu tin livestream a ?,cai body do ma may cung tu tin livestream a ?
Làm màu quen rồi nên diễn cũng trơn tru,toxic,insult,0,False,làm màu quen rồi nên diễn cũng trơn tru,làm màu quen rồi nên diễn cũng trơn_tru,làm màu quen rồi nên diễn cũng trơn_tru
"Hơi khó hiểu, bạn giải thích thêm nha",negative,confusion,0,False,"hơi khó hiểu, bạn giải thích thêm nha","hơi khó hiểu , bạn giải_thích thêm nha","hơi khó hiểu , bạn giải_thích thêm nha"
Pick me girl,toxic,teasing,0,False,pick me girl,pick me girl,pick me girl
T single mà coi nì buồn vcl!,negative,loneliness,0,False,t single mà coi nì buồn vcl!,t single mà coi nì buồn vcl !,t single mà coi nì buồn vcl !
Stream mà constantly begging for subs,toxic,insult,0,False,stream mà constantly begging for subs,stream mà constantly begging for subs,stream mà constantly begging for subs
Chất lượng hình ảnh mờ quá,negative,criticism,0,False,chất lượng hình ảnh mờ quá,chất_lượng hình_ảnh mờ quá,chất_lượng hình_ảnh mờ quá
"Sản phẩm hết hàng, không báo trước",negative,complaint,0,False,"sản phẩm hết hàng, không báo trước","sản_phẩm hết hàng , không báo trước","sản_phẩm hết hàng , không báo trước"
mỗi lần nghe nhạc quân đội là xúc động liền,positive,appreciation,2,False,mỗi lần nghe nhạc quân đội là xúc động liền,mỗi lần nghe nhạc quân_đội là xúc_động liền,mỗi lần nghe nhạc quân_đội là xúc_động liền
"Love is in the air, except for me",negative,loneliness,0,False,"love is in the air, except for me","love is in the air , except for me","love is in the air , except for me"
Comment toxic về weight của người khác,toxic,insult,0,False,comment toxic về weight của người khác,comment toxic về weight của người khác,comment toxic về weight của người khác
Xem xong muốn lướt qua luôn,negative,disappointment,0,False,xem xong muốn lướt qua luôn,xem xong muốn lướt qua luôn,xem xong muốn lướt qua luôn
bạn tôi gửi clip này và bảo tôi nên xem,neutral,indirect,1,False,bạn tôi gửi clip này và bảo tôi nên xem,bạn tôi gửi clip này và bảo tôi nên xem,bạn tôi gửi clip này và bảo tôi nên xem
before and after,neutral,transformation,1,False,before and after,before and after,before and after
e-girl,positive,alternative_online,2,False,e-girl,e - girl,e - girl
"Hài vl, chắc nghĩ mình là vua nên phá ngai",neutral,humor,1,False,"hài vl, chắc nghĩ mình là vua nên phá ngai","hài vl , chắc nghĩ mình là vua nên phá ngai","hài vl , chắc nghĩ mình là vua nên phá ngai"
Good things take time,positive,patience,2,False,good things take time,good things take time,good things take time
Chỉ là chia sẻ thôi,neutral,statement,1,False,chỉ là chia sẻ thôi,chỉ là chia_sẻ thôi,chỉ là chia_sẻ thôi
Không biết nhục là gì,toxic,insult,0,False,không biết nhục là gì,không biết nhục là gì,không biết nhục là gì
Nghe nhức cả đầu,toxic,insult,0,False,nghe nhức cả đầu,nghe nhức cả đầu,nghe nhức cả đầu
dựng đơn giản mà hiệu quả cực kỳ,positive,craft,2,False,dựng đơn giản mà hiệu quả cực kỳ,dựng đơn_giản mà hiệu_quả cực_kỳ,dựng đơn_giản mà hiệu_quả cực_kỳ
"Content ngau xĩu, t mê luôn á!",positive,admiration,2,False,"content ngau xĩu, t mê luôn á!","content ngau xĩu , t mê luôn á !","content ngau xĩu , t mê luôn á !"
Ai thả ông này ra mà để vô phá vậy,neutral,question,1,False,ai thả ông này ra mà để vô phá vậy,ai thả ông này ra mà để vô phá_vậy,ai thả ông này ra mà để vô phá_vậy
Bán hàng kiểu này sớm phá sản thôi,toxic,insult,0,False,bán hàng kiểu này sớm phá sản thôi,bán hàng kiểu này sớm phá_sản thôi,bán hàng kiểu này sớm phá_sản thôi
Không hài lòng với lần mua này,negative,disappointment,0,False,không hài lòng với lần mua này,không hài_lòng với lần mua này,không hài_lòng với lần mua này
diễn mà như không diễn,positive,natural,2,False,diễn mà như không diễn,diễn mà như_không diễn,diễn mà như_không diễn
ăn để sống chứ đừng sống để ăn trứng 110k,negative,criticism,0,False,ăn để sống chứ đừng sống để ăn trứng 110k,ăn để sống chứ đừng sống để ăn trứng 110k,ăn để sống chứ đừng sống để ăn trứng 110k
"Nhìn clip mà xót, ai giúp được thì giúp",positive,neutral,2,False,"nhìn clip mà xót, ai giúp được thì giúp","nhìn clip mà xót , ai giúp được thì giúp","nhìn clip mà xót , ai giúp được thì giúp"
golden maknae,positive,talented_youngest,2,False,golden maknae,golden maknae,golden maknae
"Xạo qué, đừng post tin fake nha!",negative,warning,0,False,"xạo qué, đừng post tin fake nha!","xạo qué , đừng post tin fake nha !","xạo qué , đừng post tin fake nha !"
từ clip mà ra đủ meme,positive,versatile,2,False,từ clip mà ra đủ meme,từ clip mà ra đủ meme,từ clip mà ra đủ meme
phải công nhận là nhìn hấp dẫn thiệt,positive,compliment,2,False,phải công nhận là nhìn hấp dẫn thiệt,phải công_nhận là nhìn hấp_dẫn thiệt,phải công_nhận là nhìn hấp_dẫn thiệt
Quá tuyệt vời! Tôi sẽ chia sẻ cho bạn bè,positive,excitement,2,False,quá tuyệt vời! tôi sẽ chia sẻ cho bạn bè,quá tuyệt_vời ! tôi sẽ chia_sẻ cho bạn_bè,quá tuyệt_vời ! tôi sẽ chia_sẻ cho bạn_bè
may co biet cai anh do nhin xau xi the nao khong?,toxic,insult,0,True,may co biết cai anh do nhin xau xi the nao khong?,may co biết cai anh do nhin xau xi the nao khong ?,may co biet cai anh do nhin xau xi the nao khong ?
video nay co sub khong ban?,neutral,question,1,True,video nay co đăng ký khong ban?,video nay co đăng_ký khong ban ?,video nay co sub khong ban ?
"Clip quá ngắn, chưa cảm nhận được gì",negative,criticism,0,False,"clip quá ngắn, chưa cảm nhận được gì","clip quá ngắn , chưa cảm_nhận được gì","clip quá ngắn , chưa cảm_nhận được gì"
"Dm, lừa đảo hả? Đừng tin nha!",toxic,warning,0,False,"dm, lừa đảo hả? đừng tin nha!","dm , lừa_đảo hả ? đừng tin nha !","dm , lừa_đảo hả ? đừng tin nha !"
Forever alone club,negative,loneliness,0,False,forever alone club,forever alone club,forever alone club
Làm clip hơi lười biếng,negative,criticism,0,False,làm clip hơi lười biếng,làm clip hơi lười_biếng,làm clip hơi lười_biếng
Demolished the competition,positive,victory,2,False,demolished the competition,demolished the_competition,demolished the_competition
"clip ngan wa, chua kip hieu",negative,criticism,0,False,"clip ngan wa, chua kip hieu","clip ngan wa , chua kip hieu","clip ngan wa , chua kip hieu"
"Hài vãi, làm thêm clip hài đi bạn!",positive,humor,2,False,"hài vãi, làm thêm clip hài đi bạn!","hài vãi , làm thêm clip hài đi bạn !","hài vãi , làm thêm clip hài đi bạn !"
Hệ thống cập nhật game quá chậm,negative,complaint,0,False,hệ thống cập nhật game quá chậm,hệ_thống cập_nhật game quá chậm,hệ_thống cập_nhật game quá chậm
sao may cu thich di drama tren fb the?,toxic,insult,0,True,sao may cu thích di drama tren facebook the?,sao may cu thích di_drama tren facebook the ?,sao may cu thich di_drama tren fb the ?
ISO mấy vậy bạn?,neutral,technical,1,False,iso mấy vậy bạn?,iso mấy vậy bạn ?,iso mấy vậy bạn ?
Single pringle ở đây!,neutral,single_status,1,False,single pringle ở đây!,single pringle ở đây !,single pringle ở đây !
may nghi khoe cai bung mo do la dep lam a?,toxic,insult,0,False,may nghi khoe cai bung mo do la dep lam a?,may nghi khoe cai bung mo do la dep lam a ?,may nghi khoe cai bung mo do la dep lam a ?
bình luận này làm mình thấy không thoải mái,negative,discomfort,0,False,bình luận này làm mình thấy không thoải mái,bình_luận này làm mình thấy không thoải_mái,bình_luận này làm mình thấy không thoải_mái
ưu điểm: 2 người đã có Ny rồi\nnhược điểm: 2 người đều có Ny,positive,humor,2,True,ưu điểm: 2 người đã có người yêu rồi\nnhược điểm: 2 người đều có người yêu,ưu_điểm : 2 người đã có người_yêu rồi \ nnhược điểm : 2 người đều có người_yêu,ưu_điểm : 2 người đã có ny rồi \ nnhược điểm : 2 người đều có ny
Power spike awareness không có,toxic,insult,0,False,power spike awareness không có,power spike awareness không có,power spike awareness không có
Behind the scenes có không?,neutral,question,1,False,behind the scenes có không?,behind the scenes có không ?,behind the scenes có không ?
Bạn chia sẻ thêm hình ảnh được không?,neutral,request,1,False,bạn chia sẻ thêm hình ảnh được không?,bạn chia_sẻ thêm hình_ảnh được không ?,bạn chia_sẻ thêm hình_ảnh được không ?
Nhái Liên Quân à? Tuổi gì so với bản gốc!,toxic,insult,0,False,nhái liên quân à? tuổi gì so với bản gốc!,nhái liên_quân à ? tuổi gì so với bản_gốc !,nhái liên_quân à ? tuổi gì so với bản_gốc !
mọi người ơi đừng cap kiểu vậy nữa mà,neutral,begging,1,False,mọi người ơi đừng cap kiểu vậy nữa mà,mọi người ơi đừng cap kiểu vậy nữa mà,mọi người ơi đừng cap kiểu vậy nữa mà
kỷ luật trong quân đội rèn cho người ta nhiều thứ hay ho,positive,useful,2,False,kỷ luật trong quân đội rèn cho người ta nhiều thứ hay ho,kỷ_luật trong quân_đội rèn cho người_ta nhiều thứ hay_ho,kỷ_luật trong quân_đội rèn cho người_ta nhiều thứ hay_ho
ko ro,neutral,unclear,1,True,không ro,không ro,ko ro
ai mà nghĩ ra kịch bản này hay dữ,positive,creativity,2,False,ai mà nghĩ ra kịch bản này hay dữ,ai mà nghĩ ra kịch_bản này hay dữ,ai mà nghĩ ra kịch_bản này hay dữ
Không liên hệ được tổng đài,negative,complaint,0,False,không liên hệ được tổng đài,không liên_hệ được tổng_đài,không liên_hệ được tổng_đài
quan rong ma phuc vu nhu rua,negative,complaint,0,False,quan rong ma phuc vu nhu rua,quan rong ma phuc vu nhu rua,quan rong ma phuc vu nhu rua
Cho xin stk anh này để hỗ trợ,neutral,question,1,True,cho xin số tài khoản anh này để hỗ trợ,cho xin số tài_khoản anh này để hỗ_trợ,cho xin stk anh này để hỗ_trợ
Tuổi lồn đòi dạy đời? Biến đi!,toxic,vulgar,0,False,tuổi lồn đòi dạy đời? biến đi!,tuổi lồn đòi dạy_đời ? biến đi !,tuổi lồn đòi dạy_đời ? biến đi !
dân quảng ninh cũng trắng trẻo mà🐥,positive,defense,2,False,dân quảng ninh cũng trắng trẻo mà🐥,dân quảng_ninh cũng trắng_trẻo mà 🐥,dân quảng_ninh cũng trắng_trẻo mà 🐥
Destroyed! Nghiền nát,positive,overwhelming_success,2,False,destroyed! nghiền nát,destroyed ! nghiền nát,destroyed ! nghiền nát
"Drama này mà cũng dính được, tài thật",toxic,insult,0,False,"drama này mà cũng dính được, tài thật","drama này mà cũng dính được , tài thật","drama này mà cũng dính được , tài thật"
Mắt lác mà cũng thích quay video,toxic,bodyshaming,0,False,mắt lác mà cũng thích quay video,mắt lác mà cũng thích quay video,mắt lác mà cũng thích quay video
quán chỉ phù hợp để sống ảo,neutral,social\_use,1,False,quán chỉ phù hợp để sống ảo,quán chỉ phù_hợp để sống ảo,quán chỉ phù_hợp để sống ảo
tui coi riết tưởng lớp nào cũng vậy,neutral,misconception,1,False,tui coi riết tưởng lớp nào cũng vậy,tui coi riết tưởng lớp nào cũng vậy,tui coi riết tưởng lớp nào cũng vậy
Mình thấy bình thường thôi,neutral,mediocre,1,False,mình thấy bình thường thôi,mình thấy bình_thường thôi,mình thấy bình_thường thôi
Nhìn đi đứng nặng nề thấy thương,toxic,bodyshaming,0,False,nhìn đi đứng nặng nề thấy thương,nhìn đi_đứng nặng_nề thấy thương,nhìn đi_đứng nặng_nề thấy thương
comment này đúng chất nội tâm,positive,deep,2,False,comment này đúng chất nội tâm,comment này đúng chất nội_tâm,comment này đúng chất nội_tâm
Tim tui tan chảy với nội dung này!,positive,heartwarming,2,False,tim tui tan chảy với nội dung này!,tim tui tan chảy với nội_dung này !,tim tui tan chảy với nội_dung này !
Xem mà chỉ thấy chán,toxic,insult,0,False,xem mà chỉ thấy chán,xem mà chỉ thấy chán,xem mà chỉ thấy chán
Video này không có gì đặc biệt,neutral,statement,1,False,video này không có gì đặc biệt,video này không có gì đặc_biệt,video này không có gì đặc_biệt
noi k ro rang,negative,criticism,0,True,noi không ro rang,noi không ro rang,noi k ro rang
Post ảnh diet mà ăn như heo,toxic,insult,0,False,post ảnh diet mà ăn như heo,post ảnh diet mà ăn như heo,post ảnh diet mà ăn như heo
Tải xong là vô vèo vèo liền,positive,useful,2,False,tải xong là vô vèo vèo liền,tải xong là vô vèo_vèo liền,tải xong là vô vèo_vèo liền
Post ảnh homework mà làm sai,toxic,insult,0,False,post ảnh homework mà làm sai,post ảnh homework mà làm sai,post ảnh homework mà làm sai
ko xung dang fyp,negative,criticism,0,True,không xung dang fyp,không xung dang fyp,ko xung dang fyp
Người miền tây thấy nói chuyện dễ thương lắm mà,positive,compliment,2,False,người miền tây thấy nói chuyện dễ thương lắm mà,người miền tây thấy nói_chuyện dễ_thương lắm mà,người miền tây thấy nói_chuyện dễ_thương lắm mà
Tank engage như tự tử,toxic,insult,0,False,tank engage như tự tử,tank engage như tự_tử,tank engage như tự_tử
xem xong cảm giác bị hút vô mạch chuyện,positive,immersive,2,False,xem xong cảm giác bị hút vô mạch chuyện,xem xong cảm_giác bị hút vô mạch chuyện,xem xong cảm_giác bị hút vô mạch chuyện
cha ca khong con nong,negative,criticism,0,False,cha ca khong con nong,cha ca khong con nong,cha ca khong con nong
Binge-watching mode activated,positive,addictive,2,False,binge-watching mode activated,binge - watching mode activated,binge - watching mode activated
bị bắt quả tang ánh mắt hình viên đạn,positive,humor,2,False,bị bắt quả tang ánh mắt hình viên đạn,bị bắt quả_tang ánh mắt hình viên đạn,bị bắt quả_tang ánh mắt hình viên đạn
cai clip do nhin ma chi muon report ngay luon!,toxic,insult,0,False,cai clip do nhin ma chi muon report ngay luon!,cai clip do nhin ma chi muon report ngay luon !,cai clip do nhin ma chi muon report ngay luon !
nghe giọng mà muốn khóc luôn huhuhu,positive,emotional,2,False,nghe giọng mà muốn khóc luôn huhuhu,nghe giọng mà muốn khóc luôn huhuhu,nghe giọng mà muốn khóc luôn huhuhu
Cần chỉnh lại cách trình bày cho hấp dẫn,negative,suggestion,0,False,cần chỉnh lại cách trình bày cho hấp dẫn,cần chỉnh lại cách trình_bày cho hấp_dẫn,cần chỉnh lại cách trình_bày cho hấp_dẫn
Saw it coming from miles away,negative,obvious,0,False,saw it coming from miles away,saw it coming from miles away,saw it coming from miles away
Ảnh self care mà mental health bad,toxic,insult,0,False,ảnh self care mà mental health bad,ảnh self care mà mental health bad,ảnh self care mà mental health bad
Không có sự khác biệt so với bản cũ,negative,criticism,0,False,không có sự khác biệt so với bản cũ,không có sự khác_biệt so với bản cũ,không có sự khác_biệt so với bản cũ
tui đánh giá cao video này,positive,compliment,2,False,tui đánh giá cao video này,tui đánh_giá cao video này,tui đánh_giá cao video này
Nhạc nền hơi ồn ào,negative,criticism,0,False,nhạc nền hơi ồn ào,nhạc nền hơi ồn_ào,nhạc nền hơi ồn_ào
t cũng dân tỉnh mà đâu như clip đâu,neutral,personal\_reaction,1,False,t cũng dân tỉnh mà đâu như clip đâu,t cũng dân tỉnh mà đâu như clip đâu,t cũng dân tỉnh mà đâu như clip đâu
Cơm quê mà giá này chắc bán ở bình nguyên vô tận 😅,negative,sarcasm,0,False,cơm quê mà giá này chắc bán ở bình nguyên vô tận 😅,cơm quê mà giá này chắc bán ở bình_nguyên vô_tận 😅,cơm quê mà giá này chắc bán ở bình_nguyên vô_tận 😅
Chemistry tuyệt vời!,positive,chemistry,2,False,chemistry tuyệt vời!,chemistry tuyệt_vời !,chemistry tuyệt_vời !
Tui đang coi doraemon mà sụp đổ hình tượng 😭,negative,disappointment,0,False,tui đang coi doraemon mà sụp đổ hình tượng 😭,tui đang coi doraemon mà sụp_đổ hình_tượng 😭,tui đang coi doraemon mà sụp_đổ hình_tượng 😭
Bảo vệ lăng chắc đi chơi nên ko thấy,negative,sarcasm,0,True,bảo vệ lăng chắc đi chơi nên không thấy,bảo_vệ lăng chắc đi chơi nên không thấy,bảo_vệ lăng chắc đi chơi nên ko thấy
"Nghèo thì ở vậy, đẻ chi cho khổ con",negative,suggestion,0,False,"nghèo thì ở vậy, đẻ chi cho khổ con","nghèo thì ở_vậy , đẻ chi cho khổ con","nghèo thì ở_vậy , đẻ chi cho khổ con"
guilty pleasure,positive,embarrassing_enjoyment,2,False,guilty pleasure,guilty pleasure,guilty pleasure
"Một lần xem vui, nhiều lần xem vui hơn 😜",positive,humor,2,False,"một lần xem vui, nhiều lần xem vui hơn 😜","một lần xem vui , nhiều lần xem vui hơn 😜","một lần xem vui , nhiều lần xem vui hơn 😜"
"Video cắt ghép chưa mượt, hơi khó xem",negative,criticism,0,False,"video cắt ghép chưa mượt, hơi khó xem","video cắt ghép chưa mượt , hơi khó xem","video cắt ghép chưa mượt , hơi khó xem"
Có não mà không dùng thì vứt đi,toxic,insult,0,False,có não mà không dùng thì vứt đi,có não mà không dùng thì vứt đi,có não mà không dùng thì vứt đi
mới từ vd hoa phan ăn cốc qua đây,neutral,transition,1,True,mới từ ví dụ hoa phan ăn cốc qua đây,mới từ ví_dụ hoa phan ăn cốc qua đây,mới từ vd hoa phan ăn cốc qua đây
Cơ chế loot đồ không hợp lý,negative,criticism,0,False,cơ chế loot đồ không hợp lý,cơ_chế loot đồ không hợp_lý,cơ_chế loot đồ không hợp_lý
xem rồi không thể không cười,positive,unavoidable,2,False,xem rồi không thể không cười,xem rồi không_thể không cười,xem rồi không_thể không cười
video hay vl luon!,positive,excitement,2,True,video hay vãi lồn luon!,video hay vãi lồn luon !,video hay vl luon !
cai nay la banh trang cuon phai khong?,neutral,question,1,False,cai nay la banh trang cuon phai khong?,cai nay la banh trang cuon phai khong ?,cai nay la banh trang cuon phai khong ?
Không thấy hay như mọi người nói,negative,criticism,0,False,không thấy hay như mọi người nói,không thấy hay như mọi người nói,không thấy hay như mọi người nói
Ve chắc hoang mang: hè đâu mà kêu :))),toxic,sarcasm,0,False,ve chắc hoang mang: hè đâu mà kêu :))),ve chắc hoang_mang : hè đâu mà kêu : ) ) ),ve chắc hoang_mang : hè đâu mà kêu : ) ) )
cái cap này đỉnh cao thật sự,positive,praise,2,False,cái cap này đỉnh cao thật sự,cái cap này đỉnh_cao thật_sự,cái cap này đỉnh_cao thật_sự
day la video quay o nha ha?,neutral,question,1,False,day la video quay o nha ha?,day la video quay o nha ha ?,day la video quay o nha ha ?
Hỗ trợ khách hàng chưa tốt,negative,complaint,0,False,hỗ trợ khách hàng chưa tốt,hỗ_trợ khách_hàng chưa tốt,hỗ_trợ khách_hàng chưa tốt
Bạn review rõ hơn về chất liệu đi,neutral,request,1,False,bạn review rõ hơn về chất liệu đi,bạn review rõ hơn về chất_liệu đi,bạn review rõ hơn về chất_liệu đi
Bạn có review so sánh với sản phẩm khác không?,neutral,request,1,False,bạn có review so sánh với sản phẩm khác không?,bạn có review so_sánh với sản_phẩm khác không ?,bạn có review so_sánh với sản_phẩm khác không ?
Streamer này exploit parasocial relationships,toxic,insult,0,False,streamer này exploit parasocial relationships,streamer này exploit parasocial relationships,streamer này exploit parasocial relationships
Phong cách bạn tui mê xỉu!,positive,appreciation,2,False,phong cách bạn tui mê xỉu!,phong_cách bạn tui mê xỉu !,phong_cách bạn tui mê xỉu !
"Chất quá, bạn đúng là number one!",positive,compliment,2,False,"chất quá, bạn đúng là number one!","chất quá , bạn đúng là number one !","chất quá , bạn đúng là number one !"
Ship COD được không?,neutral,inquiry,1,False,ship cod được không?,ship cod được không ?,ship cod được không ?
"Làm thật, ăn thật, nói ít thôi",positive,appreciation,2,False,"làm thật, ăn thật, nói ít thôi","làm thật , ăn thật , nói ít thôi","làm thật , ăn thật , nói ít thôi"
"Đẻ lắm để giờ khổ, chán thật",toxic,sarcasm,0,False,"đẻ lắm để giờ khổ, chán thật","đẻ lắm để giờ khổ , chán thật","đẻ lắm để giờ khổ , chán thật"
Tôi đã xem qua các bình luận khác,neutral,statement,1,False,tôi đã xem qua các bình luận khác,tôi đã xem qua các bình_luận khác,tôi đã xem qua các bình_luận khác
Bạn hài hước thật đấy,positive,compliment,2,False,bạn hài hước thật đấy,bạn hài_hước thật đấy,bạn hài_hước thật đấy
Donation mà treat như tiền lẻ,toxic,insult,0,False,donation mà treat như tiền lẻ,donation mà treat như tiền_lẻ,donation mà treat như tiền_lẻ
"Tội nghiệp ông này, chắc bị bệnh nặng lắm",positive,neutral,2,False,"tội nghiệp ông này, chắc bị bệnh nặng lắm","tội_nghiệp ông này , chắc bị bệnh nặng lắm","tội_nghiệp ông này , chắc bị bệnh nặng lắm"
Story highlight chỉ toàn selfie,toxic,insult,0,False,story highlight chỉ toàn selfie,story highlight chỉ toàn selfie,story highlight chỉ toàn selfie
sns king,positive,social_media_popular,2,False,sns king,sns king,sns king
hoi buon chan chut,negative,boredom,0,False,hoi buon chan chut,hoi buon chan chut,hoi buon chan chut
ke vach duong qua mo,negative,criticism,0,False,ke vach duong qua mo,ke vach duong qua mo,ke vach duong qua mo
Part 2 khi nào ra vậy?,neutral,anticipation,1,False,part 2 khi nào ra vậy?,part 2 khi nào ra vậy ?,part 2 khi nào ra vậy ?
Stream quality tệ như thời đồ đá,toxic,insult,0,False,stream quality tệ như thời đồ đá,stream quality tệ như thời đồ đá,stream quality tệ như thời đồ đá
may co biet cai anh do nhin xau xi ra sao khong?,toxic,insult,0,True,may co biết cai anh do nhin xau xi ra sao khong?,may co biết cai anh do nhin xau xi ra sao khong ?,may co biet cai anh do nhin xau xi ra sao khong ?
comment này đúng kiểu cười trong nước mắt,positive,irony,2,False,comment này đúng kiểu cười trong nước mắt,comment này đúng kiểu cười trong nước_mắt,comment này đúng kiểu cười trong nước_mắt
villain arc,negative,becoming_bad,0,False,villain arc,villain arc,villain arc
Fairy tale vibes!,positive,fairy_tale,2,False,fairy tale vibes!,fairy tale vibes !,fairy tale vibes !
"Đã nghèo còn đẻ, đúng là hết nói",toxic,insult,0,False,"đã nghèo còn đẻ, đúng là hết nói","đã nghèo còn đẻ , đúng là hết nói","đã nghèo còn đẻ , đúng là hết nói"
"Cứ bày đặt reaction, nội dung nhạt như nước ốc",toxic,insult,0,False,"cứ bày đặt reaction, nội dung nhạt như nước ốc","cứ bày_đặt reaction , nội_dung nhạt như nước ốc","cứ bày_đặt reaction , nội_dung nhạt như nước ốc"
Nhìn bạn sống chỉ muốn né gấp,toxic,insult,0,False,nhìn bạn sống chỉ muốn né gấp,nhìn bạn sống chỉ muốn né gấp,nhìn bạn sống chỉ muốn né gấp
Video không đủ sức hút,negative,criticism,0,False,video không đủ sức hút,video không đủ sức_hút,video không đủ sức_hút
mình học lớp toàn trai khô như bánh tráng,negative,complaint,0,False,mình học lớp toàn trai khô như bánh tráng,mình học lớp toàn trai khô như bánh_tráng,mình học lớp toàn trai khô như bánh_tráng
điểm 10 cho thần thái nha,positive,compliment,2,False,điểm 10 cho thần thái nha,điểm 10 cho thần_thái nha,điểm 10 cho thần_thái nha
Nhìn bạn đi ăn chắc gãy cả ghế,toxic,bodyshaming,0,False,nhìn bạn đi ăn chắc gãy cả ghế,nhìn bạn đi ăn chắc gãy cả ghế,nhìn bạn đi ăn chắc gãy cả ghế
an xong ma chang thay ngon,negative,disappointment,0,False,an xong ma chang thay ngon,an xong ma chang thay ngon,an xong ma chang thay ngon
Chuyên môn kém mà cứ thích thể hiện,toxic,insult,0,False,chuyên môn kém mà cứ thích thể hiện,chuyên_môn kém mà cứ thích thể_hiện,chuyên_môn kém mà cứ thích thể_hiện
t lại thấy dân mình hay vui tính thôi mà,positive,humor,2,False,t lại thấy dân mình hay vui tính thôi mà,t lại thấy dân mình hay vui_tính thôi mà,t lại thấy dân mình hay vui_tính thôi mà
Mấy thằng bảo vệ tưởng nó là cha k,positive,appreciation,2,True,mấy thằng bảo vệ tưởng nó là cha không,mấy thằng bảo_vệ tưởng nó là cha không,mấy thằng bảo_vệ tưởng nó là cha_k
Chất lượng không như mong đợi,negative,disappointment,0,False,chất lượng không như mong đợi,chất_lượng không như mong_đợi,chất_lượng không như mong_đợi
Stream mà âm thanh như cào sắt,toxic,insult,0,False,stream mà âm thanh như cào sắt,stream mà âm_thanh như cào sắt,stream mà âm_thanh như cào sắt
thề luôn cái cap này hại não ghê,neutral,confusion,1,False,thề luôn cái cap này hại não ghê,thề luôn cái cap này hại não ghê,thề luôn cái cap này hại não ghê
Ai có thông tin hỗ trợ thì share,neutral,question,1,False,ai có thông tin hỗ trợ thì share,ai có thông_tin hỗ_trợ thì share,ai có thông_tin hỗ_trợ thì share
cai cach may noi chuyen tren fb nhin la vo van hoa!,toxic,insult,0,True,cai cach may noi chuyen tren facebook nhin la vo van hoa!,cai cach may noi chuyen tren facebook nhin la vo van hoa !,cai cach may noi chuyen tren fb nhin la vo van hoa !
"Lúc yên thì im, lúc bị bóc thì thanh minh",toxic,insult,0,False,"lúc yên thì im, lúc bị bóc thì thanh minh","lúc yên thì im , lúc bị bóc thì thanh_minh","lúc yên thì im , lúc bị bóc thì thanh_minh"
ủa đây là giảng đường hay studio vậy?,neutral,confused,1,False,ủa đây là giảng đường hay studio vậy?,ủa đây là giảng_đường hay studio_vậy ?,ủa đây là giảng_đường hay studio_vậy ?
ai ăn thấy ngon thì cho 1 like chứ tôi thấy thường thôi,neutral,opinion,1,False,ai ăn thấy ngon thì cho 1 like chứ tôi thấy thường thôi,ai ăn thấy ngon thì cho 1 like chứ tôi thấy thường thôi,ai ăn thấy ngon thì cho 1 like chứ tôi thấy thường thôi
sao hồi nhỏ không để ý giọng lồng hay vậy ta?,neutral,reflection,1,False,sao hồi nhỏ không để ý giọng lồng hay vậy ta?,sao hồi nhỏ không để_ý giọng lồng hay vậy ta ?,sao hồi nhỏ không để_ý giọng lồng hay vậy ta ?
góc nghiêng thần thánh luôn,positive,compliment,2,False,góc nghiêng thần thánh luôn,góc nghiêng thần_thánh luôn,góc nghiêng thần_thánh luôn
Cũng được,neutral,statement,1,False,cũng được,cũng được,cũng được
bi tac duong ngay giua trua nang,negative,complaint,0,False,bi tac duong ngay giua trua nang,bi tac duong ngay giua trua nang,bi tac duong ngay giua trua nang
Ăn cơm quê mà giá như đi du lịch Dubai 😭,negative,sarcasm,0,False,ăn cơm quê mà giá như đi du lịch dubai 😭,ăn cơm quê mà giá_như đi du_lịch dubai 😭,ăn cơm quê mà giá_như đi du_lịch dubai 😭
selfie queen,positive,selfie_expert,2,False,selfie queen,selfie queen,selfie queen
"Người ta làm thật, không bày trò",positive,appreciation,2,False,"người ta làm thật, không bày trò","người_ta làm thật , không bày trò","người_ta làm thật , không bày trò"
Drama queen! Làm to chuyện,negative,dramatic,0,False,drama queen! làm to chuyện,drama queen ! làm to_chuyện,drama queen ! làm to_chuyện
Always others' fault,toxic,insult,0,False,always others' fault,always others ' fault,always others ' fault
"Yêu content của b, chất xĩu!",positive,admiration,2,False,"yêu content của b, chất xĩu!","yêu content của b , chất xĩu !","yêu content của b , chất xĩu !"
"Đồ thì hỏng, giao lại còn thiếu",toxic,insult,0,False,"đồ thì hỏng, giao lại còn thiếu","đồ thì hỏng , giao lại còn thiếu","đồ thì hỏng , giao lại còn thiếu"
Ảnh gym mà body không thay đổi,toxic,insult,0,False,ảnh gym mà body không thay đổi,ảnh gym mà body không thay_đổi,ảnh gym mà body không thay_đổi
Post ảnh workout mà body fake,toxic,insult,0,False,post ảnh workout mà body fake,post ảnh workout mà body fake,post ảnh workout mà body fake
Chân voi mà cứ thích khoe chân dài,toxic,bodyshaming,0,False,chân voi mà cứ thích khoe chân dài,chân_voi mà cứ thích khoe chân_dài,chân_voi mà cứ thích khoe chân_dài
Bạn thấy độ bền sản phẩm này thế nào?,neutral,question,1,False,bạn thấy độ bền sản phẩm này thế nào?,bạn thấy độ bền sản_phẩm này thế_nào ?,bạn thấy độ bền sản_phẩm này thế_nào ?
Chuyên gia chơi dơ,toxic,insult,0,False,chuyên gia chơi dơ,chuyên_gia chơi dơ,chuyên_gia chơi dơ
coi clip xong phải vô comment cười xỉu,positive,entertainment,2,False,coi clip xong phải vô comment cười xỉu,coi clip xong phải vô comment cười xỉu,coi clip xong phải vô comment cười xỉu
App edit gì vậy?,neutral,question,1,False,app edit gì vậy?,app edit gì vậy ?,app edit gì vậy ?
Foreshadowing! Báo hiệu trước,positive,literary_appreciation,2,False,foreshadowing! báo hiệu trước,foreshadowing ! báo_hiệu trước,foreshadowing ! báo_hiệu trước
poser,negative,fake_person,0,False,poser,poser,poser
xem xong cảm thấy cuộc sống đáng sống hơn,positive,affirmation,2,False,xem xong cảm thấy cuộc sống đáng sống hơn,xem xong cảm_thấy cuộc_sống đáng sống hơn,xem xong cảm_thấy cuộc_sống đáng sống hơn
"dù là ai, từ đâu, miễn sống tốt là được rồi",positive,virtue,2,False,"dù là ai, từ đâu, miễn sống tốt là được rồi","dù là ai , từ đâu , miễn sống tốt là được rồi","dù là ai , từ đâu , miễn sống tốt là được rồi"
Đặt size S mà giao size M,negative,complaint,0,False,đặt size s mà giao size m,đặt size s mà giao size m,đặt size s mà giao size m
vô quán ăn mặt bằng chứ k ăn đồ ăn:),negative,sarcasm,0,True,vô quán ăn mặt bằng chứ không ăn đồ ăn:),vô quán ăn mặt_bằng chứ không ăn đồ ăn : ),vô quán ăn mặt_bằng chứ k ăn đồ ăn : )
Ai rảnh thì inbox tôi,neutral,availability,1,False,ai rảnh thì inbox tôi,ai rảnh thì inbox tôi,ai rảnh thì inbox tôi
"Nghĩ sao vậy trời, buồn cười quá",positive,excitement,2,False,"nghĩ sao vậy trời, buồn cười quá","nghĩ sao vậy trời , buồn_cười quá","nghĩ sao vậy trời , buồn_cười quá"
tra sua nhin khong dep mat,negative,criticism,0,False,tra sua nhin khong dep mat,tra sua nhin khong dep mat,tra sua nhin khong dep mat
Nhạc không ăn nhập gì với clip,negative,criticism,0,False,nhạc không ăn nhập gì với clip,nhạc không ăn_nhập gì với clip,nhạc không ăn_nhập gì với clip
cau vuot bi rach sat,negative,criticism,0,False,cau vuot bi rach sat,cau vuot bi rach sat,cau vuot bi rach sat
Ăn cơm quê mà giá như đi du lịch Dubai 😭,negative,sarcasm,0,False,ăn cơm quê mà giá như đi du lịch dubai 😭,ăn cơm quê mà giá_như đi du_lịch dubai 😭,ăn cơm quê mà giá_như đi du_lịch dubai 😭
Bạn thấy chất lượng ổn không?,neutral,question,1,False,bạn thấy chất lượng ổn không?,bạn thấy chất_lượng ổn không ?,bạn thấy chất_lượng ổn không ?
video chi la su lap lai,negative,criticism,0,False,video chi la su lap lai,video chi_la su lap lai,video chi_la su lap lai
"Chán vcl, nội dung nì nhạt qué!",negative,dislike,0,False,"chán vcl, nội dung nì nhạt qué!","chán vcl , nội_dung nì nhạt qué !","chán vcl , nội_dung nì nhạt qué !"
Mua hàng như mua bực mình,toxic,insult,0,False,mua hàng như mua bực mình,mua hàng như mua bực_mình,mua hàng như mua bực_mình
gary stu,negative,perfect_male_character,0,False,gary stu,gary stu,gary stu
Sản phẩm không ra gì nhưng giá cắt cổ,toxic,insult,0,False,sản phẩm không ra gì nhưng giá cắt cổ,sản_phẩm không ra gì nhưng giá cắt_cổ,sản_phẩm không ra gì nhưng giá cắt_cổ
Bạn đã đặt mua lại lần nào chưa?,neutral,question,1,False,bạn đã đặt mua lại lần nào chưa?,bạn đã đặt mua lại lần nào chưa ?,bạn đã đặt mua lại lần nào chưa ?
Tưởng thật hoá ra là diễn,toxic,insult,0,False,tưởng thật hoá ra là diễn,tưởng thật hoá_ra là diễn,tưởng thật hoá_ra là diễn
Perfect match! Đôi hoàn hảo,positive,compatibility,2,False,perfect match! đôi hoàn hảo,perfect match ! đôi hoàn_hảo,perfect match ! đôi hoàn_hảo
Xem clip mà thấy không vui,negative,disappointment,0,False,xem clip mà thấy không vui,xem clip mà thấy không vui,xem clip mà thấy không vui
gotcha,neutral,understood,1,False,gotcha,gotcha,gotcha
law of attraction,positive,mindset_belief,2,False,law of attraction,law of attraction,law of attraction
"Nói gì thế, tui hổng hiểu?",neutral,confusion,1,False,"nói gì thế, tui hổng hiểu?","nói gì thế , tui hổng hiểu ?","nói gì thế , tui hổng hiểu ?"
bao nhieu,neutral,how_much,1,False,bao nhieu,bao nhieu,bao nhieu
Xem một lần không muốn xem lại nữa,negative,disappointment,0,False,xem một lần không muốn xem lại nữa,xem một lần không muốn xem_lại nữa,xem một lần không muốn xem_lại nữa
Cả 2 đều có ny r❌2 ng là ny của nhau✅,positive,joke,2,True,cả 2 đều có người yêu r❌2 người là người yêu của nhau✅,cả 2 đều có người_yêu r ❌ 2 người là người_yêu của nhau ✅,cả 2 đều có ny r ❌ 2 ng là ny của nhau ✅
Không hiểu sao vẫn có người chịu nổi bạn,toxic,insult,0,False,không hiểu sao vẫn có người chịu nổi bạn,không hiểu sao vẫn có người chịu nổi bạn,không hiểu sao vẫn có người chịu nổi bạn
sao may cu mac do bo voi cai voc dang xau do?,toxic,insult,0,False,sao may cu mac do bo voi cai voc dang xau do?,sao may cu mac do bo voi cai voc dang xau do ?,sao may cu mac do bo voi cai voc dang xau do ?
"Clip nì viral chắc lun, chất vl!",positive,excellence,2,False,"clip nì viral chắc lun, chất vl!","clip nì viral chắc lun , chất vl !","clip nì viral chắc lun , chất vl !"
Vỗ tay cái nè 👏👏,positive,excitement,2,False,vỗ tay cái nè 👏👏,vỗ_tay cái nè 👏 👏,vỗ_tay cái nè 👏 👏
Thái độ nhân viên chưa tốt,negative,complaint,0,False,thái độ nhân viên chưa tốt,thái_độ nhân_viên chưa tốt,thái_độ nhân_viên chưa tốt
nguoi di bo di tren lan xe may,negative,criticism,0,True,người di bo di tren lan xe may,người di_bo di_tren lan xe may,nguoi di_bo di_tren lan xe may
tui không biết nói gì ngoài từ ĐẸP,positive,admiration,2,False,tui không biết nói gì ngoài từ đẹp,tui không biết nói gì ngoài từ đẹp,tui không biết nói gì ngoài từ đẹp
"Sản phẩm dễ hỏng, dùng được vài ngày",negative,disappointment,0,False,"sản phẩm dễ hỏng, dùng được vài ngày","sản_phẩm dễ hỏng , dùng được vài ngày","sản_phẩm dễ hỏng , dùng được vài ngày"
vietnamese kiss,neutral,statement,1,False,vietnamese kiss,vietnamese kiss,vietnamese kiss
Mày ngu quá đi!,toxic,insult,0,False,mày ngu quá đi!,mày ngu quá đi !,mày ngu quá đi !
haha ok ban,positive,laugh_agreement,2,False,haha ok ban,haha ok ban,haha ok ban
t tưởng đây là clip quảng cáo trường học,positive,production,2,False,t tưởng đây là clip quảng cáo trường học,t tưởng đây là clip quảng_cáo trường_học,t tưởng đây là clip quảng_cáo trường_học
tui coi clip này mà cười muốn xỉu,positive,entertainment,2,False,tui coi clip này mà cười muốn xỉu,tui coi clip này mà cười muốn xỉu,tui coi clip này mà cười muốn xỉu
