comment,label,category
"Video này hay quá! Cảm ơn bạn đã chia sẻ",positive,compliment
"Chúc mừng bạn nhé! Thật sự rất tuyệt vời",positive,congratulation
"Bài viết rất bổ ích, tôi đã học được nhiều điều",positive,appreciation
"Tôi rất thích phong cách của bạn",positive,compliment
"Cảm ơn bạn rất nhiều vì đã giúp đỡ",positive,gratitude
"Quá tuyệt vời! Tôi sẽ chia sẻ cho bạn bè",positive,excitement
"Bạn thật tài năng! Chúc bạn thành công",positive,encouragement
"Hình ảnh đẹp quá! Like ngay",positive,appreciation
"Rất hữu ích, tôi sẽ áp dụng thử",positive,useful
"Bạn nói đúng lắm, tôi đồng ý với bạn",positive,agreement
"Tôi không thích cái này lắm",negative,dislike
"Hơi buồn chán một chút",negative,boredom
"Không hay lắm, tôi nghĩ có thể làm tốt hơn",negative,criticism
"Hình như có gì đó không đúng",negative,doubt
"Tôi không đồng ý với quan điểm này",negative,disagreement
"Chưa thuyết phục lắm",negative,skepticism
"Tôi cảm thấy hơi thất vọng",negative,disappointment
"Không phải gu của tôi",negative,personal_preference
"Có vẻ không thú vị lắm",negative,uninteresting
"Tôi nghĩ cần cải thiện thêm",negative,suggestion
"Thằng ngu! Không biết gì mà nói",toxic,insult
"Mày nói lung tung vậy",toxic,vulgar
"Đồ khốn nạn!",toxic,curse
"Thật là ngu ngốc",toxic,insult
"Mày có bệnh à?",toxic,offensive
"Đừng có láo nháo",toxic,rude
"Thằng này chắc bị điên",toxic,insult
"Nói chuyện như con nít",toxic,condescending
"Đầu óc có vấn đề",toxic,offensive
"Im đi! Không ai hỏi ý kiến mày",toxic,aggressive
"OK bạn ơi",neutral,acknowledgment
"Được rồi",neutral,acceptance
"Tôi hiểu rồi",neutral,understanding
"Cảm ơn bạn",neutral,polite
"Để tôi nghĩ xem",neutral,consideration
"Có thể là vậy",neutral,possibility
"Tôi sẽ xem xét",neutral,consideration
"Không sao",neutral,dismissal
"Được thôi",neutral,acceptance
"Tạm ổn",neutral,mediocre
"Chúc mừng sinh nhật bạn nhé!",positive,celebration
"Happy birthday! Chúc bạn luôn vui vẻ",positive,celebration
"Chúc hai bạn hạnh phúc bên nhau",positive,blessing
"Chúc mừng năm mới! Năm mới an khang thịnh vượng",positive,celebration
"Chúc bạn sớm khỏe lại nhé",positive,care
"Ai thích thì thích, tao chẳng quan tâm",neutral,indifference
"Tùy bạn thôi",neutral,indifference
"Không có ý kiến gì",neutral,no_opinion
"Bình thường thôi mà",neutral,mediocre
"Cũng được",neutral,acceptance
"Spam quá! Báo cáo liền",negative,complaint
"Quảng cáo hoài, chán quá",negative,annoyance
"Fake news! Đừng tin",negative,warning
"Lừa đảo đấy mọi người",negative,warning
"Clickbait quá đà",negative,criticism
"Con mẹ mày! Đồ khốn nạn",toxic,extreme_vulgar
"Thằng chó này nói lung tung",toxic,extreme_insult
"Đi chết đi! Ghét mày lắm",toxic,threat
"Mày xứng đáng bị đánh",toxic,threat
"Ước gì mày biến mất",toxic,hate
"LOL! Hài quá bạn ơi",positive,humor
"LMAO! Cười sặc cơm luôn",positive,humor
"Haha đúng vậy! Funny lắm",positive,humor
"Troll hay đấy! Upvote liền",positive,humor
"Bạn hài hước thật đấy",positive,compliment
"Đúng rồi! Tôi ủng hộ bạn",positive,support
"Tôi đồng tình với bạn 100%",positive,strong_agreement
"Bạn nói ra điều tôi nghĩ",positive,resonance
"Exactly! Chính xác luôn",positive,strong_agreement
"Tôi cũng nghĩ vậy",positive,agreement
"Hơi khó hiểu một chút",negative,confusion
"Không rõ bạn muốn nói gì",negative,unclear
"Giải thích thêm được không?",neutral,question
"Tôi chưa hiểu rõ lắm",negative,confusion
"Cần thêm thông tin",neutral,request
"Thanks bạn! Info hữu ích lắm",positive,gratitude
"Cảm ơn vì đã share",positive,gratitude
"Appreciate it! Cần lắm",positive,gratitude
"Thanks for sharing bạn nhé",positive,gratitude
"Much appreciated!",positive,gratitude
"Bạn ơi, link bị lỗi rồi",neutral,technical_issue
"Không load được hình",neutral,technical_issue
"Video không chạy",neutral,technical_issue
"Lỗi rồi bạn ơi",neutral,technical_issue
"Fix lỗi này đi bạn",neutral,request
"First! Đầu tiên",neutral,milestone
"Tôi đây! Present",neutral,attendance
"Có ai online không?",neutral,question
"Anyone here?",neutral,question
"Check-in hàng ngày",neutral,routine
"Repost nếu đồng ý",neutral,call_to_action
"Share để ủng hộ",neutral,call_to_action
"Like nếu thích",neutral,call_to_action
"Tag bạn vào xem",neutral,sharing
"Mention tôi nhé",neutral,request
"Bài viết hay, nhưng hơi dài",negative,mixed_feedback
"Content tốt, presentation chưa ổn",negative,mixed_feedback
"Ý tưởng hay nhưng thực hiện chưa tốt",negative,constructive_criticism
"Cần cải thiện một số điểm",negative,constructive_criticism
"Nhìn chung ổn, nhưng...",negative,mixed_feedback
"Mình thấy bình thường thôi",neutral,mediocre
"Không có gì đặc biệt",neutral,unremarkable
"Cũng tạm được",neutral,mediocre
"Bình thường như mọi khi",neutral,routine
"Không tệ nhưng cũng không xuất sắc",neutral,mediocre
"Drama gì vậy? Không hiểu",neutral,confusion
"Context là gì vậy?",neutral,question
"Backstory gì đây?",neutral,question
"Fill me in được không?",neutral,request
"Tôi miss gì rồi?",neutral,confusion
"Deadline khi nào vậy?",neutral,question
"Meeting lúc mấy giờ?",neutral,question
"Địa điểm ở đâu?",neutral,question
"Liên hệ qua đâu?",neutral,question
"Giá bao nhiêu vậy?",neutral,question
"Sold out rồi à?",neutral,inquiry
"Còn hàng không?",neutral,inquiry
"Ship COD được không?",neutral,inquiry
"Có warranty không?",neutral,inquiry
"Return policy như nào?",neutral,inquiry
"Trend này hot thật",positive,trending
"Viral quá rồi này",positive,popular
"Everyone's talking about this",positive,buzzing
"Đang trending #1",positive,trending
"Hot topic của tuần",positive,popular
"OOTD hôm nay",neutral,lifestyle
"Mood hôm nay",neutral,lifestyle
"Current status",neutral,update
"Location check-in",neutral,location
"Food diary",neutral,lifestyle
"Selfie Sunday",neutral,routine
"Throwback Thursday",neutral,routine
"Monday motivation",positive,motivational
"Weekend vibes",positive,lifestyle
"Friday feeling",positive,excitement
"Bạn làm video về chủ đề này được không?",neutral,request
"Tutorial này step by step chưa?",neutral,question
"Part 2 khi nào ra vậy?",neutral,anticipation
"Series này dài bao nhiêu tập?",neutral,question
"Bạn có plan làm về topic khác không?",neutral,suggestion
"Collab với ai đó đi bạn",neutral,suggestion
"Reaction video này đi",neutral,request
"Behind the scenes có không?",neutral,question
"Bloopers funny lắm, post đi",neutral,request
"Extended version có không?",neutral,question
"Nhạc nền là gì vậy?",neutral,question
"Font chữ gì đây?",neutral,question
"App edit gì vậy?",neutral,question
"Camera nào vậy bạn?",neutral,question
"Setup này bao nhiêu tiền?",neutral,question
"Gear list share được không?",neutral,request
"Preset này cho xin với",neutral,request
"Settings bao nhiêu vậy?",neutral,question
"ISO mấy vậy bạn?",neutral,technical
"Aperture bao nhiêu?",neutral,technical
"Mình cũng từng trải qua điều này",positive,empathy
"Totally relate! Tôi hiểu feeling này",positive,empathy
"Same here! Cùng cảnh ngộ",positive,solidarity
"Been there, done that",positive,experience
"Tôi cũng vậy, không alone đâu",positive,support
"Solidarity với bạn",positive,support
"You're not alone in this",positive,encouragement
"Chúng ta cùng nhau vượt qua",positive,support
"Tôi tin bạn làm được",positive,encouragement
"Stay strong bạn nhé",positive,encouragement
"Respect! Tôi admire bạn",positive,admiration
"Much respect cho dedication này",positive,respect
"Tôi ngưỡng mộ sự kiên trì của bạn",positive,admiration
"Inspiring quá! Động lực lắm",positive,inspiration
"Role model thật sự",positive,praise
"Goals! Tôi muốn như bạn",positive,aspiration
"Bạn là idol của tôi",positive,admiration
"Dễ thương quá đi mất",positive,cute
"Adorable! Tim tôi tan chảy",positive,cute
"Cute overload! Không chịu nổi",positive,cute
"Awww! Ngọt ngào quá",positive,sweet
"Precious! Quý giá lắm",positive,endearing
"Wholesome content! Yêu lắm",positive,heartwarming
"Healing video! Tâm hồn thanh thản",positive,therapeutic
"Comforting! Ấm lòng quá",positive,comfort
"Peaceful vibes! Thư giãn lắm",positive,relaxing
"Good energy! Positive lắm",positive,uplifting
"Cringe quá! Không chịu được",negative,cringe
"Secondhand embarrassment",negative,cringe
"Awkward! Ngại ngùng giùm bạn",negative,awkward
"Too much! Quá đà rồi",negative,excessive
"Try hard quá không?",negative,criticism
"Forced! Không natural",negative,artificial
"Acting quá! Fake lắm",negative,fake
"Attention seeking much?",negative,criticism
"Show off! Khoe khoang",negative,showing_off
"Humble brag đúng không?",negative,criticism
"Flex hard quá bạn ơi",negative,showing_off
"Rich kid problems",negative,privilege
"First world problems",negative,trivial
"Privileged much?",negative,privilege
"Out of touch! Không realistic",negative,unrealistic
"Spoiled! Được nuông chiều quá",negative,spoiled
"Drama queen! Làm to chuyện",negative,dramatic
"Overreacting! Phản ứng thái quá",negative,excessive
"Chill đi bạn! Bình tĩnh",neutral,calm_down
"Relax! Đừng stress",neutral,reassurance
"No big deal! Không sao đâu",neutral,dismissive
"It's not that serious",neutral,perspective
"Breathe! Thở sâu vào",neutral,calming
"Take it easy",neutral,advice
"Slow down a bit",neutral,suggestion
"One step at a time",neutral,guidance
"Rome wasn't built in a day",neutral,patience
"Good things take time",positive,patience
"Tôi ship hai bạn này!",positive,shipping
"OTP của tôi đây!",positive,shipping
"Chemistry tuyệt vời!",positive,chemistry
"Perfect match! Đôi hoàn hảo",positive,compatibility
"Meant to be! Trời sinh một cặp",positive,destiny
"Couple goals thật sự!",positive,relationship_goals
"Relationship này precious lắm",positive,precious
"Love story này sweet quá",positive,romantic
"Fairy tale vibes!",positive,fairy_tale
"Happily ever after energy",positive,romantic
"Single pringle ở đây!",neutral,single_status
"Forever alone club",negative,loneliness
"Third wheel life",neutral,single_status
"Cupid skip tôi rồi",negative,loneliness
"Love is in the air, except for me",negative,loneliness
"Valentine's Day is coming, tôi cần gấu",neutral,single_status
"Ai rảnh thì inbox tôi",neutral,availability
"DM is open",neutral,contact
"Slide into my DM",neutral,flirting
"Hit me up if interested",neutral,contact
"Let's be friends!",positive,friendship
"Tôi vừa bị spoil rồi!",negative,spoiler
"Spoiler alert! Cảnh báo",neutral,warning
"No spoilers please!",neutral,request
"Đừng spoil cho ai nha",neutral,warning
"I'm not ready for spoilers",neutral,not_ready
"Spoiler-free zone here",neutral,preference
"Don't ruin it for others",neutral,consideration
"Keep it vague please",neutral,request
"Hint thôi, đừng nói rõ",neutral,request
"Cryptic comments only",neutral,instruction
"Easter egg! Tìm được rồi",positive,discovery
"Hidden detail! Tinh tế lắm",positive,attention_to_detail
"Foreshadowing! Báo hiệu trước",positive,literary_appreciation
"Plot twist! Không ngờ",positive,surprise
"Mind blown! Sốc não",positive,amazement
"Didn't see that coming",positive,surprise
"Predictable! Đoán được rồi",negative,predictable
"Saw it coming from miles away",negative,obvious
"Too obvious! Dễ đoán quá",negative,predictable
"Cliche! Sáo rỗng",negative,cliche
"Trope này cũ rồi",negative,overused
"Original! Sáng tạo lắm",positive,originality
"Fresh perspective! Góc nhìn mới",positive,innovative
"Creative! Độc đáo",positive,creativity
"Out of the box thinking",positive,innovative
"Groundbreaking! Đột phá",positive,revolutionary
"Game changer! Thay đổi cuộc chơi",positive,impactful
"Iconic! Biểu tượng luôn",positive,iconic
"Legendary! Huyền thoại",positive,legendary
"Epic! Hoành tráng",positive,epic
"Masterpiece! Kiệt tác",positive,masterpiece
"Chef's kiss! Hoàn hảo",positive,perfection
"*Chef's kiss*",positive,perfection
"Flawless execution",positive,perfect_execution
"Nailed it! Làm chuẩn",positive,success
"Killed it! Xuất sắc",positive,excellence
"Slayed! Hủy diệt",positive,dominance
"Destroyed! Nghiền nát",positive,overwhelming_success
"Demolished the competition",positive,victory
"Left no crumbs! Không chừa gì",positive,complete_success
"Ate and left no crumbs",positive,perfect_performance
"Served! Phục vụ chuẩn",positive,delivery
"Delivered! Giao hàng đúng hẹn",positive,fulfillment
"Did not disappoint",positive,met_expectations
"Exceeded expectations",positive,surpassed
"Blew my mind! Thổi bay tâm trí",positive,mind_blowing
"Goosebumps! Da gà",positive,emotional_impact
"Chills! Rùng mình",positive,powerful_effect
"Tears! Nước mắt",positive,emotional
"Ugly crying right now",positive,emotional_overwhelm
"Bawling my eyes out",positive,intense_emotion
"Sobbing! Khóc nức nở",positive,emotional_response
"Waterworks! Vòi nước mắt",positive,crying
"Tissue box empty",positive,emotional_impact
"Heart is full! Tim đầy ấp",positive,fulfillment
"Butterflies in stomach",positive,excitement
"Heart racing! Tim đập mạnh",positive,excitement
"Adrenaline rush! Máu sôi",positive,thrilling
"On the edge of my seat",positive,suspense
"Holding my breath",positive,tension
"Can't look away",positive,captivating
"Glued to the screen",positive,engrossing
"Binge-watching mode activated",positive,addictive
"One more episode syndrome",positive,compelling
"Sleep is for the weak",positive,prioritizing_content
"Productivity has left the chat",negative,distraction
"Procrastination level: expert",negative,procrastination
"Deadline? What deadline?",negative,avoidance
"Priorities? I don't know her",negative,misplaced_priorities
"Responsible adult? Not today",negative,irresponsibility
"ban noi dung lam, t dong y vs ban",positive,agreement
"b noi dung vl, t cug yk",positive,agreement
"t k thik cai nay lam",negative,dislike
"hoi buon chan chut",negative,boredom
"k hay lam, t nghi co the lam tot hon",negative,criticism
"hinh nhu co j do k dung",negative,doubt
"t k dong y voi quan diem nay",negative,disagreement
"chua thuyet phuc lam",negative,skepticism
"t cam thay hoi that vong",negative,disappointment
"k phai gu cua t",negative,personal_preference
"co ve k thu vi lam",negative,uninteresting
"t nghi can cai thien them",negative,suggestion
"dm may lam cai cc j day",toxic,vulgar
"thg ngu! k biet gi ma ns",toxic,insult
"may ns lung tung v",toxic,offensive
"ccmm may",toxic,curse
"im di! k ai hoi may het",toxic,aggressive
"cam on b nhieu nhe",positive,gratitude
"thanks b da share",positive,gratitude
"b noi ra dieu t nghi",positive,resonance
"exactly! chinh xac lun",positive,strong_agreement
"t cug nghi v",positive,agreement
"video hay vl luon!",positive,excitement
"tks vi da chia se nhe",positive,gratitude
"thx b nhieu nha",positive,gratitude
"spam vl! bao cao liền",negative,complaint
"quang cao hoai, chan vl",negative,annoyance
"fake news! dung tin",negative,warning
"lua dao do mn",negative,warning
"clickbait vo duyen vl",negative,criticism
"Secondhand embarrassment",negative,cringe
"Awkward! Ngại ngùng giùm bạn",negative,awkward
"Too much! Quá đà rồi",negative,excessive
"Try hard quá không?",negative,criticism
"Forced! Không natural",negative,artificial
"Acting quá! Fake lắm",negative,fake
"Attention seeking much?",negative,criticism
"Show off! Khoe khoang",negative,showing_off
"Humble brag đúng không?",negative,criticism
"Flex hard quá bạn ơi",negative,showing_off
"Rich kid problems",negative,privilege
"First world problems",negative,trivial
"Privileged much?",negative,privilege
"Out of touch! Không realistic",negative,unrealistic
"Spoiled! Được nuông chiều quá",negative,spoiled
"Drama queen! Làm to chuyện",negative,dramatic
"Overreacting! Phản ứng thái quá",negative,excessive
"Chill đi bạn! Bình tĩnh",neutral,calm_down
"Relax! Đừng stress",neutral,reassurance
"No big deal! Không sao đâu",neutral,dismissive
"It's not that serious",neutral,perspective
"Breathe! Thở sâu vào",neutral,calming
"Take it easy",neutral,advice
"Slow down a bit",neutral,suggestion
"One step at a time",neutral,guidance
"Rome wasn't built in a day",neutral,patience
"Good things take time",positive,patience
"Tôi ship hai bạn này!",positive,shipping
"OTP của tôi đây!",positive,shipping
"Chemistry tuyệt vời!",positive,chemistry
"Perfect match! Đôi hoàn hảo",positive,compatibility
"Meant to be! Trời sinh một cặp",positive,destiny
"Couple goals thật sự!",positive,relationship_goals
"Relationship này precious lắm",positive,precious
"Love story này sweet quá",positive,romantic
"Fairy tale vibes!",positive,fairy_tale
"Happily ever after energy",positive,romantic
"Single pringle ở đây!",neutral,single_status
"Forever alone club",negative,loneliness
"Third wheel life",neutral,single_status
"Cupid skip tôi rồi",negative,loneliness
"Love is in the air, except for me",negative,loneliness
"Valentine's Day is coming, tôi cần gấu",neutral,single_status
"Ai rảnh thì inbox tôi",neutral,availability
"DM is open",neutral,contact
"Slide into my DM",neutral,flirting
"Hit me up if interested",neutral,contact
"Let's be friends!",positive,friendship
"Tôi vừa bị spoil rồi!",negative,spoiler
"Spoiler alert! Cảnh báo",neutral,warning
"No spoilers please!",neutral,request
"Đừng spoil cho ai nha",neutral,warning
"I'm not ready for spoilers",neutral,not_ready
"Spoiler-free zone here",neutral,preference
"Don't ruin it for others",neutral,consideration
"Keep it vague please",neutral,request
"Hint thôi, đừng nói rõ",neutral,request
"Cryptic comments only",neutral,instruction
"Easter egg! Tìm được rồi",positive,discovery
"Hidden detail! Tinh tế lắm",positive,attention_to_detail
"Foreshadowing! Báo hiệu trước",positive,literary_appreciation
"Plot twist! Không ngờ",positive,surprise
"Mind blown! Sốc não",positive,amazement
"Didn't see that coming",positive,surprise
"Predictable! Đoán được rồi",negative,predictable
"Saw it coming from miles away",negative,obvious
"Too obvious! Dễ đoán quá",negative,predictable
"Cliche! Sáo rỗng",negative,cliche
"Trope này cũ rồi",negative,overused
"Original! Sáng tạo lắm",positive,originality
"Fresh perspective! Góc nhìn mới",positive,innovative
"Creative! Độc đáo",positive,creativity
"Out of the box thinking",positive,innovative
"Groundbreaking! Đột phá",positive,revolutionary
"Game changer! Thay đổi cuộc chơi",positive,impactful
"Iconic! Biểu tượng luôn",positive,iconic
"Legendary! Huyền thoại",positive,legendary
"Epic! Hoành tráng",positive,epic
"Masterpiece! Kiệt tác",positive,masterpiece
"Chef's kiss! Hoàn hảo",positive,perfection
"*Chef's kiss*",positive,perfection
"Flawless execution",positive,perfect_execution
"Nailed it! Làm chuẩn",positive,success
"Killed it! Xuất sắc",positive,excellence
"Slayed! Hủy diệt",positive,dominance
"Destroyed! Nghiền nát",positive,overwhelming_success
"Demolished the competition",positive,victory
"Left no crumbs! Không chừa gì",positive,complete_success
"Ate and left no crumbs",positive,perfect_performance
"Served! Phục vụ chuẩn",positive,delivery
"Delivered! Giao hàng đúng hẹn",positive,fulfillment
"Did not disappoint",positive,met_expectations
"Exceeded expectations",positive,surpassed
"Blew my mind! Thổi bay tâm trí",positive,mind_blowing
"Goosebumps! Da gà",positive,emotional_impact
"Chills! Rùng mình",positive,powerful_effect
"Tears! Nước mắt",positive,emotional
"Ugly crying right now",positive,emotional_overwhelm
"Bawling my eyes out",positive,intense_emotion
"Sobbing! Khóc nức nở",positive,emotional_response
"Waterworks! Vòi nước mắt",positive,crying
"Tissue box empty",positive,emotional_impact
"Heart is full! Tim đầy ấp",positive,fulfillment
"Butterflies in stomach",positive,excitement
"Heart racing! Tim đập mạnh",positive,excitement
"Adrenaline rush! Máu sôi",positive,thrilling
"On the edge of my seat",positive,suspense
"Holding my breath",positive,tension
"Can't look away",positive,captivating
"Glued to the screen",positive,engrossing
"Binge-watching mode activated",positive,addictive
"One more episode syndrome",positive,compelling
"Sleep is for the weak",positive,prioritizing_content
"Productivity has left the chat",negative,distraction
"Procrastination level: expert",negative,procrastination
"Deadline? What deadline?",negative,avoidance
"Priorities? I don't know her",negative,misplaced_priorities
"Responsible adult? Not today",negative,irresponsibility
"ko biet noi gi ca",neutral,speechless
"cung dc thoi",neutral,acceptance
"tam on",neutral,mediocre
"binh thuong",neutral,ordinary
"ko co y kien gi",neutral,no_opinion
"tuy ban",neutral,indifference
"dc roi",neutral,acceptance
"cung hay",positive,decent
"rat ok",positive,good
"tuyet voi qua",positive,excellent
"hay lam",positive,good_job
"dep trai qua",positive,handsome
"xinh gai qua",positive,beautiful
"cute wa di",positive,cute
"dang yeu qua",positive,adorable
"k thich lam",negative,dislike
"te qua",negative,terrible
"do ngu",toxic,insult
"ngu nhu bo",toxic,extreme_insult
"con cho",toxic,animal_insult
"thang lon",toxic,vulgar
"me may",toxic,extreme_vulgar
"dit me",toxic,extreme_vulgar
"cc gi day",toxic,confusion_vulgar
"vcl",toxic,abbreviation_vulgar
"wtf",toxic,confusion_vulgar
"dm",toxic,abbreviation_vulgar
"cmm",toxic,abbreviation_vulgar
"clmm",toxic,extreme_abbreviation_vulgar
"dcm",toxic,abbreviation_vulgar
"dcmm",toxic,extreme_abbreviation_vulgar
"vl",toxic,abbreviation_vulgar
"cl",toxic,abbreviation_vulgar
"lol rat hai",positive,funny
"lmao cuoi te",positive,hilarious
"rofl khong chiu noi",positive,extremely_funny
"haha ok ban",positive,laugh_agreement
"hehe cute",positive,cute_laugh
"hihi dang yeu",positive,sweet_laugh
"kkk hai qua",positive,korean_laugh
"555 thai funny",positive,thai_laugh
"23333 trung funny",positive,chinese_laugh
"wwww nhat funny",positive,japanese_laugh
"sao the",neutral,question
"sao vay",neutral,inquiry
"tai sao",neutral,why
"vi sao",neutral,reason
"the nao",neutral,how
"lam sao",neutral,method
"khi nao",neutral,when
"o dau",neutral,where
"ai day",neutral,who
"cai gi",neutral,what
"bao nhieu",neutral,how_much
"may gio",neutral,what_time
"ngay nao",neutral,which_day
"thang nao",neutral,which_month
"nam nao",neutral,which_year
"bn tuoi",neutral,age_question
"hok biet",neutral,dont_know
"ko ro",neutral,unclear
"chua hieu",negative,confusion
"hok hieu gi het",negative,total_confusion
"noi gi the",negative,what_are_you_saying
"gi ma",neutral,what_is_this
"cai deo gi",toxic,wtf_vulgar
"omg qua tuyet",positive,amazing
"wtf ngu qua",toxic,stupid_wtf
"bruh moment",negative,disappointment
"oke ban nhe",neutral,okay_polite
"ok luon",neutral,okay_strong
"okie dokie",neutral,cute_okay
"roger that",neutral,understood
"copy that",neutral,acknowledged
"10-4",neutral,radio_confirm
"yes sir",neutral,formal_yes
"aye aye captain",neutral,playful_yes
"gotcha",neutral,understood
"bet",neutral,agreement
"say less",neutral,understood
"bet that",positive,strong_agreement
"no cap",positive,truth
"fr fr",positive,for_real
"periodt",positive,period_emphasis
"and i oop",neutral,awkward_moment
"sksksk",positive,laugh_gen_z
"tea",neutral,gossip
"spill the tea",neutral,share_gossip
"that's the tea",neutral,truth_gossip
"periodt pooh",positive,emphasis_cute
"purr",positive,approval_gen_z
"slay queen",positive,encouragement
"go off",positive,expression_support
"we stan",positive,support
"stan loona",positive,kpop_stan
"bias wrecker",positive,kpop_term
"ult bias",positive,ultimate_favorite
"visual king",positive,attractive_praise
"vocal queen",positive,singing_praise
"dance machine",positive,dancing_praise
"rap god",positive,rapping_praise
"all rounder",positive,multi_talented
"ace",positive,all_around_talent
"golden maknae",positive,talented_youngest
"nation's mc",positive,hosting_praise
"cf king",positive,advertisement_popular
"ost queen",positive,soundtrack_specialist
"variety idol",positive,variety_show_good
"sns king",positive,social_media_popular
"selfie queen",positive,selfie_expert
"airport fashion",positive,travel_style
"red carpet look",positive,formal_fashion
"casual king",positive,everyday_style
"street style",positive,urban_fashion
"vintage vibes",positive,retro_style
"y2k aesthetic",positive,2000s_style
"cottagecore",positive,rural_aesthetic
"dark academia",positive,scholarly_aesthetic
"soft girl",positive,gentle_aesthetic
"e-girl",positive,alternative_online
"vsco girl",positive,environmental_aesthetic
"that girl",positive,perfect_lifestyle
"clean girl",positive,minimal_makeup
"no makeup makeup",positive,natural_look
"glass skin",positive,perfect_complexion
"honey skin",positive,golden_glow
"dewy skin",positive,hydrated_look
"matte finish",positive,non_shiny_makeup
"highlight poppin",positive,glowing_cheekbones
"contour snatched",positive,sculpted_face
"brows on fleek",positive,perfect_eyebrows
"lashes for days",positive,long_eyelashes
"lip combo",positive,lipstick_combination
"mlbb shade",positive,natural_lip_color
"holy grail",positive,favorite_product
"repurchase",positive,buy_again
"empties",neutral,used_up_products
"haul",neutral,shopping_spree
"unboxing",neutral,opening_packages
"first impressions",neutral,initial_thoughts
"wear test",neutral,product_trial
"before and after",neutral,transformation
"get ready with me",neutral,morning_routine
"grwm",neutral,get_ready_abbreviation
"ootd",neutral,outfit_of_day
"fotd",neutral,face_of_day
"motd",neutral,makeup_of_day
"notd",neutral,nails_of_day
"sotd",neutral,scent_of_day
"potd",neutral,product_of_day
"qotd",neutral,question_of_day
"totd",neutral,tip_of_day
"wotd",neutral,word_of_day
"cotd",neutral,color_of_day
"mood",neutral,current_feeling
"vibe check",neutral,feeling_assessment
"energy",neutral,personal_aura
"aura",positive,personal_presence
"main character",positive,protagonist_energy
"side character",negative,background_person
"npc energy",negative,non_player_character
"background character",negative,unimportant_person
"extra",negative,unnecessary_person
"supporting role",neutral,helper_person
"plot armor",positive,protected_status
"character development",positive,personal_growth
"redemption arc",positive,improvement_story
"villain arc",negative,becoming_bad
"hero's journey",positive,adventure_growth
"coming of age",positive,maturity_story
"slow burn",positive,gradual_development
"enemies to lovers",positive,relationship_trope
"friends to lovers",positive,relationship_progression
"love triangle",negative,complicated_romance
"second lead syndrome",negative,wrong_choice_pain
"happy ending",positive,satisfying_conclusion
"cliffhanger",negative,suspenseful_ending
"plot hole",negative,story_inconsistency
"deus ex machina",negative,convenient_solution
"mary sue",negative,perfect_character
"gary stu",negative,perfect_male_character
"self insert",negative,author_projection
"power fantasy",positive,wish_fulfillment
"guilty pleasure",positive,embarrassing_enjoyment
"comfort show",positive,relaxing_content
"comfort food",positive,satisfying_meal
"soul food",positive,emotionally_nourishing
"brain food",positive,intellectually_stimulating
"eye candy",positive,visually_pleasing
"ear candy",positive,pleasant_sounds
"arm candy",negative,attractive_accessory_person
"trophy wife",negative,status_symbol_spouse
"sugar daddy",negative,financial_relationship
"gold digger",negative,money_motivated
"clout chaser",negative,fame_seeker
"social climber",negative,status_seeker
"wannabe",negative,aspiring_poser
"poser",negative,fake_person
"fake it till you make it",neutral,pretend_until_real
"dress for the job you want",positive,aspirational_dressing
"act as if",positive,confidence_building
"manifestation",positive,positive_thinking
"law of attraction",positive,mindset_belief
"good vibes only",positive,positivity_only
"positive energy",positive,good_feelings
"toxic positivity",negative,forced_happiness
"gaslight gatekeep girlboss",negative,problematic_feminism
"live laugh love",negative,basic_motto
"blessed",positive,grateful_feeling
"grateful",positive,thankful_emotion
"thankful",positive,appreciation_feeling
"abundance mindset",positive,plenty_thinking
"scarcity mindset",negative,lack_thinking
"growth mindset",positive,learning_attitude
"fixed mindset",negative,static_thinking
"Bài viết này thực sự rất hữu ích",positive,useful
"Bạn chia sẻ thông tin rất rõ ràng",positive,appreciation
"Cảm ơn bạn đã cung cấp kiến thức bổ ích",positive,gratitude
"Mình sẽ lưu lại để đọc sau",positive,interest
"Quan điểm này mình hoàn toàn đồng tình",positive,agreement
"Chủ đề này đang rất hot, cảm ơn bạn đã viết",positive,trending
"Nội dung hấp dẫn và dễ hiểu",positive,appreciation
"Mình sẽ áp dụng thử cách bạn nói",positive,useful
"Bài viết chi tiết và chuyên sâu quá",positive,appreciation
"Tác giả có vẻ rất am hiểu lĩnh vực này",positive,compliment
"Tôi không đồng tình với ý kiến trên",negative,disagreement
"Nội dung thiếu chiều sâu và khó hiểu",negative,criticism
"Bài viết lan man, chưa rõ ý chính",negative,confusion
"Hơi thiên vị một phía",negative,bias
"Thông tin không được kiểm chứng rõ ràng",negative,warning
"Bài viết gây tranh cãi quá",negative,controversial
"Phong cách viết hơi khô khan",negative,style
"Đọc hơi mệt vì cách trình bày",negative,criticism
"Không phù hợp với người mới bắt đầu",negative,accessibility
"Chưa thuyết phục mình lắm",negative,skepticism
"Mày ngu quá đi!",toxic,insult
"Biến mẹ mày đi!",toxic,curse
"Câm mồm lại đi thằng óc chó",toxic,aggressive
"Thật là ngu hết phần thiên hạ",toxic,insult
"Loại người như mày không nên tồn tại",toxic,hate
"Ngu như bò",toxic,insult
"Đừng có láo!",toxic,rude
"Chó chết!",toxic,curse
"Không ai thèm quan tâm đâu",toxic,offensive
"Lượn đi cho nước nó trong",toxic,aggressive
"Hay quá bạn ơi! Làm thêm video như này nhé",positive,encouragement
"Chất lượng nội dung đỉnh cao luôn",positive,compliment
"Wow, không ngờ bạn làm hay thế!",positive,amazement
"Cảm ơn bạn đã giải thích rõ ràng",positive,gratitude
"Clip này đúng gu tui luôn á",positive,appreciation
"Chúc bạn ngày càng phát triển kênh nha",positive,blessing
"Bạn làm nội dung sáng tạo quá trời",positive,creativity
"Nhạc nền chill phết, thích lắm!",positive,appreciation
"Tôi học được nhiều từ bài này, thanks!",positive,gratitude
"Đồng ý với bạn, quan điểm này chuẩn",positive,agreement
"Chán thật, nội dung này không hợp tui",negative,dislike
"Hơi thất vọng, tui kỳ vọng nhiều hơn",negative,disappointment
"Bạn ơi, phần này hơi khó hiểu nha",negative,confusion
"Không thấy hay lắm, bình thường thôi",negative,mediocre
"Video này dài quá, cắt ngắn chút đi",negative,suggestion
"Thông tin này không đúng đâu bạn",negative,correction
"Có gì đó sai sai ở đây",negative,doubt
"Không ấn tượng lắm, cần cải thiện thêm",negative,criticism
"Tui không thích cách trình bày này",negative,dislike
"Nói gì mà lan man thế không biết",negative,confusion
"Đù má, làm cái gì kỳ vậy?",toxic,vulgar
"Thằng này ngu vãi, nói tào lao",toxic,insult
"Cmm, đừng có post mấy cái này nữa",toxic,curse
"Đồ điên, ai rảnh xem cái này?",toxic,offensive
"Mày bị khùng hả, nội dung rác vcl",toxic,extreme_insult
"Láo toét, cút mẹ mày đi",toxic,aggressive
"Thằng óc chó, nói gì mà ngu thế",toxic,insult
"Đm, video này tốn thời gian vãi",toxic,vulgar
"Không ai thèm quan tâm đâu, biến đi",toxic,aggressive
"Đồ ngu, học lại cách làm video đi",toxic,insult
"Ờ, được thôi",neutral,acceptance
"Hiểu rồi, cảm ơn bạn",neutral,acknowledgment
"Để tui xem thử cái này",neutral,consideration
"Cũng bình thường, không có gì đặc biệt",neutral,mediocre
"Tùy bạn, tui không ý kiến",neutral,indifference
"OK, tui sẽ check sau",neutral,acknowledgment
"Không sao đâu, cứ làm đi",neutral,dismissal
"Có vẻ ổn, nhưng tui chưa chắc",neutral,uncertain
"Chờ xem bạn làm gì tiếp theo",neutral,anticipation
"Tạm được, không tệ",neutral,mediocre
"Chúc mừng bạn ra mắt sản phẩm mới!",positive,celebration
"Chúc bạn thi tốt nha!",positive,encouragement
"Happy new year! Chúc năm mới vui vẻ",positive,celebration
"Chúc bạn sớm bình phục nha",positive,care
"Yêu bạn nhiều, nội dung đỉnh quá!",positive,admiration
"Hài xỉu luôn, làm thêm đi bạn!",positive,humor
"LOL, cười muốn chết với video này",positive,humor
"Quá xuất sắc, tui fan bạn luôn!",positive,praise
"Bạn ơi, làm tut chi tiết hơn được không?",neutral,request
"Link tải ở đâu vậy bạn?",neutral,question
"Video lag quá, fix giùm nha",neutral,technical_issue
"Không load được, bạn check lại đi",neutral,technical_issue
"Âm thanh hơi nhỏ, tăng volume lên nha",neutral,suggestion
"Tui cần thêm thông tin về phần này",neutral,request
"Nói gì vậy, tui không hiểu?",neutral,confusion
"Giải thích thêm chút đi bạn",neutral,question
"Trend này hot thật, bạn bắt kịp ghê",positive,trending
"Video này viral chắc luôn!",positive,popular
"Đang hot topic này, hay lắm!",positive,buzzing
"Content này đúng đỉnh của chóp!",positive,excellence
"Xạo quá, đừng có đăng tin fake nha",negative,warning
"Quảng cáo nhiều quá, chán luôn",negative,annoyance
"Spam comment hoài, mệt ghê",negative,complaint
"Clickbait à, thất vọng thật",negative,criticism
"Đm, lừa đảo hả? Đừng tin!",toxic,warning
"Mày làm cái quái gì vậy, dở vcl",toxic,insult
"Thằng khốn, cút khỏi đây đi",toxic,curse
"Đồ rác rưởi, đừng đăng nữa",toxic,offensive
"Mày bị gì mà post mấy cái này?",toxic,aggressive
"Chất quá, bạn là số 1!",positive,compliment
"Ngầu lòi luôn, respect bạn!",positive,admiration
"Tui mê phong cách của bạn ghê",positive,appreciation
"Video này đúng là kiệt tác!",positive,masterpiece
"Đỉnh cao, không có gì để chê!",positive,perfection
"Nhạc nền này tên gì vậy?",neutral,question
"Bạn dùng app gì để edit vậy?",neutral,question
"Camera xịn thế, bao nhiêu tiền?",neutral,inquiry
"Setup này đỉnh quá, share đi bạn!",neutral,request
"Cảm giác y như phim Hollywood!",positive,cinematic
"Tim tui tan chảy vì nội dung này",positive,heartwarming
"Xúc động quá, khóc luôn!",positive,emotional
"Video này đúng là chữa lành tâm hồn",positive,therapeutic
"Đúng vibe tui luôn, yêu ghê!",positive,lifestyle
"Crush của tui đây, OTP luôn!",positive,shipping
"Đôi này cute xỉu, ship mạnh!",positive,relationship_goals
"Tui single mà xem cái này buồn ghê",negative,loneliness
"Valentine tới rồi, tui vẫn FA",neutral,single_status
"DM tui đi, tui rảnh nè!",neutral,contact
"Ghét thật, nội dung này cringe quá",negative,cringe
"Ngại giùm luôn, awkward vãi",negative,awkward
"Try hard quá, bớt bớt đi bạn",negative,criticism
"Fake vcl, không tự nhiên gì hết",negative,artificial
"Khoe khoang gì mà nhiều thế?",negative,showing_off
"Chill đi bạn, bình tĩnh nào",neutral,calm_down
"Không có gì to tát đâu, relax!",neutral,reassurance
"Thở sâu vô, đừng căng thẳng",neutral,calming
"Plot twist đỉnh cao, bất ngờ luôn!",positive,surprise
"Không đoán được luôn, hay lắm!",positive,amazement
"Đoán được từ đầu, chán ghê",negative,predictable
"Cũ rồi, tui thấy nhàm lắm",negative,overused
"Sáng tạo vãi, lần đầu thấy luôn!",positive,originality
"Đỉnh của chóp, bạn là huyền thoại!",positive,legendary
"Video này đỉnh thật, bạn làm tốt lắm!",positive,compliment
"Quá hay, tui mê nội dung của bạn luôn!",positive,admiration
"Chia sẻ hay thế, cảm ơn bạn nhiều nha!",positive,gratitude
"Bạn giải thích dễ hiểu ghê, thích quá!",positive,appreciation
"Chất lượng video này xứng đáng viral!",positive,excellence
"Chúc bạn ngày càng thành công nha!",positive,encouragement
"Nội dung sáng tạo, tui học được nhiều!",positive,creativity
"Nhạc nền đúng vibe, chill quá trời!",positive,appreciation
"Bạn làm tui cười xỉu luôn, hài lắm!",positive,humor
"Quan điểm này tui ủng hộ hết mình!",positive,support
"Không thích lắm, hơi nhạt nhẽo",negative,dislike
"Video này dài dòng quá, chán ghê",negative,boredom
"Có gì đó không ổn, cần cải thiện",negative,criticism
"Hơi khó hiểu, bạn giải thích thêm nha",negative,confusion
"Nội dung này không đúng lắm đâu",negative,correction
"Thất vọng ghê, tui mong hay hơn",negative,disappointment
"Không hợp gu tui, bỏ qua thôi",negative,personal_preference
"Cần chỉnh lại cách trình bày cho hấp dẫn",negative,suggestion
"Nhàm chán, tui lướt qua luôn",negative,uninteresting
"Thông tin này không thuyết phục tui",negative,skepticism
"Đm, video gì mà dở vcl!",toxic,vulgar
"Thằng này nói nhảm, ngu hết chỗ nói",toxic,insult
"Cmm, đừng đăng mấy thứ rác này nữa",toxic,curse
"Mày bị điên hả, nội dung gì kỳ vậy?",toxic,offensive
"Đồ ngu, làm video kiểu gì thế?",toxic,insult
"Láo thật, biến đi cho rồi!",toxic,aggressive
"Thằng óc chó, nói gì mà tào lao thế",toxic,insult
"Đm, tốn thời gian xem cái này",toxic,vulgar
"Mày post cái gì vớ vẩn vậy?",toxic,offensive
"Đồ khốn, cút mẹ mày đi!",toxic,curse
"OK, tui hiểu rồi",neutral,acknowledgment
"Được thôi, cứ làm đi",neutral,acceptance
"Để tui suy nghĩ thêm chút",neutral,consideration
"Bình thường, không có gì nổi bật",neutral,mediocre
"Tùy bạn, tui không ý kiến gì",neutral,indifference
"Cũng được, tui sẽ xem tiếp",neutral,acceptance
"Không sao, cứ tiếp tục nha",neutral,dismissal
"Có vẻ ổn, nhưng tui chưa chắc",neutral,uncertain
"Chờ phần tiếp theo của bạn nha",neutral,anticipation
"Tạm ổn, nhưng có thể hay hơn",neutral,mediocre
"Chúc mừng bạn ra video mới nha!",positive,celebration
"Chúc bạn thi đỗ, cố lên!",positive,encouragement
"Chúc năm mới vui vẻ, phát tài!",positive,celebration
"Chúc bạn mau khỏe, keep strong!",positive,care
"Yêu nội dung của bạn, đỉnh quá!",positive,admiration
"Hài vãi, làm thêm clip như này đi!",positive,humor
"LOL, cười đau bụng luôn á!",positive,humor
"Bạn là idol tui luôn, xuất sắc!",positive,praise
"Bạn ơi, làm tut chi tiết hơn nha?",neutral,request
"Link tải ở đâu vậy, chỉ tui với!",neutral,question
"Video bị lag, bạn fix giùm nha",neutral,technical_issue
"Hình không load được, check lại đi",neutral,technical_issue
"Âm thanh nhỏ quá, tăng lên nha",neutral,suggestion
"Cần thêm info về phần này, bạn ơi",neutral,request
"Nói gì thế, tui hổng hiểu?",neutral,confusion
"Giải thích thêm chút nha bạn",neutral,question
"Trend này hot vãi, bạn bắt trend đỉnh!",positive,trending
"Video này chắc chắn viral luôn!",positive,popular
"Đang hot trên mạng, hay lắm bạn!",positive,buzzing
"Content này đỉnh của chóp luôn!",positive,excellence
"Xạo quá, đừng đăng tin fake nha!",negative,warning
"Quảng cáo nhiều, chán vãi luôn",negative,annoyance
"Spam comment hoài, mệt ghê!",negative,complaint
"Clickbait quá, thất vọng thật sự",negative,criticism
"Đm, lừa đảo à? Đừng tin nha!",toxic,warning
"Mày làm nội dung gì dở thế, vcl!",toxic,insult
"Thằng khốn, đừng đăng nữa!",toxic,curse
"Đồ rác, xóa video này đi!",toxic,offensive
"Mày bị gì mà post mấy cái này?",toxic,aggressive
"Chất quá, bạn đúng là number one!",positive,compliment
"Ngầu vãi, respect bạn luôn!",positive,admiration
"Phong cách bạn tui mê xỉu!",positive,appreciation
"Video này đúng là tuyệt phẩm!",positive,masterpiece
"Không chê vào đâu được, perfect!",positive,perfection
"Bài nhạc nền này tên gì vậy?",neutral,question
"Bạn dùng app gì edit video thế?",neutral,question
"Camera xịn quá, giá bao nhiêu?",neutral,inquiry
"Setup đỉnh vậy, share đi bạn!",neutral,request
"Như phim Hollywood, chất vãi!",positive,cinematic
"Tim tui tan chảy với nội dung này!",positive,heartwarming
"Xúc động quá, khóc thật luôn!",positive,emotional
"Video này chữa lành tâm hồn ghê",positive,therapeutic
"Đúng vibe tui luôn, yêu lắm!",positive,lifestyle
"Crush của tui đây, OTP số 1!",positive,shipping
"Đôi này cute vãi, ship nhiệt tình!",positive,relationship_goals
"Tui FA mà xem cái này buồn ghê",negative,loneliness
"Valentine tới, tui vẫn single pringle",neutral,single_status
"DM tui đi, tui rảnh lắm nè!",neutral,contact
"Ghét ghê, nội dung này cringe vãi!",negative,cringe
"Ngại giùm luôn, awkward quá!",negative,awkward
"Try hard quá, bớt đi bạn ơi!",negative,criticism
"Fake vcl, chả tự nhiên gì hết",negative,artificial
"Khoe khoang nhiều quá, mệt!",negative,showing_off
"Chill đi bạn, đừng căng thẳng!",neutral,calm_down
"Không có gì to tát, relax nha!",neutral,reassurance
"Thở sâu vào, bình tĩnh nào!",neutral,calming
"Plot twist đỉnh, bất ngờ vãi!",positive,surprise
"Không đoán nổi luôn, hay quá!",positive,amazement
"Đoán được từ đầu, chán thật",negative,predictable
"Cũ kỹ, tui thấy nhàm chán",negative,overused
"Sáng tạo vãi, lần đầu thấy luôn!",positive,originality
"Đỉnh cao, bạn là huyền thoại thật!",positive,legendary
"Video này đỉnh quá, tiếp tục phát huy nha!",positive,encouragement
"Nội dung chất lượng, tui mê luôn!",positive,admiration
"Cảm ơn bạn đã chia sẻ, hữu ích lắm!",positive,gratitude
"Bạn trình bày dễ hiểu, thích ghê!",positive,appreciation
"Clip này đáng để viral, đỉnh thật!",positive,excellence
"Chúc bạn ngày càng nổi tiếng nha!",positive,blessing
"Sáng tạo vãi, nội dung độc lạ luôn!",positive,creativity
"Nhạc nền chill, nghe sướng tai!",positive,appreciation
"Cười xỉu với video này, hài quá!",positive,humor
"Tui đồng ý 100% với bạn luôn!",positive,agreement
"Chán vãi, nội dung này nhạt nhẽo",negative,dislike
"Thất vọng ghê, tui mong hay hơn nhiều",negative,disappointment
"Phần này khó hiểu, giải thích thêm đi",negative,confusion
"Không có gì đặc biệt, bình thường thôi",negative,mediocre
"Video dài quá, cắt bớt đi bạn",negative,suggestion
"Thông tin sai rồi, check lại nha!",negative,correction
"Có gì đó không đúng, nghi ngờ ghê",negative,doubt
"Nội dung này chán, cần cải thiện nhiều",negative,criticism
"Không hợp gu tui, lướt qua thôi",negative,personal_preference
"Lan man quá, tui không hiểu gì hết",negative,confusion
"Nhái Liên Quân à? Tuổi gì so với bản gốc!",toxic,insult
"Tuổi lồn mà đòi làm nội dung chất?",toxic,vulgar
"Đm, video này rác vcl, xóa đi!",toxic,curse
"Thằng này ngu, làm cái gì kỳ vậy?",toxic,insult
"Mày tuổi gì mà khoe khoang ở đây?",toxic,aggressive
"Cmm, nhái Liên Quân mà dở thế!",toxic,curse
"Đồ óc chó, nói nhảm hoài!",toxic,insult
"Tuổi lồn đòi dạy đời à? Biến đi!",toxic,vulgar
"Mày làm nội dung gì mà tào lao vcl",toxic,offensive
"Đm, tốn thời gian xem cái rác này!",toxic,curse
"OK bạn ơi, tui hiểu rồi",neutral,acknowledgment
"Được thôi, cứ làm tiếp đi",neutral,acceptance
"Để tui xem xét thêm nha",neutral,consideration
"Cũng bình thường, không có gì hot",neutral,mediocre
"Tùy bạn, tui không quan tâm lắm",neutral,indifference
"Ờ, tui sẽ check sau",neutral,acknowledgment
"Không sao, bạn cứ đăng tiếp",neutral,dismissal
"Có vẻ ổn, nhưng tui chưa chắc",neutral,uncertain
"Chờ video sau của bạn nha!",neutral,anticipation
"Tạm được, nhưng chưa ấn tượng",neutral,mediocre
"Chúc mừng bạn ra clip mới, đỉnh lắm!",positive,celebration
"Chúc bạn thi tốt, cố lên nha!",positive,encouragement
"Chúc năm mới vui vẻ, phát tài phát lộc!",positive,celebration
"Chúc bạn mau khỏe, stay strong!",positive,care
"Yêu nội dung của bạn, chất quá trời!",positive,admiration
"Hài vãi, làm thêm clip hài đi bạn!",positive,humor
"LOL, cười sái quai hàm luôn!",positive,humor
"Bạn là number one, xuất sắc!",positive,praise
"Bạn làm tut chi tiết hơn được không?",neutral,request
"Link ở đâu vậy, share đi bạn!",neutral,question
"Video lag quá, fix giùm nha",neutral,technical_issue
"Hình không load được, check lại đi",neutral,technical_issue
"Âm thanh bé quá, tăng volume nha",neutral,suggestion
"Cần thêm thông tin, giải thích thêm!",neutral,request
"Nói gì vậy, tui không hiểu gì hết?",neutral,confusion
"Giải thích thêm chút đi bạn ơi",neutral,question
"Trend này hot vãi, bạn bắt trend đỉnh!",positive,trending
"Clip này chắc chắn viral, chất lắm!",positive,popular
"Đang hot trên mạng, hay quá bạn!",positive,buzzing
"Nội dung này đỉnh của chóp luôn!",positive,excellence
"Xạo quá, đừng đăng tin giả nha!",negative,warning
"Quảng cáo hoài, chán vcl luôn!",negative,annoyance
"Spam comment nhiều quá, mệt ghê",negative,complaint
"Clickbait à, thất vọng vãi!",negative,criticism
"Đm, lừa đảo hả? Đừng tin nhé!",toxic,warning
"Mày nhái Liên Quân mà dở thế, vcl!",toxic,insult
"Thằng khốn, xóa video này đi!",toxic,curse
"Đồ rác rưởi, đừng đăng nữa nha!",toxic,offensive
"Mày bị gì mà post mấy cái này?",toxic,aggressive
"Chất vãi, bạn đúng là top 1!",positive,compliment
"Ngầu lòi, tui respect bạn luôn!",positive,admiration
"Phong cách bạn tui mê xỉu!",positive,appreciation
"Video này đúng là kiệt tác luôn!",positive,masterpiece
"Không chê được, perfect 100%!",positive,perfection
"Nhạc nền này là bài gì vậy?",neutral,question
"Bạn dùng app gì để edit video?",neutral,question
"Camera xịn vãi, bao nhiêu tiền?",neutral,inquiry
"Setup đỉnh thế, share đi bạn!",neutral,request
"Như phim bom tấn, chất vãi!",positive,cinematic
"Tim tui tan chảy với clip này!",positive,heartwarming
"Xúc động quá, tui khóc luôn!",positive,emotional
"Video này đúng chữa lành tâm hồn",positive,therapeutic
"Đúng vibe tui luôn, yêu ghê!",positive,lifestyle
"Crush tui đây, OTP đỉnh cao!",positive,shipping
"Đôi này cute vãi, ship nhiệt tình!",positive,relationship_goals
"Tui single mà xem cái này buồn vcl",negative,loneliness
"Valentine tới, tui vẫn FA đây",neutral,single_status
"DM tui đi, tui rảnh nè bạn!",neutral,contact
"Ghét thật, nội dung này cringe quá!",negative,cringe
"Ngại giùm luôn, awkward vcl!",negative,awkward
"Try hard quá, bớt bớt đi nha!",negative,criticism
"Fake vãi, chả tự nhiên tí nào!",negative,artificial
"Khoe khoang nhiều quá, mệt thật!",negative,showing_off
"Chill đi bạn ơi, bình tĩnh nào!",neutral,calm_down
"Không có gì to tát, relax nha!",neutral,reassurance
"Thở sâu vô, đừng căng thẳng!",neutral,calming
"Plot twist đỉnh vãi, bất ngờ luôn!",positive,surprise
"Không đoán được, hay quá trời!",positive,amazement
"Đoán được từ đầu, chán vãi!",negative,predictable
"Cũ kỹ quá, tui thấy nhàm",negative,overused
"Sáng tạo vcl, lần đầu tui thấy!",positive,originality
"Đỉnh của chóp, bạn là huyền thoại!",positive,legendary
"Video nì đỉnh vcl, làm típ đi b!",positive,encouragement
"Content ngau xĩu, t mê luôn á!",positive,admiration
"Tks b nhìu, info hữu ích vcl!",positive,gratitude
"B giải thích dễ hỉu, thik ghê!",positive,appreciation
"Clip nì viral chắc lun, chất vl!",positive,excellence
"Chúc b ngày càng hot nha!",positive,blessing
"Nội dung sáng tạo xĩu, học dc nhìu!",positive,creativity
"Nhạc nền chill vcl, nghe sướng tai!",positive,appreciation
"Cười xĩu vs clip nì, hài vl!",positive,humor
"T cx đồng ý vs b, chuẩn lun!",positive,agreement
"Chán vcl, nội dung nì nhạt qué!",negative,dislike
"Thất vọng ghê, t mong hay hơn á",negative,disappointment
"Phần nì hok hỉu, giải thích thêm đi",negative,confusion
"Hok có gì hot, bt thui!",negative,mediocre
"Video dài qué, cắt bớt đi b!",negative,suggestion
"Info sai rùi, check lại nha!",negative,correction
"Có j đó sai sai, nghi vcl!",negative,doubt
"Nội dung nì chán, cần cải thiện nhìu!",negative,criticism
"Hok hợp gu t, lướt qua thui!",negative,personal_preference
"Lan man qué, t hok hỉu gì hết!",negative,confusion
"Nhái Liên Quân hả? Tuổi gì so dc!",toxic,insult
"Tuổi lồn mà đòi làm content chất?",toxic,vulgar
"Dm, clip nì rác vcl, xóa đi!",toxic,curse
"Thằng nì ngu, làm cái gì kỳ zậy?",toxic,insult
"Mày tuổi gì mà khoe khoang zậy?",toxic,aggressive
"Cmm, nhái Liên Quân mà dở vcl!",toxic,curse
"Thằng óc chó, nói nhảm hoài!",toxic,insult
"Tuổi lồn đòi dạy đời? Biến đi!",toxic,vulgar
"Mày làm content gì tào lao vcl!",toxic,offensive
"Dm, tốn time xem cái rác nì!",toxic,curse
"Oke b ơi, t hỉu rùi!",neutral,acknowledgment
"Đc thui, cứ làm típ đi!",neutral,acceptance
"Để t coi lại nha, hok chắc!",neutral,consideration
"Cx bt, hok có gì hot!",neutral,mediocre
"Tùy b, t hok care lắm!",neutral,indifference
"Oke, t check sau nha!",neutral,acknowledgment
"Hok sao, b cứ post típ!",neutral,dismissal
"Có vẻ oke, nhưng t hok chắc!",neutral,uncertain
"Chờ clip sau của b nha!",neutral,anticipation
"Tạm oke, nhưng cx hok ấn tượng!",neutral,mediocre
"Chúc b ra vid mới, đỉnh vl!",positive,celebration
"Chúc b thi tốt, cố lên nha!",positive,encouragement
"Chúc năm mới zui, phát tài nha!",positive,celebration
"Chúc b mau khỏe, mạnh mẽ nha!",positive,care
"Yêu content của b, chất xĩu!",positive,admiration
"Hài vcl, làm thêm vid hài đi b!",positive,humor
"LOL, cười đau bụng lun á!",positive,humor
"B là idol t lun, đỉnh vcl!",positive,praise
"B ơi, làm tut chi tiết hơn nha?",neutral,request
"Link ở đâu zậy, share đi b!",neutral,question
"Vid lag qué, fix giùm nha!",neutral,technical_issue
"Hình hok load dc, check lại đi!",neutral,technical_issue
"Âm thanh nhỏ qué, tăng lên nha!",neutral,suggestion
"Cần thêm info, giải thích thêm nha!",neutral,request
"Nói gì zậy, t hok hỉu gì hết?",neutral,confusion
"Giải thích thêm đi b ơi!",neutral,question
"Trend nì hot vcl, b bắt trend đỉnh!",positive,trending
"Vid nì viral chắc lun, chất vl!",positive,popular
"Đang hot trên mạng, hay xĩu!",positive,buzzing
"Content nì đỉnh của chóp lun!",positive,excellence
"Xạo qué, đừng post tin fake nha!",negative,warning
"QC nhìu vcl, chán ghê!",negative,annoyance
"Spam cmt hoài, mệt vcl!",negative,complaint
"Clickbait à, thất vọng xĩu!",negative,criticism
"Dm, lừa đảo hả? Đừng tin nha!",toxic,warning
"Mày nhái Liên Quân mà dở vcl!",toxic,insult
"Thằng khốn, xóa vid nì đi!",toxic,curse
"Đồ rác, đừng post nữa nha!",toxic,offensive
"Mày bị gì mà post mấy cái nì?",toxic,aggressive
"Chất vcl, b đỉnh số 1 lun!",positive,compliment
"Ngầu xĩu, t respect b lun!",positive,admiration
"Phong cách b t mê xĩu lun!",positive,appreciation
"Vid nì đúng kiệt tác lun á!",positive,masterpiece
"Hok chê dc, perfect vcl!",positive,perfection
"Nhạc nền nì là bài gì zậy?",neutral,question
"B dùng app gì edit vid zậy?",neutral,question
"Cam xịn vcl, giá bn zậy?",neutral,inquiry
"Setup đỉnh thế, share đi b!",neutral,request
"Như phim bom tấn, chất xĩu!",positive,cinematic
"Tim t xĩu vs clip nì lun!",positive,heartwarming
"Xúc động qué, t khóc lun!",positive,emotional
"Vid nì đúng chữa lành tâm hồn!",positive,therapeutic
"Đúng vibe t lun, yêu xĩu!",positive,lifestyle
"Crush t nì, OTP số 1 lun!",positive,shipping
"Đôi nì cute vcl, ship mạnh!",positive,relationship_goals
"T single mà coi nì buồn vcl!",negative,loneliness
"Valentine tới, t vẫn FA nè!",neutral,single_status
"DM t đi, t rảnh lắm nè!",neutral,contact
"Ghét qué, content nì cringe vcl!",negative,cringe
"Ngại giùm lun, awkward xĩu!",negative,awkward
"Try hard qué, bớt bớt đi nha!",negative,criticism
"Fake vcl, hok tự nhiên gì hết!",negative,artificial
"Khoe nhìu qué, mệt vcl!",negative,showing_off
"Chill đi b, bình tĩnh nha!",neutral,calm_down
"Hok có gì to tát, relax nha!",neutral,reassurance
"Thở sâu vô, đừng căng thẳng!",neutral,calming
"Plot twist đỉnh vcl, bất ngờ lun!",positive,surprise
"Hok đoán dc, hay xĩu lun!",positive,amazement
"Đoán dc từ đầu, chán vcl!",negative,predictable
"Cũ qué, t thấy nhạt vcl!",negative,overused
"Sáng tạo xĩu, lần đầu t thấy!",positive,originality
"Đỉnh của chóp, b là huyền thoại!",positive,legendary
"Tâm thần mà biết đường vô phá ngai vàng, giỏi ghê ha","toxic","sarcasm"
"Bảo vệ kiểu gì mà để người ta vô phá đồ quốc bảo vậy trời","negative","anger"
"Thôi cho ông này vô bệnh viện tâm thần đi, thả ra nguy hiểm xã hội","neutral","suggestion"
"Ngáo đá chứ tâm thần gì, nhìn cái mặt là biết liền","toxic","insult"
"Hài vl, chắc tưởng mình là vua nên phá ngai vàng luôn","neutral","humor"
"Triều Nguyễn còn thì ông này bị chém đầu lâu rồi nha","toxic","curse"
"Ai mua vé cho ông này vô vậy, tâm thần kiểu gì kỳ thế","neutral","question"
"Đề nghị sửa luật, tâm thần ko thể là lý do thoát tội","negative","suggestion"
"An ninh lỏng lẻo quá, cần sa thải hết đội bảo vệ đi","negative","anger"
"Thương ông này thiệt, chắc bệnh nặng lắm mới làm vậy","positive","neutral"
"Ngồi lên ngai vàng xong phá, chắc nghĩ mình là Tôn Ngộ Không","neutral","humor"
"Coi clip thấy ông này ngáo ngáo sao sao, không bình thường","neutral","neutral"
"Lại cái chiêu tâm thần để thoát tội, chán ghê","negative","sarcasm"
"Bảo vệ lăng chắc đi đánh bài nên ko thấy gì hết","toxic","sarcasm"
"Phá đồ quý thế này mà không bị gì thì đúng là bất công","negative","anger"
"Tâm thần thì gia đình phải trông chứ, thả ra làm gì","neutral","suggestion"
"Coi video buồn cười ghê, ông này phá mà tỉnh bơ","neutral","humor"
"Đúng là loạn thần tặc tử, đáng bị xử nặng","toxic","insult"
"Hỏi thật, tâm thần sao biết đường vô chỗ ngai vàng?","neutral","question"
"Cần luật riêng cho mấy người ngáo đá phá hoại","negative","suggestion"
"Thằng này đáng bị tùng xẻo, phá di sản quốc gia","toxic","curse"
"Bảo vệ ngủ quên hay sao mà để chuyện này xảy ra","negative","sarcasm"
"Tội nghiệp ông này, chắc bị bệnh nặng lắm","positive","neutral"
"Hài hước ghê, chắc tưởng mình là vua nên phá ngai","neutral","humor"
"An ninh yếu kém, cần xem lại quy trình bảo vệ di sản","negative","suggestion"
"Tâm thần mà phá đúng chỗ quan trọng, kn nổi","toxic","sarcasm"
"Phá hoại thế này thì phải phạt thật nặng, tâm thần hay không","negative","anger"
"Ai thả ông này ra mà để vô phá hoại vậy trời","neutral","question"
"Ngáo đá xong phá đồ, giờ lại kêu tâm thần, chán","negative","sarcasm"
"Coi clip thấy ông này hành động kỳ kỳ, chắc bệnh thật","neutral","neutral"
"Đội bảo vệ lăng làm ăn kiểu gì, đuổi việc hết đi","negative","anger"
"Tâm thần thì nhốt vô viện, thả ra làm gì","neutral","suggestion"
"Hài vl, chắc nghĩ mình là hoàng đế nên phá ngai","neutral","humor"
"Phá di sản quốc gia mà thoát tội thì đúng là bất công","negative","anger"
"Tâm thần sao tự đi được tới đó, nghi lắm","toxic","sarcasm"
"Cần xử lý nghiêm, ko thể để tâm thần là cái cớ","negative","suggestion"
"Bảo vệ lăng chắc đi uống cà phê nên ko thấy gì","negative","sarcasm"
"Thương ông này, chắc ko kiểm soát được hành vi","positive","neutral"
"Hài hước ghê, phá ngai vàng mà tỉnh bơ luôn","neutral","humor"
"An ninh yếu quá, cần cải thiện ngay","negative","suggestion"
"Tâm thần mà phá đúng chỗ, kn nổi","toxic","sarcasm"
"Phá hoại di sản thì phải đi tù, tâm thần cũng vậy","negative","anger"
"Ai dẫn ông này vô được vậy, lạ quá","neutral","question"
"Ngáo đá xong kêu tâm thần, quen thuộc ghê","negative","sarcasm"
"Coi clip thấy ông này lạ lạ, chắc bệnh nặng","neutral","neutral"
"Bảo vệ lăng làm ăn kiểu gì, sa thải hết đi","negative","anger"
"Tâm thần thì gia đình phải quản lý chứ","neutral","suggestion"
"Hài vl, chắc tưởng mình là vua triều Nguyễn","neutral","humor"
"Phá di sản quốc gia mà ko bị gì, bất công quá","negative","anger"
"Tâm thần sao biết phá ngai vàng, nghi ngờ lắm","toxic","sarcasm"
"Cần luật nghiêm hơn cho mấy vụ phá hoại","negative","suggestion"
"Thằng này đáng bị xử chém, phá đồ quý","toxic","curse"
"Bảo vệ lăng chắc đi ngủ nên ko thấy gì","negative","sarcasm"
"Tội ông này, chắc bệnh tâm thần nặng lắm","positive","neutral"
"Hài hước ghê, phá ngai mà tỉnh như sáo","neutral","humor"
"An ninh lăng yếu kém, cần thay đổi gấp","negative","suggestion"
"Tâm thần mà phá đúng chỗ, kn nổi","toxic","sarcasm"
"Phá di sản thì phải phạt nặng, ko tha","negative","anger"
"Ai thả ông này ra mà để vô phá vậy","neutral","question"
"Ngáo đá xong kêu tâm thần, chiêu cũ rích","negative","sarcasm"
"Coi clip thấy ông này hành động kỳ, chắc bệnh thật","neutral","neutral"
"Đội bảo vệ lăng làm ăn kiểu gì, đuổi hết","negative","anger"
"Tâm thần thì nhốt lại, thả ra nguy hiểm","neutral","suggestion"
"Hài vl, chắc nghĩ mình là vua nên phá ngai","neutral","humor"
"Phá di sản mà ko bị phạt, bất công vl","negative","anger"
"Tâm thần sao tự đi được tới lăng, nghi lắm","toxic","sarcasm"
"Cần xử lý nghiêm, tâm thần ko phải cái cớ","negative","suggestion"
"Bảo vệ lăng chắc đi nhậu nên ko thấy","negative","sarcasm"
"Thương ông này, chắc ko kiểm soát được","positive","neutral"
"Hài hước ghê, phá ngai mà tỉnh bơ","neutral","humor"
"An ninh yếu quá, cần cải thiện ngay","negative","suggestion"
"Tâm thần mà phá đúng chỗ, kn nổi","toxic","sarcasm"
"Phá di sản thì phải đi tù, ko thể tha","negative","anger"
"Ai dẫn ông này vô được vậy, kỳ quá","neutral","question"
"Ngáo đá xong kêu tâm thần, quen quá","negative","sarcasm"
"Coi clip thấy ông này lạ lắm, chắc bệnh nặng","neutral","neutral"
"Bảo vệ lăng làm ăn kiểu gì, sa thải đi","negative","anger"
"Tâm thần thì gia đình phải trông, thả ra chi","neutral","suggestion"
"Hài vl, chắc tưởng mình là hoàng đế","neutral","humor"
"Phá di sản quốc gia mà thoát, bất công quá","negative","anger"
"Tâm thần sao biết phá ngai, nghi ngờ vl","toxic","sarcasm"
"Cần luật nghiêm hơn cho mấy vụ này","negative","suggestion"
"Thằng này đáng bị xử nặng, phá đồ quý","toxic","curse"
"Bảo vệ lăng chắc đi chơi nên ko thấy","negative","sarcasm"
"Tội ông này, chắc bệnh tâm thần thật","positive","neutral"
"Hài hước ghê, phá ngai mà tỉnh như sáo","neutral","humor"
"An ninh lăng yếu kém, cần thay đổi","negative","suggestion"
"Tâm thần mà phá đúng chỗ, kn nổi","toxic","sarcasm"
"Phá di sản thì phải phạt nặng, ko tha","negative","anger"
"Ai thả ông này ra mà để vô phá vậy","neutral","question"
"Ngáo đá xong kêu tâm thần, quen thuộc","negative","sarcasm"
"Coi clip thấy ông này kỳ lắm, chắc bệnh thật","neutral","neutral"
"Bảo vệ lăng làm ăn kiểu gì, đuổi hết đi","negative","anger"
"Tâm thần thì nhốt vô viện, thả ra làm gì","neutral","suggestion"
"Hài vl, chắc nghĩ mình là vua triều Nguyễn","neutral","humor"
"Phá di sản quốc gia mà ko bị gì, bất công vl","negative","anger"
"Tâm thần sao biết phá ngai vàng, nghi ngờ lắm","toxic","sarcasm"
"Thương anh quá, xin stk để hỗ trợ chút đỉnh","positive","neutral"
"Nghèo thế này mà đẻ chi cho khổ con cái","negative","anger"
"Mấy ông mạnh thường quân cho xin info giúp anh này đi","neutral","question"
"Đã nghèo còn tật, sinh con ra làm gì trời","toxic","insult"
"Nhìn anh đứng lặng lẽ mà xót, ai giúp được thì giúp đi","positive","neutral"
"Đẻ lắm để làm gì, giờ chạy vạy khắp nơi khổ vl","negative","anger"
"Xin thông tin hỗ trợ gia đình anh này với mọi người ơi","neutral","question"
"Thà ở vậy còn hơn, đẻ con ra khổ cả nhà","negative","suggestion"
"Coi clip mà rưng rưng, thương quá trời","positive","neutral"
"Nghèo thì đừng đẻ, nói mãi chả nghe","toxic","anger"
"Cuộc sống khó khăn thế này, ai giúp được thì giúp anh ý","neutral","suggestion"
"16 tỏi cho bà kia mà ko giúp người này, tức vl","negative","anger"
"Nhìn anh đứng trầm tư mà xót, có stk thì share nha","positive","question"
"Đẻ con ra khổ thế này, nghĩ sao nổi trời","negative","anger"
"Ai biết thông tin hỗ trợ thì nhắn tui với","neutral","question"
"Nghèo còn đẻ, đúng là tự làm khổ mình","toxic","sarcasm"
"Thương anh lắm, cố lên anh nhé","positive","neutral"
"Đã nghèo còn đẻ nhiều, giờ than khổ ai nghe","negative","anger"
"Mấy bác biết stk anh này thì cho em xin với","neutral","question"
"Sinh con ra mà ko lo được, ích kỷ vl","toxic","insult"
"Nhìn clip mà thương, ai giúp được thì giúp đi","positive","neutral"
"Nghèo thì ở vậy, đẻ chi cho khổ con","negative","suggestion"
"Xin stk để gửi chút hỗ trợ cho anh này","neutral","question"
"Đẻ lắm để giờ chạy vạy khắp nơi, chán","toxic","sarcasm"
"Thương gia đình anh quá, cố gắng vượt qua nhé","positive","neutral"
"Nghèo mà đẻ con, khổ cả đời chả xong","negative","anger"
"Ai có thông tin hỗ trợ thì share nha","neutral","question"
"Đã nghèo còn đẻ, đúng là ko biết nghĩ","toxic","insult"
"Nhìn anh mà xót, ai giúp được thì giúp đi","positive","neutral"
"Sinh con ra khổ thế này, ai chịu nổi","negative","anger"
"Mọi người cho xin stk anh này với ạ","neutral","question"
"Nghèo còn đẻ, tự chuốc khổ vào thân","toxic","sarcasm"
"Thương anh quá, cố lên anh nhé","positive","neutral"
"Đẻ con ra mà ko lo nổi, nghĩ sao nổi","negative","anger"
"Xin thông tin để hỗ trợ gia đình anh này","neutral","question"
"Đã nghèo còn đẻ, đúng là hết nói","toxic","insult"
"Nhìn clip mà xót, ai giúp được thì giúp","positive","neutral"
"Nghèo thì đừng đẻ, khổ cả nhà","negative","suggestion"
"Ai biết stk anh này thì share nha","neutral","question"
"Sinh con ra khổ thế này, chán thật","toxic","sarcasm"
"Thương anh lắm, cố gắng vượt qua nhé","positive","neutral"
"Đẻ nhiều để giờ khổ cả nhà, haiz","negative","anger"
"Cho xin thông tin hỗ trợ anh này với","neutral","question"
"Nghèo mà đẻ, đúng là tự làm khổ","toxic","insult"
"Nhìn anh đứng lặng lẽ mà thương","positive","neutral"
"Nghèo thì ở vậy, đẻ chi cho khổ","negative","suggestion"
"Mọi người share stk anh này nha","neutral","question"
"Đẻ con ra mà ko lo được, chán vl","toxic","sarcasm"
"Thương gia đình anh, cố lên nhé","positive","neutral"
"Đã nghèo còn đẻ, nghĩ sao nổi trời","negative","anger"
"Xin stk để hỗ trợ anh này chút","neutral","question"
"Nghèo còn đẻ, đúng là ko biết nghĩ","toxic","insult"
"Nhìn clip mà xót quá, thương anh","positive","neutral"
"Sinh con ra khổ thế này, haiz","negative","anger"
"Ai có thông tin hỗ trợ thì share","neutral","question"
"Đã nghèo còn đẻ, tự chuốc khổ","toxic","sarcasm"
"Thương anh lắm, cố gắng anh nhé","positive","neutral"
"Nghèo mà đẻ con, khổ cả đời","negative","anger"
"Cho xin stk anh này để hỗ trợ","neutral","question"
"Đẻ lắm để giờ khổ, chán thật","toxic","sarcasm"
"Nhìn anh mà xót, thương quá","positive","neutral"
"Nghèo thì đừng đẻ, khổ con cái","negative","suggestion"
"Mọi người biết stk thì share nha","neutral","question"
"Đã nghèo còn đẻ, đúng là hết nói","toxic","insult"
"Thương gia đình anh, cố lên","positive","neutral"
"Sinh con ra mà ko lo nổi, chán","negative","anger"
"Xin thông tin hỗ trợ anh này nha","neutral","question"
"Nghèo còn đẻ, tự làm khổ mình","toxic","sarcasm"
"Nhìn clip mà thương, xót quá","positive","neutral"
"Đẻ con ra khổ thế này, nghĩ sao","negative","anger"
"Ai có stk anh này thì share","neutral","question"
"Đã nghèo còn đẻ, chán thật","toxic","insult"
"Thương anh quá, cố lên nhé","positive","neutral"
"Nghèo mà đẻ, khổ cả nhà","negative","anger"
"Cho xin thông tin hỗ trợ nha","neutral","question"
"Đẻ lắm để giờ khổ, haiz","toxic","sarcasm"
"Nhìn anh đứng mà xót, thương","positive","neutral"
"Sinh con ra mà ko lo được, chán","negative","anger"
"Mọi người share stk anh này đi","neutral","question"
"Nghèo còn đẻ, đúng là ko nghĩ","toxic","insult"
"Thương gia đình anh, cố gắng nhé","positive","neutral"
"Đã nghèo còn đẻ, khổ cả đời","negative","anger"
"Xin stk để hỗ trợ chút đỉnh","neutral","question"
"Đẻ con ra khổ thế này, chán vl","toxic","sarcasm"
"Nhìn clip mà xót, thương anh","positive","neutral"
"Nghèo thì ở vậy, đẻ chi khổ","negative","suggestion"
"Ai biết thông tin thì share nha","neutral","question"
"Đã nghèo còn đẻ, hết nói nổi","toxic","insult"
"Thương anh lắm, cố lên anh","positive","neutral"
"Sinh con ra mà khổ, nghĩ sao","negative","anger"
"Cho xin stk anh này với ạ","neutral","question"
"Nghèo còn đẻ, tự chuốc khổ","toxic","sarcasm"
"Nhìn anh mà thương, xót quá","positive","neutral"
"Đẻ con ra khổ thế này, chán","negative","anger"
"Mọi người có stk thì share","neutral","question"
"Đã nghèo còn đẻ, đúng là chán","toxic","insult"
"Thương gia đình anh, cố lên","positive","neutral"
"Nghèo mà đẻ, khổ cả nhà","negative","anger"
"Xin thông tin hỗ trợ anh này","neutral","question"
"Đẻ lắm để khổ, chán thật","toxic","sarcasm"
"Mát thế này cứ như mùa đông giữa hè luôn :))","positive","humor"
"Thời tiết thế này đúng chuẩn để đi cafe Hà Nội","positive","neutral"
"Sáng nay ra đường lạnh tê tay, quên áo khoác","negative","neutral"
"Ve chắc hoang mang lắm, hè đâu mà kêu :)))","toxic","sarcasm"
"Thời tiết mát thế này giữ mãi nhé trời ơi","positive","suggestion"
"Hà Nội lạnh 20 độ, tưởng đang ở Đà Lạt","neutral","humor"
"Đi xe máy sáng nay rét run, mùa hè đâu mất","negative","anger"
"Ê bài hát gì mà ko biến được mùa hạ thành đông nhỉ","neutral","question"
"Thời tiết kiểu này đúng là điên thật vl","toxic","insult"
"Mát mẻ thế này thích quá, cứ thế này đi","positive","neutral"
"Sáng dậy tưởng mùa đông, hóa ra Hà Nội :))","neutral","humor"
"Thời tiết bất ổn thế này, mai nóng lại chắc","negative","anger"
"Ai biết thời tiết mai có lạnh nữa ko?","neutral","question"
"Lạnh thế này lôi áo khoác ra mặc luôn","positive","neutral"
"Ve chắc shock, hè mà lạnh thế này :)))","toxic","sarcasm"
"Thời tiết Hà Nội đúng là khó đoán vl","negative","neutral"
"Mát thế này đi dạo Hồ Gươm là hết ý","positive","neutral"
"Sáng nay đi làm rét, tưởng mùa đông tới","neutral","neutral"
"Thời tiết kiểu này chắc ve nghỉ hát luôn","toxic","humor"
"Yêu cầu Hà Nội giữ thời tiết này cả tháng","positive","suggestion"
"Hè mà lạnh 20 độ, Hà Nội đúng chất :))","neutral","humor"
"Quên áo khoác, đi đường lạnh muốn xỉu","negative","neutral"
"Bài hát ko biến mùa hạ thành đông là bài gì?","neutral","question"
"Thời tiết mát thế, thích ghê luôn","positive","neutral"
"Ve chắc buồn, lạnh thế này kêu sao nổi :)))","toxic","sarcasm"
"Thời tiết Hà Nội nay lạ lùng ghê","neutral","neutral"
"Sáng nay đi xe máy rét, hè đâu mất tiêu","negative","anger"
"Mát thế này cứ như ở Sapa chứ Hà Nội đâu","positive","humor"
"Thời tiết thế này đúng là yêu luôn","positive","neutral"
"Ai ngờ hè mà lôi chăn bông ra đắp :))","neutral","humor"
"Thời tiết kiểu này chắc mai lại nóng","negative","neutral"
"Có ai biết lạnh thế này đến bao giờ?","neutral","question"
"Mát mẻ thế này đi ăn lẩu là chuẩn","positive","neutral"
"Ve chắc nghĩ: hè này nghỉ việc :)))","toxic","sarcasm"
"Thời tiết Hà Nội đúng là drama queen","negative","humor"
"Sáng nay lạnh, tưởng đang ở mùa đông","neutral","neutral"
"Thời tiết thế này cứ giữ mãi nhé","positive","suggestion"
"Hè mà lạnh thế này, ve chắc shock nặng","toxic","sarcasm"
"Đi làm sáng nay rét, quên mang áo khoác","negative","neutral"
"Mát thế này đi dạo phố cổ là hết sảy","positive","neutral"
"Thời tiết Hà Nội nay đúng là bất ngờ","neutral","neutral"
"Hè mà lạnh 20 độ, đúng kiểu Hà Nội :))","positive","humor"
"Ve chắc hoang mang: hè đâu mà kêu :)))","toxic","sarcasm"
"Thời tiết thế này thích quá, cứ thế đi","positive","neutral"
"Sáng nay đi xe máy lạnh run luôn","negative","neutral"
"Ai biết mai có mát thế này nữa ko?","neutral","question"
"Mát mẻ thế này đúng là trời chiều lòng người","positive","neutral"
"Thời tiết kiểu này ve chắc nghỉ hát :))","toxic","humor"
"Cơm quê mà giá như ở Dubai luôn 😭","negative","sarcasm"
"Vắt kiệt view cơm quê dượng bầu, Huy ơi!","neutral","humor"
"Chúc gia đình dượng bầu mạnh khỏe 🍀","positive","neutral"
"Huy làm mấy clip rồi mà vẫn hot thế 😌","positive","neutral"
"Cơm quê giá cổng trời, đắt xỉu","negative","sarcasm"
"Dượng bầu bị vắt cạn view rồi nè 😂","neutral","humor"
"Một lần xem vui, nhiều lần xem vui hơn 😜","positive","humor"
"Cô ơi, bật bài Trình cho khách nghe đi","neutral","humor"
"Cơm quê mà giá ngang vé máy bay 😅","negative","sarcasm"
"Quán nằm ở Nguyễn Huệ nên giá trên trời hả?","neutral","question"
"Cơm quê dượng bầu, ăn một lần nhớ cả đời","positive","neutral"
"Anh Huy nhìn giống nhân viên quán luôn á 😆","neutral","humor"
"Vượt đỉnh cơm quê, giá thượng đế rồi nha 😎","positive","humor"
"Quán dưới đất mà giá trên mây 😭","negative","sarcasm"
"Cơm quê dượng bầu khịa anh Huy clip nữa nè","neutral","humor"
"Giá cơm quê thế này chắc bán ở Landmark 100 😜","negative","sarcasm"
"Cơm quê giá thượng, ăn xong muốn lên trời","negative","humor"
"Quán ở cổng trời, ăn xong bay luôn 😄","neutral","humor"
"Thiếu mỗi giọng nói hụt hơi là giống cô gái quán 😅","negative","sarcasm"
"Tính tiền kiểu này chắc tính cả phí cổng trời 😆","positive","humor"
"Quán ở bình nguyên vô tận hay ở đâu vậy? 😂","neutral","question"
"Truyện anh cầm giống Doraemon movie 70 quá 😄","neutral","humor"
"Đĩa cơm quê mà tưởng đĩa vàng, giá siêu đắt 🙏","negative","sarcasm"
"Cơm quê giá Dubai, ăn xong hết tiền 😭","negative","neutral"
"Cơm quê dượng bầu khịa anh Huy ở đâu xem vậy? 😄","neutral","ask"
"Ăn cơm quê mà tưởng đi du lịch Dubai 😜","neutral","humor"
"20k ăn được gì ở quán cơm quê dượng bầu? 😢","negative","question"
"Xã hội mới có quán cơm giá cổng trời thế này 🥺","negative","sarcasm"
"Quán mở ở Tà Xùa chắc giá cũng tương tự 😄","neutral","humor"
"Cơm quê vắt khô, view thì cứ lên đều 😎","positive","neutral"
"Mỗi lần xem là mỗi lần cười với cơm quê 😄","positive","humor"
"Cô ơi, hóa đơn này là vàng 24K hả? 😅","neutral","sarcasm"
"Quán cơm quê mà giá như ăn ở khách sạn 5 sao 😭","negative","sarcasm"
"Thấy anh Huy giống nhân viên quán cơm dượng bầu 😆","neutral","humor"
"Cơm quê giá thượng, ăn xong muốn bay 😄","negative","humor"
"Quán ở cổng trời, giá cũng phải tầm cỡ luôn 😎","neutral","neutral"
"Anh Huy làm clip vui quá, xem hoài không chán 😄","positive","neutral"
"Cơm quê mà giá này chắc bán trên sao Hỏa 😅","negative","sarcasm"
"Quán cơm quê dượng bầu có chi nhánh ở Dubai không? 😆","neutral","question"
"Cơm quê giá cổng trời, ăn xong nhớ mãi 😭","negative","sarcasm"
"Clip anh Huy vui, xem xong muốn đi ăn cơm quê 😄","positive","neutral"
"Dượng bầu vắt view tới cạn luôn rồi 😂","neutral","humor"
"Cơm quê mà giá này chắc bán ở bình nguyên vô tận 😅","negative","sarcasm"
"Yêu cầu anh Huy làm thêm clip cơm quê 😎","positive","suggestion"
"Quán cơm quê này chắc nằm trên mặt trăng 😆","neutral","humor"
"Cô ơi, cơm quê mà giá siêu xe hả? 😭","negative","sarcasm"
"Thấy cơm quê dượng bầu khịa anh Huy ở đâu vậy? 😄","neutral","question"
"Ăn cơm quê mà tưởng đang ở Dubai 😅","negative","humor"
"Cơm quê giá cổng trời, ăn xong hết ví 😭","negative","sarcasm"
"Quán này chắc bán cả bình nguyên vô tận 😆","neutral","humor"
"Clip anh Huy vui, xem xong muốn ăn cơm quê 😄","positive","neutral"
"Cơm quê mà giá này chắc bán ở sao Thủy 😅","negative","sarcasm"
"Quán cơm quê dượng bầu đúng là đỉnh cao 😎","positive","neutral"
"Ăn cơm quê mà giá như đi du lịch nước ngoài 😭","negative","sarcasm"
"Anh Huy làm clip cơm quê vui quá 😄","positive","neutral"
"Cơm quê giá Dubai, ăn xong muốn lên cổng trời 😅","negative","humor"
"Quán này chắc nằm ở trung tâm vũ trụ 😆","neutral","humor"
"Thấy anh Huy giống nhân viên quán cơm quê luôn 😄","neutral","humor"
"Cơm quê mà giá này chắc bán ở sao Kim 😅","negative","sarcasm"
"Quán cơm quê dượng bầu đúng là huyền thoại 😎","positive","neutral"
"Ăn cơm quê mà giá như mua vé máy bay 😭","negative","sarcasm"
"Clip anh Huy vui, xem xong cười đau bụng 😄","positive","humor"
"Cơm quê giá cổng trời, ăn xong hết tiền 😅","negative","sarcasm"
"Quán này chắc bán cả bình nguyên vô tận 😆","neutral","humor"
"Thấy cơm quê dượng bầu khịa anh Huy ở đâu? 😄","neutral","question"
"Cơm quê mà giá này chắc bán ở Dubai 😭","negative","sarcasm"
"Anh Huy làm clip cơm quê đỉnh quá 😎","positive","neutral"
"Quán cơm quê này chắc nằm trên sao Hỏa 😆","neutral","humor"
"Cơm quê giá cổng trời, ăn xong nhớ đời 😅","negative","sarcasm"
"Clip anh Huy vui, xem xong muốn ăn cơm quê 😄","positive","neutral"
"Dượng bầu vắt view cơm quê tới khô luôn 😂","neutral","humor"
"Cơm quê mà giá này chắc bán ở sao Thủy 😅","negative","sarcasm"
"Quán cơm quê dượng bầu đúng là số 1 😎","positive","neutral"
"Ăn cơm quê mà giá như đi du lịch Dubai 😭","negative","sarcasm"
"Anh Huy làm clip cơm quê cười đau cả bụng 😄","positive","humor"
"Cơm quê giá cổng trời, ăn xong hết ví 😅","negative","sarcasm"
"Quán này chắc bán cả bình nguyên vô tận 😆","neutral","humor"
"Thấy cơm quê dượng bầu khịa anh Huy ở đâu vậy? 😄","neutral","question"
"Cơm quê mà giá này chắc bán ở sao Kim 😭","negative","sarcasm"
"Anh Huy làm clip cơm quê vui quá 😎","positive","neutral"
"Quán cơm quê này chắc nằm trên mặt trăng 😆","neutral","humor"
"Cơm quê giá cổng trời, ăn xong nhớ mãi 😅","negative","sarcasm"
"Clip anh Huy vui, xem xong muốn ăn cơm quê 😄","positive","neutral"
"Dượng bầu vắt view cơm quê tới cạn rồi 😂","neutral","humor"
"Cơm quê mà giá này chắc bán ở sao Hỏa 😅","negative","sarcasm"
"Quán cơm quê dượng bầu đúng là huyền thoại 😎","positive","neutral"
"Ăn cơm quê mà giá như đi du lịch nước ngoài 😭","negative","sarcasm"
"Anh Huy làm clip cơm quê cười đau bụng 😄","positive","humor"
"Cơm quê giá cổng trời, ăn xong hết tiền 😅","negative","sarcasm"
"Quán này chắc bán cả bình nguyên vô tận 😆","neutral","humor"
"Thấy cơm quê dượng bầu khịa anh Huy ở đâu? 😄","neutral","question"
"Cơm quê mà giá này chắc bán ở Dubai 😭","negative","sarcasm"
"Anh Huy làm clip cơm quê đỉnh quá 😎","positive","neutral"
"Quán cơm quê này chắc nằm trên sao Thủy 😆","neutral","humor"
"Cơm quê giá cổng trời, ăn xong nhớ đời 😅","negative","sarcasm"
"Clip anh Huy vui, xem xong muốn ăn cơm quê 😄","positive","neutral"
"Dượng bầu vắt view cơm quê tới khô luôn 😂","neutral","humor"
"Cơm quê mà giá này chắc bán ở sao Kim 😅","negative","sarcasm"
"Quán cơm quê dượng bầu đúng là số 1 😎","positive","neutral"
"Ăn cơm quê mà giá như đi du lịch Dubai 😭","negative","sarcasm"
"Anh Huy làm clip cơm quê cười đau cả bụng 😄","positive","humor"
"Trên đời này em nể mỗi chị , vừa xinh vừa khéo tay",positive,compliment
"Người vừa xinh vừa khéo thế ❤️xứng đáng 10 thủ công điểm",positive,compliment
"Bao h chị tháo niềng răng ạ. Em sợ bị xước",neutral,question
"chị này đã xinh mà còn tửng tửng sao á .chắc do ở Đà Lạt đó trời",positive,funny
"còn miếng nào nữa hong, mai em lên ĐL coi saoo",positive,curiosity
"em nói thiệt chị cứ vầy tiên trên trời cũng ko bằng á",positive,admiration
"Mạnh Dũng nay hào phóng quá 😂",positive,joke
"ủa Jisoo hả?lúc đầu cười tưởng IU chứ",positive,surprise
"e cũng đang ở đl nè chị",neutral,statement
"ê tôi xem cậu nhiều tự nhiên thích con gái Đà Lạt ghê",positive,flirt
"nụ cười này làm người ta xao xuyến á",positive,flirt
"Chị cute xỉu luôn á trời",positive,compliment
"trời ơi dễ thương muốn xỉu",positive,admiration
"chị xinh như tiên giáng trần vậy đó",positive,compliment
"clip nào cũng thấy yêu đời ghê á",positive,appreciation
"đẹp quá đi mất thôi",positive,compliment
"tôi cười muốn ná thở với chị này",positive,funny
"chắc là Đà Lạt có phép thuật",positive,joke
"ai mà dễ thương dữ thần vậy trời",positive,compliment
"ai là người lồng tiếng doraemon..????",neutral,question
"Doraemon❌️Đô mon✅️",positive,humor
"và sau này khi lớn khôn rồi",neutral,reflection
"Nobita lông nách",toxic,teasing
"Nobita này dư sức đánh jaien",positive,funny
"lớn rồi mới hiểu đc ý nghĩa của nhạc này😥",positive,nostalgia
"ổng lồng trẻ con mà ổng cũng trẻ con nx 😆",positive,humor
"Thân hình nhìn men mà cử chỉ giống chị Phiến v 😅",toxic,teasing
"thân hình lực điền\nnhưng cất tiếng lại là tuổi thơ",positive,contrast
"Giọng Nobita\:Miền Bắc\nGiọng Đặng Khuyết\:Miền Nam",neutral,observation
"giọng đọc đỉnh thật sự",positive,praise
"nghe hoài không chán luôn",positive,appreciation
"cái giọng huyền thoại đây rồi",positive,nickname
"kỷ niệm một thời tuổi thơ ùa về",positive,nostalgia
"ủa có ai giống tui không, nghe giọng là biết ai liền",positive,relatable
"giọng này mà lồng phim khác chắc lạ lắm",neutral,comment
"Tui đang coi doraemon mà sụp đổ hình tượng 😭",negative,disappointment
"ai lồng Jaian vậy trời, ghê ác",neutral,question
"nói giọng mà cười xỉu luôn",positive,humor
"dễ thương gì đâu á",positive,compliment
"giọng doraemon huyền thoại đúng là không ai thay thế được",positive,admiration
"Ủa sao nghe giọng quen dữ vậy trời",neutral,familiarity
"nghe quen lắm mà không nhớ tên người lồng",neutral,question
"Đúng là thời đại vàng son của lồng tiếng",positive,appreciation
"giờ phim thiếu nhi toàn giọng như robot á 😔",negative,criticism
"giọng này là đỉnh nhất tuổi thơ tui",positive,nostalgia
"ai từng bắt chước giọng này hồi nhỏ dơ tay ✋",positive,relatable
"Thật sự nể tài năng lồng tiếng này",positive,admiration
"Tưởng tượng Doraemon nói giọng miền Tây thử xem",neutral,humor
"Hồi nhỏ tưởng giọng thiệt của Doraemon là vậy luôn á",positive,childhood
"nghe giọng mà muốn khóc luôn huhuhu",positive,emotional
"còn ai nhớ bài hát này không 😢",neutral,question
"giọng chị này gắn liền với cả thanh xuân tôi",positive,nostalgia
"nghe thôi đã thấy nhẹ lòng",positive,soothing
"Ủa anh này lồng tiếng nobita thiệt luôn hả?",neutral,question
"Tui tưởng người Nhật lồng chứ =))",neutral,misunderstanding
"giọng miền Nam dễ thương dữ thần luôn á",positive,compliment
"Thật sự là một phần tuổi thơ tui đó mấy bà",positive,nostalgia
"nghe mà rưng rưng nước mắt 😢",positive,emotional
"ai đó làm ơn cho xin full video đi",neutral,request
"ủa ổng là người Việt hả? Tưởng Nhật chớ",neutral,surprised
"ủa không phải là con gái lồng Doraemon hả?",neutral,confused
"nghe kỹ giọng dễ thương ghê luôn",positive,appreciation
"thề luôn giọng này ăn sâu vô ký ức tui rồi á",positive,nostalgia
"nghe phát nhận ra liền luôn",positive,familiarity
"giọng giống con nít ghê 😅",neutral,observation
"hồi đó cứ nghĩ mấy người lồng tiếng là nhân vật thật",positive,childhood
"có ai còn nhớ giọng Suneo hông?",neutral,question
"Doraemon mà nói giọng miền Trung chắc mắc cười lắm",positive,humor
"tự nhiên nhớ mấy tập Doraemon cảm động ghê",positive,nostalgia
"sao hồi nhỏ không thắc mắc ai lồng tiếng ta?",neutral,reflection
"giọng doraemon chuẩn nhất là đây",positive,admiration
"nhiều người không biết chứ lồng tiếng khó lắm đó",neutral,fact
"Tôi từng mơ ước làm người lồng tiếng khi nhỏ",positive,dream
"tui lồng thử mà không giống gì hết luôn á",neutral,personal\_experience
"nói nghe mắc cười dễ sợ",positive,humor
"giọng này nghe riết ghiền luôn á",positive,addiction
"bạn này lồng Jaian hay ghê",positive,praise
"giọng dễ thương nhưng cử chỉ hơi lố",negative,critique
"nếu không có người lồng tiếng chắc phim mất hay",positive,appreciation
"nhạc nền nghe thấm ghê",positive,emotion
"vừa nghe là biết Doraemon ngay",positive,recognition
"nếu cho tui thử chắc fail quá 😅",neutral,humor
"Doraemon là tuổi thơ của biết bao người",positive,statement
"ngày nào cũng chờ đến giờ chiếu phim",positive,habit
"giờ nghe lại mà cảm xúc vẫn nguyên vẹn",positive,nostalgia
"người lồng tiếng giỏi thật",positive,admiration
"giọng nam mà lồng con nít là khó lắm á",neutral,fact
"coi xong clip này muốn coi lại Doraemon ghê",positive,inspiration
"giọng miền Bắc lồng nghe nhẹ nhàng ghê",positive,observation
"giọng lồng từng nhân vật khác nhau cực hay",positive,skill
"sao có thể bắt chước giọng con nít hay vậy trời",positive,talent
"từng câu thoại đều nhớ rõ như in luôn",positive,nostalgia
"muốn nghe lại hết mấy tập hồi xưa ghê",positive,desire
"nghe mà thấy mình quay lại thời nhỏ luôn",positive,flashback
"Doraemon và tuổi thơ không thể tách rời",positive,connection
"Doraemon vẫn là anime số 1 trong lòng tui",positive,favorite
"tôi nhớ hồi xưa coi xong còn ghi âm giọng bắt chước",positive,childhood
"bạn nào lồng giọng này đỉnh quá",positive,praise
"coi mấy clip này làm tui cười muốn xỉu",positive,funny
"giọng nhân vật nào cũng có nét riêng",positive,observation
"nghe mà nổi da gà luôn á",positive,emotion
"ai đó tạo playlist giọng lồng Doraemon đi",neutral,suggestion
"tui nghe phát đoán ra nhân vật luôn",positive,recognition
"mỗi lần buồn tui lại mở Doraemon coi",positive,comfort
"Doraemon không chỉ là phim, là cả thanh xuân",positive,nostalgia
"giọng nam mà lồng Doraemon là đỉnh cao rồi",positive,admiration
"sao hồi nhỏ không để ý giọng lồng hay vậy ta?",neutral,reflection
"phim nào giọng cũng na ná nhau nhưng vẫn hay",positive,consistency
"giờ nghe mấy giọng mới không quen gì hết",negative,change
"đúng là giọng lồng có sức mạnh cảm xúc",positive,influence
"từng giọng gắn liền với từng ký ức",positive,nostalgia
"tự nhiên nhớ nhỏ bạn hồi nhỏ hay bắt chước giọng",positive,flashback
"giọng nobita cười dễ thương xỉu",positive,compliment
"nhiều khi tưởng là nhân vật ngoài đời luôn á",positive,immersion
"tui từng tưởng Doraemon nói được tiếng Việt thiệt",positive,childhood
"nghe riết thành thói quen luôn rồi",positive,habit
"ai mà nhớ rõ từng giọng lồng tiếng cũ vậy trời",neutral,surprise
"người Việt lồng giỏi thiệt chứ",positive,respect
"muốn lưu lại hết mấy đoạn thoại luôn á",positive,desire
"tui từng tưởng nhân vật tự nói tiếng Việt luôn",positive,misunderstanding
"mấy người lồng tiếng xứng đáng được vinh danh",positive,recognition
"Pick me girl",toxic,teasing
"friend...with benefits",neutral,innuendo
"vietnamese kiss",neutral,statement
"2 lông mày của t bắt đầu skinship với nhau sau khi đọc cap",positive,funny
"Cả 2 đều có ny r❌2 ng là ny của nhau✅",positive,joke
"cả 2 đều có Ny và Ny cả 2 đang ngồi kế nhau=)))",positive,funny
"ưu điểm: 2 người đã có Ny rồi\nnhược điểm: 2 người đều có Ny",positive,humor
"Ủa e , sao em bảo em với nó chỉ là bạn?",negative,suspicion
"xem vd\nđọc cap trên vd\nđọc cap\nnhăn mặt\nvô bl",neutral,reaction
"đọc cái cap chân mày t nó skinship ln🥰",positive,funny
"Cái cap hại cái chân mày",positive,humor
"em không sao, chỉ là hơi tê tê chân mày thôi",positive,funny
"Ủa vậy chứ ai tag ny mình vô đây vậy",negative,suspicion
"Ủa cái cap nghe quen quen nha",neutral,observation
"đọc xong cap thấy quắn quéo",positive,emotion
"mày tag ai vô đây là chết với tao",toxic,aggressive
"trùng hợp dữ dội zậy nè trời",positive,surprise
"t vừa đọc vừa rùng mình nha :)))",positive,reaction
"sao cái cap nó đúng lúc vậy ta",neutral,coincidence
"đọc xong tự nhiên muốn ib ny mình ghê",positive,romantic
"tag ny vô mà không thấy thả tim là hiểu rồi đó",negative,suspicion
"mọi chuyện bắt đầu từ cái cap",neutral,statement
"t muốn gỡ cái cap này xuống quá",neutral,annoyance
"ai đó dừng lại đi, cái cap này làm tao bối rối",positive,confusion
"ủa alo? tôi có đọc nhầm gì không vậy?",neutral,confused
"ngồi im đọc cap mà tim đập thình thịch",positive,emotional
"bây giờ đọc cái gì cũng nghi ngờ hết",negative,doubt
"giỡn vậy chứ cap gì nghe thấm quá",positive,realization
"cái cap như đang nói thẳng vào mặt mình vậy đó",positive,relatable
"sao giống chuyện của mình ghê vậy nè",positive,relatable
"trời ơi cái cap này đúng lúc quá",positive,timing
"muốn tag ai đó nhưng sợ mất lòng",neutral,constraint
"rồi ai gửi cái clip này cho ny tui vậy?",negative,jealousy
"mọi lần đọc cap không sao, lần này thấy lạ lắm nha",neutral,suspicion
"cái cap gây lú quá mọi người ơi",neutral,confusion
"lúc đầu tưởng bình thường, đọc cap xong ngồi đơ",positive,funny
"tự nhiên thấy cap này đúng gu mình thích luôn",positive,personal\_preference
"muốn lưu cái clip này để gửi lúc cãi nhau",positive,humor
"cap này là nghệ thuật gài hàng",positive,cleverness
"mấy đứa hay bảo chỉ là bạn đâu hết rồi?",toxic,teasing
"cap không sai nhưng làm người ta phải suy nghĩ lại",positive,thoughtful
"đọc xong cap cảm giác sai sai mà đúng đúng",positive,irony
"bạn tui tag ny cũ nó vô rồi 😢",negative,jealousy
"đọc xong thấy mình cũng từng như vậy",positive,nostalgia
"đúng là đỉnh cao cap tiktok, chạm tới trái tim",positive,compliment
"sao cap nào cũng đụng tới chuyện tình cảm vậy trời",neutral,complaint
"bạn thân mà nhìn nhau kiểu đó là không ổn nha",negative,suspicion
"cái này là clip hay cap mới ghê dạ",neutral,joke
"muốn sống bình yên mà cap không cho phép",positive,drama
"đọc cap xong muốn unfollow luôn á",negative,overreaction
"đùa thôi chứ cap hay đó",positive,humor
"có ai thấy giống mình không?",positive,relatable
"thề luôn cái cap này hại não ghê",neutral,confusion
"bạn tôi gửi clip này và bảo tôi nên xem",neutral,indirect
"giờ tag ai vô cũng nhạy cảm hết",neutral,concern
"mọi thứ ổn cho đến khi đọc cap",positive,twist
"ai đó viết cap mà như tường thuật đời tui",positive,relatable
"tag đúng người thì cap mới có tác dụng nha",neutral,instruction
"tức ghê, sao mình nghĩ nhiều thế",neutral,overthinking
"giờ đọc cap cũng phải cẩn thận luôn",neutral,caution
"càng đọc càng thấy cap thâm sâu",positive,introspective
"tag ny vô mà ny không thèm rep là hiểu rồi đó",negative,silent\_treatment
"sao cái cap lại giống chuyện tui dữ vậy",positive,coincidence
"mọi người đọc cap rồi tag người yêu cũ vô kìa",toxic,provocative
"chỉ là bạn thôi mà sao đọc cap thấy lạ lạ",neutral,curious
"tự nhiên thấy nhớ người cũ ghê",positive,nostalgia
"cap kiểu này mới khiến người ta nhớ",positive,sentimental
"người làm cap có tâm quá đi",positive,appreciation
"sao lại có cap đúng tâm trạng vậy trời",positive,relatable
"giọng đọc + cap = tan chảy luôn",positive,emotion
"tối nào cũng lướt mấy clip kiểu này cho đau lòng chơi",negative,self\_torture
"cái cap này đỉnh cao thật sự",positive,praise
"mỗi lần đọc cap kiểu này là auto thở dài",negative,sigh
"bạn mình mới chia tay mà tôi tag nó vô đây đúng không sai",toxic,provocative
"dùng cap này chắc chắn sẽ dính drama",neutral,warning
"mọi người ơi đừng cap kiểu vậy nữa mà",neutral,begging
"đọc cap mà ngại dùm luôn",positive,awkward
"tôi thấy tui trong từng câu cap",positive,relatable
"cap hay nhưng nghe xong hơi buồn",negative,bittersweet
"tình yêu đúng là rối ren thiệt",negative,relationship
"đọc cap muốn khóc luôn á",negative,sad
"cap gì mà như viết cho riêng mình vậy trời",positive,emotional
"mọi người tag đúng người nha, đừng nhầm là toang á",neutral,reminder
"mỗi lần thấy clip có cap là tim lại đập thình thịch",positive,reaction
"cap kiểu này dễ bị hiểu lầm ghê",neutral,misunderstanding
"coi clip xong đọc cap mà muốn tắt điện thoại",negative,overwhelmed
"tưởng đâu người yêu mình comment chứ 😢",negative,misplaced\_expectation
"cap xịn quá trời",positive,compliment
"mấy cap này chỉ có thể là tiktok Việt Nam",positive,identity
"tôi cười xỉu vì cái cap này rồi đó",positive,humor
"ai nghĩ ra cap này đúng là thiên tài",positive,creativity
"cap mà như lyric nhạc luôn á",positive,poetic
"bạn tôi bảo cap này là để gài người yêu",positive,teasing
"sao cứ phải tag tôi vô mấy cái cap nhạy cảm vậy trời",negative,frustration
"ai cần drama thì cap này dành cho bạn",neutral,satire
"nhiều người tag người yêu cũ lắm á cap này",neutral,observation
"cap chạm đúng chỗ ngứa luôn nha",positive,funny
"nếu như ăn 1 bữa cơm đầy đủ ở cơm quê dượng bầu thì sao?",neutral,curiosity
"Cơm quê sao dùng trứng công nghiệp z má",negative,criticism
"Ngay trung tâm thành phố, ở quận 1, ngay phố đi bộ nha",neutral,location
"1 câu thần chú như bùa hộ thân.\nnằm ngay trung tâm quận 1",positive,funny
"Tuổi này khó dạy lắm",toxic,judgment
"t giàu chứ t cũng ko bỏ 110k mua dĩa trứng 😌",negative,price\_complaint
"vô quán ăn mặt bằng chứ k ăn đồ ăn:)",negative,sarcasm
"Lúc đầu tưởng là thuê mặt bằng để bán, hoá ra bán mặt bằng",negative,humor
"Người miền tây thấy nói chuyện dễ thương lắm mà",positive,compliment
"hay nhấn mạnh chữ quận 1:))",negative,teasing
"ủa là trứng luộc xong chiên hả?",neutral,question
"cơm 110k nhìn vậy tui nấu ở nhà 15k đủ no",negative,comparison
"đúng là tiền vị trí chứ không phải tiền đồ ăn",negative,review
"ăn để sống chứ đừng sống để ăn trứng 110k",negative,criticism
"quán mà lấy danh nghệ sĩ để hút khách là thấy nghi nghi rồi",negative,doubt
"nghe tới 'dượng bầu' là thấy có gì đó sai sai",negative,suspicion
"mặt bằng ở Q1 mắc thì bán online đi chớ",neutral,suggestion
"trứng này chắc là trứng rồng",positive,exaggeration
"mình ăn rồi, cũng bình thường thôi, không có gì đặc biệt",neutral,experience
"món này 110k thì hơi quá thật",negative,price
"cơm quê mà giá không quê chút nào",negative,irony
"ai ăn rồi cho xin cảm nhận thật với ạ",neutral,request
"trứng công nghiệp chiên mà giá như bò Kobe",negative,critique
"quán trang trí đẹp nhưng đồ ăn không tương xứng giá",negative,review
"cơm 110k mà ăn xong vẫn đói thì thua",negative,portion
"thấy quảng cáo hay chứ ăn thì như cơm sinh viên",negative,expectation\_gap
"mình thích phong cách miền tây, nhưng giá cao quá",neutral,mixed\_feelings
"quán này nổi nhờ tên tuổi người nổi tiếng thôi",negative,popularity\_bias
"cũng may là chưa dắt người yêu đi ăn quán này",positive,relief
"đồ ăn mà nhấn mạnh địa điểm là hiểu rồi đó",negative,review
"cảm giác bị lừa nhẹ khi bước vô quán",negative,disappointment
"quán chill, nhưng đồ ăn không chill theo",negative,atmosphere
"khách du lịch dễ bị dính quán này lắm nha",neutral,warning
"trứng này chắc đi học Harvard nên giá cao",positive,humor
"ăn 110k mà tưởng ăn buffet",negative,comparison
"nói gì thì nói chứ món trứng này không đáng tiền",negative,value
"món ăn bình dân mà giá sang chảnh",negative,mispricing
"nếu bán ở quê chắc 25k là cùng",negative,regional\_gap
"quán làm màu quá trời",negative,teasing
"menu nhìn sang mà ăn thì chán ghê",negative,review
"tưởng nghệ sĩ thì làm đồ ăn ngon ai ngờ đâu...",negative,expectation
"quán đẹp để chụp hình chứ đừng đặt kỳ vọng món ăn",negative,advice
"nghĩ sao trứng chiên bán 110k trời?",negative,disbelief
"quán có phục vụ tận tình không mọi người?",neutral,question
"quán có nổi tiếng thật không hay do seeding?",neutral,doubt
"có ai thấy món ăn ở đây hơi ít không?",negative,portion
"ăn xong ra quán khác ăn tiếp mới đủ",negative,satire
"ai ăn thấy ngon thì cho 1 like chứ tôi thấy thường thôi",neutral,opinion
"quán đông nhưng không hiểu lý do",negative,confusion
"hình ảnh món ăn đẹp nhưng thực tế thất vọng",negative,false\_advertising
"quán có vẻ là kiểu bán concept hơn là đồ ăn",negative,marketing
"nếu giảm giá 50% thì may ra chấp nhận được",negative,value
"quán sống nhờ review chứ không nhờ chất lượng",negative,criticism
"mình là người dễ ăn mà vẫn thấy chán",negative,personal\_experience
"ai khó tính chắc đi về không vui",negative,warning
"món này chắc dành cho rich kid thôi",neutral,affordability
"chất lượng không xứng đáng với giá tiền",negative,evaluation
"trứng 110k nhưng không có gì đặc biệt cả",negative,food\_quality
"có phải trả tiền thêm để được ăn ở quận 1 không vậy?",negative,teasing
"quán nên xem lại giá chứ khách phản ứng dữ lắm rồi",neutral,feedback
"ăn xong chỉ muốn viết review chê",negative,intent
"thấy nhiều người chê nên chưa dám thử",neutral,hesitation
"trứng gì mà vàng như kim cương",positive,exaggeration
"ăn cho biết chứ lần sau xin né",negative,avoid
"món ăn này hợp với giới showbiz hơn là dân thường",neutral,target\_audience
"thấy nghệ sĩ quảng cáo là biết nên cẩn thận rồi",neutral,awareness
"mình ăn rồi và cảm thấy không tệ nhưng không đáng giá",neutral,honest\_review
"hơi bị shock với giá trứng ở đây",negative,price\_shock
"chắc tiền đó là tiền thuê decor chứ không phải đồ ăn",negative,sarcasm
"ăn một lần rồi thôi",negative,experience
"quán chỉ phù hợp để sống ảo",neutral,social\_use
"giá này chắc bao gồm cả tiền thương hiệu",neutral,brand\_fee
"mình không hiểu sao có người khen được",negative,doubt
"có ai đã thử món trứng 110k chưa?",neutral,question
"thấy quán hay bị kêu là lừa đảo nhẹ",negative,accusation
"trứng chiên nhưng chiên cả lòng tin người ăn",negative,metaphor
"cơm quê mà giá không quê",negative,wordplay
"có ai từng ăn quán nào đắt hơn không?",neutral,comparison
"trứng này chắc làm từ trứng khủng long",positive,joke
"món này chắc phù hợp với người sành ăn?",neutral,assumption
"ăn thử xong thấy nhớ cơm mẹ nấu ghê",positive,emotion
"dù mắc nhưng nếu ngon thì cũng đáng, tiếc là không ngon",negative,review
"bạn mình kêu ngon, chắc khẩu vị khác nhau",neutral,subjective
"quán này không dành cho người tiết kiệm",neutral,truth
"cảm ơn video, đã giúp mình không mất 110k",positive,gratitude
"xem xong khỏi cần đi ăn nữa",positive,satisfaction
"bạn review chân thực quá, cảm ơn nha",positive,appreciation
"clip này giúp mình tỉnh táo trước khi đặt bàn",positive,awareness
"nên cẩn thận khi ăn quán theo trend nha mọi người",neutral,advice
"chỗ này đẹp nhưng đồ ăn thì hơi fail",negative,balanced
"tóm lại là không nên kì vọng quá",neutral,conclusion
"ăn để hiểu, hiểu xong thì không ăn nữa",negative,lesson
"cái quán này làm mình mất niềm tin vô review trên mạng",negative,disappointment
"mình thử rồi, sẽ không quay lại lần hai",negative,decision
"Ủa mình kìa",positive,relatable
"cảm ơn vì da đen",positive,gratitude
"ở một câu chuyện khác: cô gái VN cần đảm 1 mình",positive,empowerment
"Ấn Độ ở châu phi hả",neutral,confused
"ổng này ở dalai chứ không phải ấn độ😂",neutral,correction
"mới từ vd hoa phan ăn cốc qua đây",neutral,transition
"trong tìm thức tui đã gật đầu theo ổng",positive,funny
"ổng sợ người Việt ❌\nngười Việt sợ ổng ✅",positive,humor
"Âm thực ấn độ",neutral,topic
"Mới nghỉ hè hả a",neutral,question
"chắc tui cũng nên đi khám tư duy",negative,self\_deprecating
"cảm thấy hơi bị lú sau khi xem",neutral,confusion
"quay clip mà ánh sáng ám quá trời",negative,lighting
"có ai thấy nội dung hơi khó hiểu không?",neutral,clarification
"mấy clip kiểu này hay mà hơi thiếu logic",neutral,critique
"vẫn chưa hiểu thông điệp lắm",neutral,confused
"mình có cảm giác như bị bỏ rơi bởi mạch truyện",neutral,narrative\_gap
"clip nhìn lạ mắt nhưng chưa đọng lại gì",neutral,visual
"ai dựng clip này chắc đầu óc thú vị lắm",positive,creativity
"dựng edit nhìn mê thiệt sự luôn á",positive,visual
"âm thanh hơi nhỏ, phải mở max volume",negative,audio
"tự nhiên thấy bản thân như trong video",positive,relatable
"đây là lý do tui vẫn ở nhà mỗi ngày",positive,personal
"một sự thật không ai muốn đối mặt",neutral,reality
"ai rồi cũng sẽ hiểu cảm giác này",positive,empathy
"kết thúc bất ngờ thật",positive,surprise
"tưởng tượng mình trong tình huống này cũng rối",neutral,roleplay
"phải chăng đây là ẩn dụ cuộc sống?",positive,interpretation
"một pha bẻ lái cực gắt",positive,plot\_twist
"đoạn cuối đúng kiểu không thở nổi",positive,drama
"clip này gợi nhớ ký ức mơ hồ ghê",positive,nostalgia
"không biết nên cười hay suy ngẫm luôn",neutral,mixed
"mình từng trải qua đúng kiểu vậy luôn",positive,real\_life
"có ai cũng cảm thấy bồn chồn như tui không?",positive,emotion
"ngồi xem mà da gà nổi hết",positive,reaction
"chắc tui phải xem lại lần nữa mới hiểu",neutral,rewatch
"vừa xem vừa gật gù đồng cảm",positive,agreement
"lúc đầu tưởng bình thường, ai ngờ đâu",positive,unexpected
"từng khung hình như đập vô mặt cảm xúc vậy á",positive,intense
"mình thích cách kể chuyện lạ này",positive,appreciation
"clip này khiến mình suy nghĩ cả buổi sáng",positive,impactful
"thật sự không ngờ luôn á",positive,shock
"mỗi người xem chắc sẽ có cảm nhận riêng",neutral,subjective
"mình hiểu nhưng không biết giải thích sao",neutral,confused
"ai giải thích giúp mình đoạn giữa với?",neutral,question
"chất lượng hình ảnh tốt nhưng thiếu kết nối",neutral,production
"âm thanh và ánh sáng làm giảm cảm xúc clip",negative,technical
"xem xong mà tim đập nhanh luôn",positive,intense
"đôi khi chỉ cần một khung hình là hiểu hết",positive,clarity
"clip này là gu mình nè",positive,preference
"nội dung khó hiểu mà lại cuốn cực kỳ",positive,intrigue
"xem xong cảm giác bị hút vô mạch chuyện",positive,immersive
"đỉnh cao kể chuyện bằng hình ảnh",positive,storytelling
"không cần lời thoại vẫn truyền tải được cảm xúc",positive,visual\_narrative
"giống như đang xem một giấc mơ vậy",positive,dreamlike
"thật sự cảm ơn người tạo ra clip này",positive,gratitude
"clip kiểu này làm mình muốn học dựng phim",positive,inspiration
"tự nhiên thấy yên lòng ghê",positive,peaceful
"chỉ một khúc nhỏ thôi mà đầy tâm trạng",positive,expressive
"ai đó hãy làm thêm kiểu này nữa đi",positive,request
"xem xong có động lực sống hơn",positive,motivation
"clip này như liều thuốc tinh thần",positive,supportive
"cảm giác như được chữa lành",positive,healing
"hồi nhỏ hay tưởng tượng mấy cảnh kiểu này",positive,childhood
"một trong những clip đáng xem nhất hôm nay",positive,recommendation
"cảm ơn vì đã tạo ra tác phẩm này",positive,appreciation
"đẹp cả hình lẫn cảm xúc",positive,aesthetic
"dựng đơn giản mà hiệu quả cực kỳ",positive,craft
"càng xem càng thấm từng chi tiết",positive,depth
"nếu clip này có phần 2 chắc hay lắm",positive,anticipation
"nên chiếu clip này trong lớp học kỹ năng sống",positive,educational
"xem mà muốn khóc luôn á trời",positive,emotional
"mỗi lần xem lại là một cảm nhận khác",positive,reflection
"tui xem không chớp mắt luôn á",positive,engaging
"đây là kiểu clip khiến người ta im lặng sau khi xem",positive,impact
"chưa bao giờ thấy cái gì vừa lạ vừa quen như vậy",positive,relatable
"tui gửi cho bạn bè coi liền vì hay quá",positive,shareable
"clip có chiều sâu và có hồn",positive,quality
"nếu là phim ngắn chắc cũng đoạt giải",positive,award\_worthy
"clip khiến mình nhận ra nhiều thứ trong cuộc sống",positive,realization
"nội dung đơn giản nhưng gợi mở suy nghĩ",positive,minimalism
"xem xong mới thấy mình cần chậm lại",positive,mindfulness
"đôi khi không cần quá lời để cảm nhận",positive,silence
"một phút yên lặng cho sự tinh tế này",positive,tribute
"nên có nhiều sản phẩm sáng tạo thế này hơn",positive,encouragement
"clip này như thơ luôn á",positive,poetic
"góc máy đẹp lạ mà rất điện ảnh",positive,cinematic
"có vẻ như đây là dự án cá nhân đầy tâm huyết",positive,respect
"một sản phẩm vừa nghệ thuật vừa đời thường",positive,realism
"ai làm clip này chắc có gu cực mạnh",positive,taste
"tui lưu clip lại để xem mỗi khi mệt mỏi",positive,comfort
"cảm ơn vì đã cho tui phút lặng trong ngày hôm nay",positive,gratitude
"không phải ai cũng cảm được clip kiểu này",neutral,subjectivity
"xem xong cảm thấy cuộc sống đáng sống hơn",positive,affirmation
"ai mà nghĩ ra kịch bản này hay dữ",positive,creativity
"có cái gì đó rất nhân văn trong từng khung hình",positive,humanity
"clip làm mình thấy yêu bản thân hơn",positive,self\_love
"xem để nhắc mình rằng ai cũng có câu chuyện riêng",positive,reminder
"mỗi lần cảm xúc dồn nén là mở clip kiểu này xem",positive,therapeutic
"một tác phẩm đẹp từ hình đến tâm",positive,soulful
"rất mong được xem thêm những sản phẩm như vậy",positive,follow\_up
"e dân bắc ninh nghe cái câu kia cũng sợ,dân BN đông mà",positive,regional
"ở thái nguyên k phải ai cx thích uống trà😭 nma cũng hay uống",neutral,clarification
"ở bình dương kh có bà nào mọc hoa trên đầu đâu 🙂",negative,sarcasm
"ae thanh hóa thì sao bác 🐧",neutral,question
"dân quảng ninh cũng trắng trẻo mà🐥",positive,defense
"Còn ở đâu hay bị hỏi nữa nhịiii??",neutral,curious
"fan từ youtube\nvẫn hay như ngày nào 🤣🤣🤣",positive,loyalty
"Nhà Thái Bình ai cx có gần nhà sếp không 🤣",positive,joke
"Bắc giang chỗ t k có vải đâu cmay ơi",neutral,regional\_correction
"đỉnh cao quy chụp:)))🐧🐧",negative,generalization
"lại bắt đầu khịa vùng miền rồi đó nha",negative,provocative
"clip này chắc gây war vùng miền mất",negative,warning
"vùng nào cũng có người này người kia mà",neutral,balanced
"vui thôi đừng vui quá nha mấy ông",neutral,caution
"nghe xong vừa buồn cười vừa hơi chạnh lòng",neutral,mixed
"cái gì mà cứ đem vùng miền ra đùa vậy trời",negative,criticism
"dân nào chả có người tốt người xấu",neutral,fairness
"kệ, miễn tui không phải vậy là được =))",positive,self\_irony
"t lại thấy dân mình hay vui tính thôi mà",positive,humor
"bình luận này làm mình thấy không thoải mái",negative,discomfort
"mọi người bình tĩnh nha đừng gây war",neutral,moderation
"clip hài thôi mà mọi người ơi",positive,reminder
"nghe kiểu định kiến nhẹ á",negative,stereotype
"nói vui thôi chứ đừng đánh đồng nha",neutral,advice
"mỗi người mỗi nơi đều có nét đẹp riêng",positive,diversity
"vùng nào cũng có đặc sản văn hóa riêng mà",positive,culture
"coi clip xong phải vô comment cười xỉu",positive,entertainment
"tụi mình nên vui vẻ chứ đừng căng thẳng vùng miền",positive,peace
"comment này hơi động chạm nha 😅",negative,trigger
"tưởng giỡn ai ngờ gây war thiệt",negative,unexpected
"hỏi vui mà mấy bạn làm quá vậy",neutral,lighthearted
"comment kiểu này dễ gây hiểu lầm",neutral,misinterpretation
"t thấy nó buồn cười á, nhưng nghĩ lại cũng hơi sai",neutral,reflective
"bỏ qua mấy chuyện vùng miền đi, cười cho vui là được",positive,fun
"chốt lại là ai cũng đáng yêu hết",positive,conclusion
"đừng phán xét nhau vì nơi sinh sống nha",positive,acceptance
"mỗi người có hoàn cảnh khác nhau mà",neutral,understanding
"tụi mình đừng tự chia rẽ vì mấy chuyện nhỏ nhặt",positive,unity
"bình luận hơi đụng chạm nhưng vẫn vui",neutral,mixed
"giỡn quá hoá kỳ thị nha mọi người",negative,reminder
"đây là lý do tại sao đừng đùa về vùng miền",negative,caution
"từng bị nói vậy nên thấy hơi nhột",negative,personal\_experience
"coi mà thấy quen ghê vì từng bị hỏi giống vậy",neutral,relatable
"ai cũng có quê hương để tự hào mà",positive,pride
"lúc nào cũng lôi vùng miền ra làm trò cười",negative,critique
"mình thấy nên tôn trọng nhau hơn",positive,respect
"video mang tính giải trí thôi nha",positive,disclaimer
"bình luận hài nhưng hơi sát thương",neutral,balance
"tụi mình nên học cách đọc comment mà không cay",positive,self\_control
"mỗi lần có chuyện này lại gây war hoài",negative,repetitive
"từng bị trêu vì giọng quê, nên hiểu cảm giác",negative,empathy
"giỡn vùng miền mà người khác tổn thương thì không ổn",negative,impact
"nhiều khi nói chơi mà người ta để bụng đó",neutral,observation
"t tưởng là meme ai ngờ gây tranh cãi",neutral,surprised
"tụi nhỏ đừng học mấy comment thế này nha",negative,influence
"lúc đầu tưởng vui ai ngờ toxic nhẹ",negative,toxic
"mình nghĩ ai cũng nên suy nghĩ kỹ khi comment",neutral,thoughtful
"bình luận kiểu này dễ bị hiểu sai",neutral,interpretation
"đừng để mấy câu đùa làm mất đoàn kết",positive,message
"tụi mình cần nói chuyện với nhau tử tế hơn",positive,call\_for\_kindness
"clip chỉ là vui thôi, đừng soi quá",positive,lighthearted
"tôi đến từ một nơi bị đùa rất nhiều, không vui chút nào",negative,hurtful
"xem xong thấy cũng ngại ngại cho quê mình",negative,shame
"mình thấy mấy bạn nên dừng lại rồi đó",negative,boundary
"clip dễ thương mà comment căng ghê",negative,contrast
"t cũng dân tỉnh mà đâu như clip đâu",neutral,personal\_reaction
"tự nhiên bị dính ké vì nơi mình ở",negative,unfair
"vui thì vui chứ đừng xúc phạm nhau",positive,reminder
"mỗi lần vùng miền bị lôi ra là thấy drama",negative,drama
"tụi mình ai cũng có giọng, có văn hoá riêng chứ",positive,identity
"mấy cái clip vậy dễ bị bóp méo ý nghĩa",neutral,distortion
"mỗi vùng đều đáng yêu theo cách riêng",positive,diversity
"đọc bình luận mà rối luôn á",neutral,confused
"một phút cho những người hay bị trêu giọng",positive,support
"từng bị người ta bắt chước giọng rồi cười",negative,mockery
"comment như này dễ khiến người mới tự ti",negative,self\_esteem
"nhiều bạn tưởng đùa nhưng người khác tổn thương thật",negative,realization
"mỗi người một quê hương, một giọng nói, đều quý",positive,celebration
"thay vì chê, sao không học hỏi văn hoá nhau",positive,encouragement
"tụi mình nên tự hào nơi mình sinh ra",positive,pride
"mỗi vùng có cách sống riêng, không ai giống ai",positive,uniqueness
"tụi mình nên tập chấp nhận sự khác biệt",positive,acceptance
"mình cũng từng bị hiểu sai vì giọng nói",negative,misjudged
"tụi nhỏ đọc xong tưởng giỡn là đúng rồi bắt chước",negative,influence
"bình luận vùng miền không nên phổ biến hoài vậy đâu",negative,norm\_critique
"ai cũng có điểm hay, điểm dở mà",neutral,fairness
"tụi mình là một đất nước đa dạng mà",positive,national\_unity
"clip chỉ là 1 góc nhìn, đừng áp lên tất cả",neutral,perspective
"hy vọng mọi người đọc comment kỹ trước khi phản ứng",neutral,tip
"giỡn chút thôi chứ không có ý gì đâu nha",neutral,clarification
"clip hài nhưng gây hiểu nhầm thì phải coi lại",neutral,reflection
"dù là ai, từ đâu, miễn sống tốt là được rồi",positive,virtue
"thiếu mỗi cái giường",positive,humor
"Nhìn dậy mà bót với liên😭",negative,appearance
"Đang giảng bài mà lớp k ai học hết z 🙄",negative,discipline
"thiếu đúng cái giường",positive,repeat\_joke
"nhìn cái nấm đấm tay ổng kìa",neutral,observation
"Ê bà kia đẹp thiệt á 🥹",positive,compliment
"Bạn ơi nhờ quốc khánh đổi chỗ tui với=))))",positive,joke
"id tiktok idol nữ đâu",neutral,question
"selamat anda menemukan komen indo",neutral,language
"học thì ít mà chồng đ..t thì nhiều nè 😁😁😁",toxic,vulgar
"tui mà học chung là hỏng hết môn =)))",positive,teasing
"mọi thứ đều ổn trừ cái thái độ",negative,attitude
"t chỉ xin 1 góc nằm thôi cũng được",positive,funny
"ủa giờ đi học hay đi fashion show vậy?",negative,sarcasm
"cái bàn học này để check in là chính",positive,joke
"mỗi lần vô lớp là một buổi diễn thời trang",positive,humor
"ủa đây là giảng đường hay studio vậy?",neutral,confused
"thiếu tấm poster là thành concept luôn á",positive,aesthetic
"học sinh giờ chịu chơi dữ dằn",positive,admiration
"đẹp nhưng không biết có học không",neutral,suspicion
"coi vậy chứ điểm cao ngất ngưởng á",positive,achievement
"xinh là được tha thứ mọi lỗi lầm",toxic,bias
"ai cũng mang ipad đi học như trend",neutral,observation
"học mà như đóng phim học đường vậy",positive,comparison
"cần gì học, xinh là được",toxic,misbelief
"mình mà học lớp này là không tập trung nổi",positive,distracted
"không gian học mà như tiệc trà",positive,luxury
"giảng viên chắc cũng rối trí luôn",positive,funny
"cảm giác như lớp này ai cũng là hot girl",positive,impression
"mình nhớ sai lớp rồi sao ta",neutral,confusion
"tới giảng đường mà tưởng tới họp báo",positive,exaggeration
"kịch bản phim thanh xuân đây rồi",positive,cinematic
"đang học mà cứ tưởng đang quay tiktok",neutral,social\_media
"mọi thứ đều lấp lánh trừ bài giảng",negative,distraction
"sao ai cũng ăn mặc đẹp vậy trời",positive,fashion
"mình mà ngồi lớp này chắc không nghe giảng nổi",positive,distracted
"xem clip mà tự dưng thấy thiếu năng lượng",neutral,envy
"mình học lớp không ai nói chuyện luôn",neutral,contrast
"đẹp mà còn học giỏi nữa thì chịu sao nổi",positive,praise
"nhìn cách ngồi cũng thấy có style rồi",positive,style
"cứ tưởng lớp học K-pop fanclub",positive,kpop\_reference
"cần thêm dàn đèn sân khấu là xong",positive,joke
"coi video này thấy nhớ thời đi học ghê",positive,nostalgia
"mấy bạn này chắc học trường nghệ thuật",neutral,guess
"đừng so sánh vì mỗi lớp mỗi vibe",neutral,acceptance
"mình học lớp toàn trai khô như bánh tráng",negative,complaint
"ai cũng xinh chứ không như lớp tôi",neutral,comparison
"mỗi lần lướt là mỗi lần bị choáng",neutral,overwhelmed
"tui coi riết tưởng lớp nào cũng vậy",neutral,misconception
"tưởng mình lạc vào vũ trụ song song",positive,humor
"người đẹp cảnh đẹp, học chắc cũng đỉnh",positive,optimistic
"đừng để ngoại hình đánh lừa, mấy bạn học siêu giỏi á",positive,realization
"xinh quá mà điểm thấp thì cũng buồn",negative,expectation
"mình ước lớp mình vui như vậy",positive,wish
"ai quay clip khéo ghê, bắt trọn vibe luôn",positive,filming
"cái ghế cũng đẹp hơn lớp tui nữa",positive,funny
"cảm giác trường người ta khác hẳn",neutral,comparison
"ngồi học như đang dự fashion week",positive,humor
"muốn xin slot học ké lớp này",positive,joke
"cả lớp như bước ra từ phim điện ảnh",positive,style
"ai cũng biết pose dáng hết trơn á",positive,observation
"trông chill quá trời luôn",positive,vibe
"xem xong thấy lớp mình buồn thật sự",negative,disappointment
"ước gì trường mình cũng có vibe vậy",positive,hopeful
"ai đó quay lén giỏi ghê",positive,skill
"cảm giác như đang xem hậu trường MV",positive,cinematic
"mỗi lần thấy clip học đường là lại muốn quay lại tuổi học trò",positive,nostalgia
"tới trường mà như đi picnic",positive,relaxing
"giờ đi học phải có aesthetic mới chịu à?",neutral,question
"người đẹp nên cảnh cũng auto đẹp theo",positive,humor
"quay vậy thôi chứ chắc học cũng mệt lắm",neutral,realistic
"có ai vô học mà không lôi máy quay ra không?",neutral,commentary
"đẹp là một chuyện, học hành mới là chính nha mấy bạn",neutral,reminder
"tui nghĩ lại thời đi học mà chỉ có bảng và ghế nhựa",positive,throwback
"lớp tui hồi xưa không ai trang điểm bao giờ",neutral,contrast
"trường bạn người ta chưa bao giờ làm mình thất vọng",positive,trend
"cứ mỗi lần lướt là lại ghen tị nhẹ",neutral,emotion
"lớp học kiểu gì cũng có người quay story",neutral,trend
"nghĩ sao lớp học mà lộng lẫy quá vậy",neutral,unreal
"giờ học mà không có aesthetic là bị lạc hậu à",neutral,humor
"t tưởng đây là clip quảng cáo trường học",positive,production
"xem hoài không chán, dễ thương thật",positive,entertainment
"mấy bạn trẻ giờ đầu tư cả ngoại hình lẫn học tập",positive,motivation
"ngày xưa chỉ có áo trắng quần xanh là xong",neutral,comparison
"bài học chưa thuộc nhưng outfit là phải đỉnh",positive,contrast
"thấy vậy thôi chứ học kiểu này cũng áp lực",neutral,pressure
"nhìn vậy ai dám tới học chung",neutral,intimidation
"giảng viên chắc muốn đổi lớp dạy =))",positive,joke
"mọi người đều xinh đẹp nên mình cũng muốn học giỏi hơn",positive,inspired
"xem xong thấy năng lượng tích cực ghê",positive,positive\_vibes
"nội dung giảng không nhớ, nhưng vibe lớp thì nhớ hoài",positive,aesthetic
"từ ngày có tiktok học đường lên đời thiệt",neutral,trend
"bạn bè kiểu này thì đi học không bao giờ chán",positive,companionship
"tình bạn trong lớp này chắc dễ thương lắm luôn",positive,friendship
"chưa kịp học đã bị cái đẹp áp đảo rồi",positive,humor
"vậy lỡ như bệnh nhân thuộc vua lì đòn thì phải làm sao?",positive,joke
"nhìn cơ bắp của ảnh là pk uy tín r",positive,humor
"ổng gây mê vật lý kiểu gì vậy🙃dùng quy tắc bàn tay à",positive,sarcasm
"ông bs này ở khoa gây mê bằng sức à🤣",positive,funny
"tự nhiên đi mổ ruột thừa mà bị đưa qua chấn thương chỉnh hình",positive,absurd
"Em nhận sâu🦋nhá",positive,flirty
"Em nhận sâu🦋nhé",positive,flirty
"phải tao là đau đến mấy cũng phải nhắm mắt 😂😂😂",positive,teasing
"vật lí trị liệu😭",neutral,topic
"lỡ vật lí xong mất luôn thì sao💀",positive,dark\_humor
"gây mê bằng ngoại hình có thật á mọi người",positive,joke
"tui coi clip này mà cười muốn xỉu",positive,entertainment
"đây là định nghĩa mới của vật lý trị liệu",positive,wordplay
"lần đầu tiên thấy bác sĩ khiến người bệnh run vì đẹp",positive,appearance
"gây mê chưa đủ, phải gây thương nhớ",positive,flirt
"đúng là đi bệnh viện mà như casting người mẫu",positive,humor
"t tưởng mình đang xem phim Hàn",positive,cinematic
"chắc cần đi khám tim vì đập quá nhanh",positive,emotion
"không đau gì hết, chỉ là tim loạn nhịp",positive,funny
"vô bệnh viện mà không muốn xuất viện",positive,teasing
"bệnh chưa kịp hết mà tình yêu đã bắt đầu",positive,joke
"vật lí kiểu này chắc bệnh nhân không muốn khoẻ lại đâu",positive,humor
"đây là lý do tui tình nguyện đi viện mỗi tuần",positive,funny
"xem clip xong muốn học lại ngành y",positive,inspiration
"tui đau bụng mà xem xong thấy bớt đau luôn",positive,relief
"đúng là sắc đẹp có thể chữa lành mọi vết thương",positive,comedy
"gặp bác sĩ như này ai mà không chịu trị liệu",positive,motivation
"bác sĩ ơi em đau chỗ nào cũng được miễn gặp anh",positive,flirt
"clip này chữa bệnh tâm hồn tui thật sự",positive,healing
"phòng khám này chắc cần thêm giường vì đông quá",positive,predictable
"bác sĩ gì đâu mà như nam chính ngôn tình",positive,comparison
"đừng bảo tui là người duy nhất xem đi xem lại clip này nha",positive,relatable
"xin lịch làm việc để còn book khám luôn",positive,joke
"gây mê hay gây thương nhớ đây?",positive,wordplay
"vật lý trị liệu mà tim thì yếu dần đều",positive,humor
"xem xong cảm giác yêu đời hơn hẳn",positive,emotion
"có ai tua đi tua lại giống tui không?",positive,loop
"clip như liều thuốc bổ tinh thần",positive,therapeutic
"mặt đau nhưng lòng hạnh phúc =))",positive,contrast
"ai cần thuốc khi có bác sĩ như vậy",positive,exaggeration
"đây là lần đầu tôi thấy chấn thương mà thấy vui",positive,funny
"bác sĩ gì mà ngầu dữ vậy trời",positive,impression
"nếu vật lí trị liệu mà thế này thì em tình nguyện đau",positive,flirt
"đây là ngành nghề đáng mơ ước ghê",positive,inspiration
"clip này cứu mood tui một cách thần kỳ",positive,mood\_booster
"đúng là chữa bệnh kiểu Gen Z",positive,trendy
"vô viện mà như đi casting idol vậy trời",positive,hilarious
"bệnh nhân sắp khóc vì đẹp quá chứ không phải đau",positive,humor
"xin hỏi địa chỉ phòng khám để em ghé nha",positive,curious
"nếu được chữa bệnh vậy thì ai cũng khỏe liền",positive,imagine
"đẹp vậy ai mà dám thở mạnh",positive,joke
"bệnh chưa khỏi nhưng crush đã bắt đầu",positive,romantic
"tui không chịu được nhiệt, bác sĩ đừng nhìn em nữa",positive,teasing
"clip này là nguồn năng lượng tích cực mỗi sáng",positive,positive\_vibes
"đẹp như vậy chắc bệnh nhân không cần gây mê đâu",positive,funny
"em sẽ tái khám mỗi tuần chỉ để nhìn thấy anh",positive,flirt
"xin bác sĩ chữa em đi, bệnh tương tư nặng lắm rồi",positive,joke
"đây là phương pháp trị liệu bằng ánh mắt",positive,flirt
"cơ bắp vậy chắc bệnh nhân không dám than đau",positive,appearance
"vật lý hay tâm lý trị liệu vậy trời",positive,playful
"em tình nguyện nhập viện chỉ cần gặp anh",positive,flirt
"bác sĩ kiểu này chắc gây tai nạn vì quá cuốn hút",positive,humor
"xem clip mà quên mất mình đang đau bụng",positive,distraction
"chưa thấy ai trị liệu mà gây nghiện vậy luôn á",positive,hyperbole
"clip vừa hài vừa đáng yêu hết sức",positive,entertainment
"mỗi lần thấy bác sĩ là tim lại đập mạnh",positive,crush
"phải gọi đây là chấn động thị giác",positive,dramatic
"đúng là trai đẹp làm gì cũng đúng",toxic,bias
"muốn khám bệnh mà sợ hết lịch trước khi đăng ký",positive,relatable
"em không biết đau là gì cho đến khi nhìn thấy anh",positive,joke
"xem clip mà muốn đi học y luôn",positive,inspiration
"phòng khám này có nhận học việc không vậy?",positive,joke
"đẹp trai vậy chắc người ta tới xem nhiều hơn khám",positive,sarcastic
"em sẽ chăm chỉ bị bệnh để gặp được người như anh",positive,humor
"không biết nên khóc vì đau hay cười vì đẹp",positive,mixed\_emotion
"bác sĩ gì mà như người mẫu đi lạc vậy trời",positive,comparison
"clip này đáng xem hơn cả phim truyền hình",positive,entertainment
"có ai cảm thấy bị chữa lành tinh thần không?",positive,question
"đẹp trai level này thì phát thuốc gì cũng uống",positive,trust
"sao bệnh nhân nhìn còn bối rối hơn bác sĩ",positive,humor
"coi xong thấy mọi đau đớn tan biến",positive,healing
"có ai cho mình số điện thoại đặt lịch không",positive,joke
"chỉ là clip thôi mà tui tưởng đang mơ",positive,dreamlike
"tim đập nhanh hơn cả lúc đau bụng",positive,emotion
"coi clip mà muốn gục luôn á",positive,exaggeration
"một pha gây mê không cần thuốc",positive,metaphor
"đẹp vậy chắc 80% người bệnh là crush",positive,teasing
"cảm ơn clip đã chữa lành cả ngày dài",positive,gratitude
"tôi tình nguyện nằm viện luôn cũng được",positive,flirt
"ai nghĩ ngành y khô khan thì nên xem clip này",positive,realization
"không biết là bác sĩ hay diễn viên luôn",positive,impression
"clip làm mình cười không ngớt",positive,entertainment
"có ai muốn đổ bệnh không?",positive,teasing
"gây mê bằng body chứ không cần kim tiêm",positive,playful
"tui không biết nói gì ngoài từ ĐẸP",positive,admiration
"xem clip xong cần gọi cấp cứu vì tim loạn nhịp",positive,hyperbole
"đứa hay nói ẩn ý chơi vs đứa hay nhột",positive,funny
"ủa chú tín cx có ngiu cũ hả??",neutral,surprised
"ê chú tín đội tóc giả đẹp gái v😋^^",positive,humor
"tưởng qc lăn nách😭",positive,mistaken\_identity
"tim để ko cười rụng răng😋",positive,funny
"mệt chết :)))",neutral,exhausted
"soi nhanh dữ v",neutral,commentary
"k rep ở lại lớppp 🫵🫵",positive,teasing
""mệt chết "🥵🥵🥵🥵",neutral,overwhelmed
"dạ em xin link đồ",neutral,request
"vừa mệt vừa mắc cười",positive,mixed\_feelings
"tức mà không nói được vì buồn cười",positive,humor
"xem xong tự nhiên mệt chung luôn á",positive,relatable
"đây là biểu cảm của tui mỗi sáng thứ hai",positive,relatable
"cái này là cạn lời thật sự",neutral,expression
"coi đi coi lại vẫn mắc cười",positive,entertainment
"góc nghiêng thần thánh xuất hiện",positive,compliment
"cái mặt nói lên tất cả",neutral,expression
"thề luôn nhìn vậy ai mà chịu nổi",positive,teasing
"clip kiểu vừa toxic vừa gây nghiện",positive,addictive
"ngồi kế mà muốn đổi chỗ gấp luôn",neutral,funny
"đoạn này tui bật cười trong lớp luôn",positive,unexpected
"kịch bản hay ghê á nha",positive,creativity
"tưởng troll ai ngờ troll mình",positive,twist
"kiểu cười mỏi miệng rồi lại coi tiếp",positive,laughter
"không biết nên mệt hay nên cười",positive,confused
"comment này đúng chất nội tâm",positive,deep
"diễn sâu như biển đông luôn á",positive,drama
"tưởng ai ngầu ai dè hài hước dữ thần",positive,surprise
"mắt thì nhìn camera mà hồn đi đâu rồi",positive,humor
"tui cần đoạn slow motion ánh mắt đó",positive,detail
"vừa ăn vừa coi clip cười muốn sặc",positive,funny
"bị bắt quả tang ánh mắt hình viên đạn",positive,humor
"nội dung gì mà làm tui muốn replay hoài",positive,addictive
"xin lỗi chứ tui cười hơi to",positive,laughter
"diễn sâu như vũng lầy vậy đó",positive,wordplay
"tui mà ở đó là tui bật khóc vì cười",positive,dramatic
"tập thể dục buổi sáng bằng cách xem clip này",positive,funny
"mỗi lần stress tui lại mở mấy clip này ra xem",positive,stress\_relief
"mắt kiểu: lại drama nữa hả trời",positive,reaction
"tui thích kiểu hài nhẹ nhàng vậy nè",positive,preference
"ai quay khúc này đúng lúc ghê",positive,timing
"cái thần thái đó không thể nào giả được",positive,expression
"không hiểu sao nhưng thấy thích clip này ghê",positive,vibe
"vừa nhẹ nhàng vừa dở khóc dở cười",positive,emotion
"xem một lần là nhớ cả đời",positive,memorable
"nét diễn này xứng đáng giải thưởng",positive,award\_worthy
"nếu có phần 2 tui coi đầu tiên",positive,anticipation
"tui mà không comment là không chịu nổi",positive,compulsion
"coi mà mặt đơ vì cười",positive,reaction
"xem xong muốn đăng story liền",positive,shareable
"từ clip mà ra đủ meme",positive,versatile
"vừa mệt vừa tức mà lại buồn cười",positive,mixed
"tôi chính là người bị trêu trong clip",positive,relatable
"comment này đúng kiểu cười trong nước mắt",positive,irony
"trình độ diễn xuất level tiktok",positive,performance
"quay vậy thôi chứ chắc cũng mệt lắm",neutral,behind\_the\_scenes
"clip này đúng gu tôi luôn",positive,preference
"không biết sao mà cười hoài không chán",positive,laughter
"mỗi lần coi lại là cười tiếp",positive,repeat
"tưởng vô tình ai dè cố ý hết",positive,setup
"vibe này đúng kiểu lớp tui luôn",positive,relatable
"tui cười xong phải đi lau nước mắt",positive,extreme\_laughter
"góc nghiêng chớp thời cơ quá chuẩn",positive,timing
"xem clip này xong thấy đời bớt nặng",positive,lighthearted
"mặt mệt mà vẫn ngầu là sao chời",positive,contrast
"không có câu thoại nào vẫn đỉnh",positive,silent\_acting
"clip này mà không viral thì hơi phí",positive,potential
"người ta mệt chứ tui thì cười như điên",positive,opposite\_reaction
"nhìn thôi là thấy kịch tính rồi",positive,dramatic
"một pha lật mặt nhanh hơn bánh tráng",positive,sarcasm
"coi riết xong auto thuộc biểu cảm",positive,fandom
"vẻ mặt bất lực top 1 tiktok hôm nay",positive,ranking
"diễn mà như không diễn",positive,natural
"clip này chắc quay xong mệt thiệt",neutral,realistic
"ai dám nói học sinh không biết diễn xuất",positive,student\_talent
"xem rồi không thể không cười",positive,unavoidable
"coi mà mắc cười muốn xỉu",positive,exaggeration
"không biết là diễn hay thật vậy nữa",neutral,confused
"cái style này là bắt trend mạnh lắm",positive,trendy
"xem clip này thấy yêu đời hơn",positive,uplifting
"dùng để dạy diễn xuất luôn được á",positive,educational
"góc quay rất có tâm nha",positive,appreciation
"đây là cách giải trí nhẹ nhàng không hại não",positive,casual
"tui lưu clip này để mở mỗi sáng",positive,routine
"xem riết tưởng đây là phim ngắn",positive,cinematic
"mỗi biểu cảm đều có hồn ghê",positive,character
"chỉ cần nhìn ánh mắt là biết ý đồ rồi",positive,clever
"bắt khoảnh khắc đỉnh thật sự",positive,spot\_on
"tui cười tới khan tiếng luôn á",positive,reaction
"nét diễn đậm chất tiktok nhưng không bị lố",positive,balanced
"tưởng bạn này học diễn xuất luôn á",positive,acting
"đừng ai hỏi sao tui cười giữa đêm",positive,late\_night\_laughter
"clip này là chân ái hôm nay của tui",positive,favorite
"Mấy thằng bảo vệ tưởng nó là cha k",positive,appreciation
"Cư xử quá trời văn minh a chai 10 điểmmm",positive,congratulation
"nhìu thằng con chửi bác bảo vệ chắc đó giờ k được ai dạy",positive,appreciation
"T tưởng trực bảo vệ công an tỉnh ko chứ😂😂😂",positive,appreciation
"Chú bảo vệ tối nay chắc khó ngủ rồi 🤣",positive,appreciation
"Có ai giống tôi không, coi xong mà thấy ấm lòng",positive,appreciation
"Đúng là người tốt việc tốt ❤️",positive,appreciation
"Tui cũng từng gặp bảo vệ dễ thương giống vậy á",positive,appreciation
"Phản ứng đỉnh cao 👏",positive,compliment
"Chuyện nhỏ thôi nhưng thấy vui ghê",positive,appreciation
"Thấy mấy bạn trẻ lễ phép vậy mừng ghê",positive,appreciation
"Ủa vậy là mình không nên đánh giá qua vẻ ngoài hả?",positive,useful
"Lúc đầu tưởng xấu mà hóa ra dễ thương 😍",positive,appreciation
"Nội dung clip rất nhân văn luôn",positive,appreciation
"Tui coi đi coi lại vẫn thấy vui 😆",positive,appreciation
"10 điểm cho pha xử lý đỉnh cao 👏",positive,compliment
"Vui vẻ, lịch sự, đáng yêu nữa",positive,compliment
"Ai cũng cười vui vẻ là tốt rồi",positive,appreciation
"Tự nhiên thấy yêu đời hơn á 😌",positive,appreciation
"Người với người đối xử tử tế với nhau là được",positive,appreciation
"Có thêm niềm tin vào cuộc sống rồi đó",positive,appreciation
"Bảo vệ như vậy mới đáng yêu chứ 😍",positive,compliment
"Đúng người đúng thời điểm luôn",positive,appreciation
"Thật sự khâm phục cách xử lý tình huống",positive,compliment
"Clip này nên lan tỏa nhiều hơn",positive,useful
"Chỉ mong xã hội nhiều người như vậy thôi",positive,appreciation
"Trân trọng từng hành động đẹp như này",positive,appreciation
"Tấm lòng đẹp luôn được ghi nhận 🥹",positive,appreciation
"Góc nhìn khác về nghề bảo vệ",positive,useful
"Có mấy đứa nhỏ biết cư xử như này là hiếm lắm đó",positive,appreciation
"Nhìn vậy ai mà không quý cho được",positive,compliment
"Sáng giờ coi clip này là thấy vui rồi",positive,appreciation
"Đúng là đáng yêu thật sự luôn á",positive,compliment
"Một phút suy ngẫm cho người từng xem thường người khác",positive,useful
"Sống tốt, mọi thứ tự nhiên tốt theo thôi",positive,appreciation
"Bảo vệ mà ứng xử như người quản lý luôn á",positive,compliment
"Học được nhiều từ clip này ghê",positive,useful
"Không nghĩ clip lại mang năng lượng tích cực vậy",positive,appreciation
"Tui bật cười thiệt sự luôn á haha",positive,excitement
"Tui không thấy gì ngoài sự dễ thương luôn 😄",positive,compliment
"Tình huống nhỏ mà truyền cảm hứng lớn",positive,appreciation
"riết rồi vua chúa ko bằng hắn ta",positive,appreciation
"bro đã thắng đời 3-0",positive,appreciation
"số hưởng nhất VN:))",positive,appreciation
"Ngài có thể chia sẻ cho thần không ạ",positive,appreciation
":))) má anh vĩ ơiiiiii a vua chúa quáaa",positive,appreciation
"Tới công chuyện thật rồi",positive,excitement
"Nay tôi học được bài học lớn",positive,useful
"Mấy pha xử lý đỉnh cao dữ ha",positive,compliment
"Thôi rồi, cái này viral luôn",positive,excitement
"Coi xong thấy nhẹ lòng ghê",positive,appreciation
"Cái này đáng học hỏi thiệt sự",positive,useful
"Không hổ danh là best moment",positive,compliment
"Giỏi quá trời giỏi luôn á",positive,compliment
"Hổng biết nói gì ngoài 2 chữ: Đỉnh!",positive,compliment
"Vỗ tay cái nè 👏👏",positive,excitement
"Tấm gương sáng luôn á",positive,appreciation
"Xem mà nổi hết da gà",positive,excitement
"Tui mê mấy kiểu này ghê luôn á",positive,compliment
"Chưa bao giờ thấy ai xử lý hay vậy",positive,compliment
"Một pha xử lý đi vào lòng người",positive,compliment
"Quá hợp lý luôn rồi còn gì",positive,agreement
"Cái này truyền cảm hứng thật sự",positive,appreciation
"Người đâu mà đáng yêu dễ sợ",positive,compliment
"Tình huống này không ai đỡ nổi",positive,excitement
"Xem cười xỉu luôn 🤣🤣",positive,excitement
"Vẫn không thể tin là thật",positive,excitement
"Coi bao nhiêu lần vẫn cười 😆",positive,excitement
"Trời ơi dễ thương quá",positive,compliment
"Học hỏi được nhiều lắm luôn",positive,useful
"Đây là clip truyền cảm hứng nhất hôm nay",positive,appreciation
"Một sự tử tế đáng ngưỡng mộ",positive,appreciation
"Cảm xúc dâng trào luôn đó",positive,appreciation
"Hình mẫu lý tưởng nè",positive,compliment
"Tấm lòng vàng là đây chứ đâu",positive,appreciation
"Cư xử vậy mới là đẳng cấp",positive,compliment
"Hành xử quá văn minh luôn",positive,compliment
"Người ta làm vậy mới nể",positive,compliment
"Không hề phô trương, rất tinh tế",positive,compliment
"Đây là điều chúng ta cần lan toả",positive,useful
"Clip đáng xem nhất ngày hôm nay",positive,appreciation
"Giống như trong phim luôn á",positive,excitement
"Thấy nhẹ lòng hẳn ra luôn á",positive,appreciation
"Xem mà mát lòng mát dạ ghê",positive,appreciation
"Vừa cười vừa cảm động luôn á trời",positive,appreciation
"Người gì mà vừa dễ thương vừa thông minh",positive,compliment
"Không nói nhiều, 10 điểm!",positive,congratulation
"Thích cái vibe này ghê",positive,compliment
"Đẹp từ trong ra ngoài luôn",positive,compliment
"Xem mà rưng rưng nước mắt",positive,appreciation
"Tui là tui cho 100 điểm luôn",positive,congratulation
"dang cap vkl . tôi kiếm 1 em lớp 10 để yêu cho biết mùi yêu đương",positive,appreciation
"ba: ba k có bạn\ncon: để con kiếm bạn cho ba😂",positive,appreciation
"do tóc thoi chứ ông này vẫn trẻ do ngta cày nhiều thôi",positive,appreciation
"sắp thi là hiện z 🥰",positive,appreciation
"Giỡn quài bro",positive,appreciation
"này là đi học hay đi làm người mẫu vậy :)))",positive,compliment
"tướng đứng nhìn biết dân chơi rồi",positive,compliment
"thanh xuân như 1 ly trà...",positive,appreciation
"nhớ mấy ngày ôn thi căng thẳng dễ sợ",positive,appreciation
"đỉnh thiệt sự luôn",positive,compliment
"thời đi học đúng là vui thật",positive,appreciation
"cười không ngậm được mồm 🤣",positive,excitement
"phong cách không ai đỡ nổi",positive,compliment
"thi xong là ngủ li bì luôn á",positive,appreciation
"mỗi lần kiểm tra là hết hồn chim én luôn",positive,excitement
"clip này viral là cái chắc",positive,excitement
"tuổi học trò dữ dội ghê",positive,appreciation
"đẹp trai quá đáng luôn",positive,compliment
"cái vibe học đường dễ thương cực",positive,appreciation
"cảm giác y như hồi xưa vậy á",positive,appreciation
"phong cách chất lượng cao",positive,compliment
"có ai thấy quen quen không :))",positive,excitement
"thanh niên mẫu mực nè",positive,compliment
"một pha xuất hiện không thể nào quên",positive,excitement
"xem mà nhớ thời học trò ghê",positive,appreciation
"điểm 10 cho thần thái nha",positive,compliment
"cảnh quay đỉnh cao luôn",positive,compliment
"tui muốn quay lại thời đi học quá",positive,appreciation
"mấy bạn nhỏ giờ xịn ghê ha",positive,compliment
"thời nào rồi mà vẫn còn style như này",positive,compliment
"cảm xúc ùa về từng đợt luôn",positive,appreciation
"tóc tai chỉnh chu dữ ha",positive,compliment
"đồng phục nhìn thích thật",positive,compliment
"ngày đó cứ như hôm qua vậy",positive,appreciation
"quá hợp lý luôn rồi còn gì nữa",positive,agreement
"style này nhìn hoài không chán",positive,compliment
"ai cho đẹp vậy trời",positive,compliment
"tới công chuyện luôn rồi",positive,excitement
"học mà như đi fashion show vậy",positive,compliment
"tưởng idol Hàn Quốc không á",positive,compliment
"trẻ mà đầy tự tin ghê",positive,compliment
"đi học mà tươm tất dữ",positive,compliment
"góc nghiêng thần thánh luôn",positive,compliment
"cười như nắng mai vậy đó",positive,compliment
"tui cũng muốn được quay như vậy",positive,appreciation
"thiệt sự là quá đẹp",positive,compliment
"có khi nào lên báo luôn không trời",positive,excitement
"mấy bạn học sinh giờ khác thật",positive,appreciation
"ai cũng rạng rỡ hết trơn á",positive,compliment
"clip này coi không biết chán luôn",positive,appreciation
"tự nhiên muốn đi học lại ghê",positive,appreciation
"Đi 2 năm xong rồi về còn được tiếng thơm chú bộ đội",positive,appreciation
"cứ làm khổ gia đình ,cả nước cả nghìn người đi được",positive,appreciation
"Đi bộ thời này có khổ cực gì đâu, hai năm là xong",positive,appreciation
"nghĩa vụ quân sự với mỗi công dân khi đến tuổi là chuyện bình thường",positive,appreciation
"người muốn đi nvqs thì lại không đc 😌",positive,appreciation
"Thời gian rèn luyện bản thân cũng đáng giá mà",positive,useful
"ai cũng nên trải qua để trưởng thành hơn",positive,useful
"kỷ luật trong quân đội rèn cho người ta nhiều thứ hay ho",positive,useful
"có những bài học chỉ có trong quân ngũ mới có",positive,useful
"vừa được học vừa được sống tập thể, quá tốt",positive,appreciation
"mỗi người 1 suy nghĩ, nhưng nghĩa vụ vẫn là trách nhiệm",positive,appreciation
"ai từng đi rồi sẽ hiểu giá trị của nó",positive,appreciation
"mình đi rồi nên thấy biết ơn những ngày đó",positive,appreciation
"kỷ niệm không thể nào quên trong đời",positive,appreciation
"quân đội cho mình cái nhìn khác về cuộc sống",positive,appreciation
"nếu có cơ hội mình vẫn muốn quay lại lần nữa",positive,appreciation
"cái gì cũng có lý do của nó, nên hiểu thay vì phán xét",positive,useful
"đi nvqs là góp phần bảo vệ đất nước mà",positive,appreciation
"cuộc sống trong đó không dễ nhưng rất đáng",positive,appreciation
"rèn luyện thể lực và tinh thần luôn",positive,useful
"sự kiên nhẫn được trui rèn qua từng ngày",positive,useful
"tự lập hơn rất nhiều sau khi đi nghĩa vụ",positive,useful
"chưa đi thì sẽ thấy sợ, đi rồi thì sẽ hiểu",positive,appreciation
"có ai từng khóc lúc chia tay đơn vị không",positive,appreciation
"kỷ luật thép nhưng tình cảm cũng chân thành",positive,appreciation
"tình đồng đội là thứ không gì thay thế được",positive,appreciation
"từ người nhút nhát trở nên mạnh mẽ hơn nhờ quân ngũ",positive,appreciation
"quá trình không dễ dàng nhưng kết quả xứng đáng",positive,appreciation
"mọi người nên nhìn toàn diện hơn về nvqs",positive,useful
"từ ngày đi về thấy bản thân trưởng thành rõ",positive,appreciation
"mình không hối hận khi đã hoàn thành nghĩa vụ",positive,appreciation
"một chặng đường đáng nhớ của tuổi trẻ",positive,appreciation
"nơi dạy cho mình biết quý trọng thời gian",positive,useful
"có đi mới thấy cha mẹ ngoài đời cực khổ ra sao",positive,useful
"khi quay lại cuộc sống cũ, cảm giác rất lạ",positive,appreciation
"mỗi lần nghe nhạc quân đội là xúc động liền",positive,appreciation
"đúng là thanh xuân đáng giá nhất",positive,appreciation
"dù vất vả nhưng không uổng công chút nào",positive,appreciation
"trải nghiệm một lần để biết rõ bản thân hơn",positive,useful
"cuộc sống trong quân đội rèn cho ta rất nhiều thứ",positive,useful
"góp ý thì quán k quan tâm luôn",positive,appreciation
"giá cả quá hợp lý rồi hẹ hẹ hẹ",positive,appreciation
"Fan hakycon : \"ai ép mua\"",positive,appreciation
"70k/phần cơm 😌🙂🙂🙂. + ship = 100k 😏😌",positive,appreciation
"65k với giá đấy 1 suất ăn đêm thì không sao ,nếu có trứng thì ổn",positive,appreciation
"ăn 1 lần biết liền mà, đừng chê trước khi thử",positive,useful
"quán này giờ đông lắm luôn",positive,appreciation
"tính ra vậy cũng ổn so với mặt bằng chung",positive,appreciation
"có vẻ ngon đó chứ",positive,compliment
"mỗi người một khẩu vị thôi",positive,appreciation
"giá này mình thấy hợp lý mà",positive,appreciation
"đừng nên phán xét khi chưa thử",positive,useful
"vấn đề là người ta vẫn mua đó thôi",positive,appreciation
"ship xa thì mắc là đúng rồi còn gì",positive,agreement
"ăn xong no lặc lè luôn",positive,appreciation
"tui thấy vậy là được rồi, không đắt đâu",positive,appreciation
"1 phần đầy đặn, giá này ok mà",positive,appreciation
"có mấy chỗ còn mắc hơn nhiều á trời",positive,appreciation
"hợp túi tiền sinh viên luôn á",positive,appreciation
"quán đông vậy là hiểu rồi đó",positive,appreciation
"hổng hiểu sao có người cứ thích so sánh hoài",positive,appreciation
"coi vậy chứ nhiều chỗ còn đắt hơn",positive,appreciation
"chất lượng như vậy là được rồi",positive,appreciation
"mỗi người mỗi cảm nhận, đừng ép nhau",positive,appreciation
"thấy vậy mà ngon đó, đừng đánh giá sớm",positive,useful
"ăn xong thấy đáng đồng tiền luôn",positive,appreciation
"có người mua là có lý do hết á",positive,appreciation
"ai chê thì thôi chứ tui vẫn thấy ổn",positive,appreciation
"đừng dìm quán khi chưa thử tận nơi",positive,useful
"người ta bán vậy là đúng giá trị rồi",positive,appreciation
"vừa túi tiền vừa ngon nữa",positive,appreciation
"người bán cũng cần có lời chứ",positive,appreciation
"không thích thì đừng mua, đơn giản",positive,agreement
"không ai bắt ép ai mua hết",positive,agreement
"tùy gu mỗi người thôi mà",positive,appreciation
"giá trị nằm ở chất lượng món ăn",positive,appreciation
"tính ra vậy là dễ chịu rồi đó",positive,appreciation
"so với chỗ khác thì vẫn rẻ chán",positive,appreciation
"bán online mà vậy là hợp lý",positive,appreciation
"coi kỹ thì giá không cao đâu nha",positive,appreciation
"có ship xa thì tính thêm là bình thường",positive,agreement
"nhiều người cứ thích chê cho vui",positive,appreciation
"phải công nhận là nhìn hấp dẫn thiệt",positive,compliment
"mình ăn thấy ngon mà, giá xứng đáng",positive,appreciation
"chê chi cho mệt, ai thấy hợp thì mua thôi",positive,appreciation
"với tui vậy là ổn rồi, không ý kiến",positive,appreciation
"người ta bỏ công sức ra nữa chứ",positive,appreciation
"đừng có phán xét suông hoài vậy",positive,useful
"mua ủng hộ là chính, ngon dở tính sau",positive,appreciation
"ủng hộ Đèo Cả 100%.\ncòn ông kia thôi thua. 80 năm không bằng 8 năm",positive,useful
"Vin làm rất tôt, phân lô, bán đề, đẩy giá đất, giỏi thật sự",positive,appreciation
"Nể những công ty như Đèo Cả đấy, đó mới là kiểu làm ăn đàng hoàng",positive,appreciation
"Deoca mới thực sự là công ty Việt 🥰",positive,appreciation
"Mình có niềm tin với Đèo cả Group hơn 🫰",positive,appreciation
"Người ta làm thật, không bày trò",positive,appreciation
"Hy vọng sẽ có thêm nhiều công ty như vậy",positive,appreciation
"Một mô hình phát triển bền vững đáng học hỏi",positive,useful
"Đi đúng hướng là thấy liền kết quả",positive,appreciation
"Làm đường, xây cầu chứ không đi hô khẩu hiệu",positive,appreciation
"Đèo Cả ngày càng chiếm được lòng tin người dân",positive,appreciation
"Khi doanh nghiệp tử tế thì xã hội sẽ tốt lên thôi",positive,useful
"Đi đâu cũng thấy dự án của Đèo Cả",positive,appreciation
"Không màu mè, chỉ tập trung vào chất lượng",positive,appreciation
"Đã từng trải nghiệm công trình của họ, rất hài lòng",positive,appreciation
"Ước gì nhiều nơi làm ăn như vậy",positive,appreciation
"Xây dựng vì cộng đồng thực sự",positive,appreciation
"Đúng là một làn gió mới trong ngành xây dựng",positive,appreciation
"Không PR rầm rộ mà vẫn nổi bật",positive,appreciation
"Càng làm càng được lòng dân",positive,appreciation
"Họ có tâm và có tầm thiệt sự",positive,appreciation
"Vẫn âm thầm đóng góp không ngừng",positive,appreciation
"Không chiêu trò nhưng chất lượng thì khỏi bàn",positive,appreciation
"Chỉ cần nhìn thành quả là biết ai giỏi hơn ai",positive,appreciation
"Cảm ơn vì đã làm được điều nhiều người không làm được",positive,gratitude
"Càng tìm hiểu càng thấy nể",positive,appreciation
"Không cần nói nhiều, cứ nhìn kết quả là hiểu",positive,appreciation
"Một ví dụ tiêu biểu cho cách làm ăn nghiêm túc",positive,appreciation
"Tui tin tưởng Đèo Cả lâu rồi",positive,appreciation
"Đúng là hàng Việt chất lượng cao",positive,compliment
"Thành công không phải tự nhiên mà có",positive,appreciation
"Bền bỉ và kiên định với con đường đã chọn",positive,appreciation
"Làm thật, ăn thật, nói ít thôi",positive,appreciation
"Dự án nào của họ cũng có dấu ấn riêng",positive,appreciation
"Thấy rõ sự khác biệt qua từng công trình",positive,appreciation
"Mỗi lần đi qua hầm lại thấy tự hào",positive,appreciation
"Người Việt làm nên điều kỳ diệu",positive,appreciation
"Không phô trương, chỉ tập trung vào giá trị thực",positive,appreciation
"Làm để phục vụ chứ không phải để khoe mẽ",positive,appreciation
"Rất mong nhà nước tạo điều kiện cho các đơn vị như vậy phát triển",positive,useful
"Họ là minh chứng cho sự tử tế vẫn tồn tại trong kinh doanh",positive,appreciation
"chắc là có xích mích hay gì với nhân viên quán à",positive,appreciation
"Đh sư phạm Hùng Vương z là các cô giáo tương lai á hả",positive,appreciation
"lớn r mà đầu nghĩ j v:)",positive,appreciation
"Mấy kiểu này ra ngoài k dễ gặp đâu mà ở đây lại có hoài",positive,appreciation
"Check biển số xe là ra ngay",positive,appreciation
"Người ta làm clip thôi, đừng căng",positive,useful
"Mỗi người mỗi tính, đừng quy chụp",positive,useful
"Phải coi từ nhiều phía chứ đừng nhìn 1 chiều",positive,useful
"Mạng xã hội đừng vội tin 100%",positive,useful
"Lời nói đôi khi không như hành động",positive,useful
"Học được nhiều điều từ mấy clip như vầy",positive,useful
"Không phải ai cũng như vậy đâu nha",positive,appreciation
"Chuyện gì cũng có nguyên do của nó",positive,useful
"Clip vui thôi đừng nghĩ nhiều",positive,appreciation
"Không nên đánh giá quá sớm",positive,useful
"Xem giải trí là chính, đừng soi quá",positive,appreciation
"Tính cách con người không thể hiện hết trong 1 clip",positive,useful
"Tui thấy ổn mà, đâu đến nỗi như nhiều người nói",positive,appreciation
"Đừng để vài tình huống nhỏ mà đánh giá cả người",positive,useful
"Nên học cách cảm thông nhiều hơn",positive,useful
"Mỗi người đều có câu chuyện riêng",positive,useful
"Cười 1 cái cho nhẹ đầu nào 😄",positive,excitement
"Hài hước chút cho vui nhà vui cửa",positive,excitement
"Giải trí nhẹ thôi nè",positive,appreciation
"Đừng để cảm xúc chi phối suy nghĩ",positive,useful
"Nên nhìn nhận đa chiều hơn",positive,useful
"Suy nghĩ kỹ trước khi phát ngôn gì đó nha",positive,useful
"Chia sẻ ý kiến lịch sự thôi",positive,useful
"Nét quá trời luôn nè",positive,compliment
"Diễn sâu thật đó 😄",positive,compliment
"Thích mấy clip đời thường vậy nè",positive,appreciation
"Có chút gì đó quen quen ha",positive,appreciation
"Ai thấy giống mình điểm danh cái",positive,excitement
"Xem mà cười không ngậm được mồm 🤣",positive,excitement
"Càng xem càng thấy dễ thương ghê",positive,compliment
"Thích mấy nội dung nhẹ nhàng vậy",positive,appreciation
"Đơn giản mà thu hút ghê",positive,appreciation
"Giọng nói dễ thương quá trời",positive,compliment
"Nhẹ nhàng mà sâu sắc nha",positive,appreciation
"Không ồn ào mà vẫn hấp dẫn",positive,appreciation
"Nội dung chất lượng nè",positive,compliment
"Có tâm làm clip là thấy rõ",positive,appreciation
"Góc quay cũng chỉnh chu ghê",positive,compliment
"Hiệu ứng ghép vô duyên mà mắc cười 😄",positive,excitement
"Mấy đoạn chuyển cảnh mượt dữ ha",positive,compliment
"Clip này coi lúc mệt đúng là xả stress",positive,appreciation
"Tự nhiên thấy vui cả ngày luôn á",positive,appreciation
"Chọn nhạc hợp quá trời luôn",positive,compliment
"Bối cảnh nhìn dễ thương ghê",positive,compliment
"Coi riết thành fan luôn rồi đó",positive,appreciation
"Easy😂",positive,appreciation
"Tin vịt, Telegram nổi tiếng là trang mxh ko thể kiểm soát",positive,appreciation
"Phạm pháp mới có ng dùng chứ ko phạm pháp ai thèm",positive,appreciation
"thế xem sẽ có phạm pháp không",positive,appreciation
"Ae tải 1.1.1.1 là dùng ok",positive,useful
"Nói thì hay lắm, coi làm được gì không",positive,appreciation
"Chặn rồi vẫn có người lách được mà",positive,useful
"Thích thì nhích thôi, sợ gì",positive,appreciation
"Khó quá thì bỏ qua nha",positive,appreciation
"Có ai quan tâm mấy vụ này đâu",positive,appreciation
"Chặn thì tìm cách khác dùng thôi",positive,useful
"Cười xỉu, cứ làm mạnh vào xem 😆",positive,excitement
"Quan trọng là ai kiểm soát được?",positive,appreciation
"Nói vậy thôi chứ chưa chắc đã chặn được",positive,appreciation
"Dân mình giỏi lắm, kiểu gì cũng có cách",positive,appreciation
"Tải xong là vô vèo vèo liền",positive,useful
"Xài tool là vào được hết á",positive,useful
"Mỗi người một ý, đừng ép nhau nghĩ giống nhau",positive,useful
"Nội dung vậy mà cũng bị chặn thì chịu",positive,appreciation
"Cái gì không kiểm soát được thì đòi cấm",positive,appreciation
"Nghĩ sao vậy trời, buồn cười quá",positive,excitement
"Chặn vậy thì bao nhiêu app khác cũng nên chặn luôn",positive,appreciation
"Không cấm được thì nên học cách thích nghi",positive,useful
"Ai muốn dùng vẫn có cách thôi",positive,useful
"Đừng lo, cộng đồng tìm cách liền",positive,appreciation
"Cái gì càng cấm càng hot",positive,appreciation
"Tui tưởng thời này không còn vụ chặn app nữa chứ",positive,appreciation
"Làm vậy chỉ khiến người ta tò mò hơn thôi",positive,appreciation
"Đừng nên kiểm soát thái quá",positive,useful
"Ai xài Telegram đều biết chuyện đó rồi",positive,appreciation
"Không mới mẻ gì cả, chuyện thường thôi",positive,appreciation
"Dùng tool là đi mượt liền nha",positive,useful
"Bên ngoài chặn nhưng bên trong mở toang",positive,appreciation
"Hạn chế kiểu này chỉ là tạm thời thôi",positive,appreciation
"Vậy là giờ ai dùng bị coi là phạm pháp à?",positive,appreciation
"Đừng vội tin mấy thông tin lan truyền",positive,useful
"Cứ sống vui vẻ đừng nghĩ nhiều",positive,appreciation
"Chuyện đâu còn có đó mà lo",positive,appreciation
"Cấm app không giải quyết được gốc rễ vấn đề",positive,useful
"Thấy mệt mỏi với mấy tin kiểu này ghê",positive,appreciation
"Cười lăn với mấy lý do cấm app 🤣",positive,excitement
"Điều thứ nhất là k để tiền trong tk 😂",positive,appreciation
"K có người trong ngân hàng tiếp tay thì bố hacker cũng chịu",positive,appreciation
"mk ko cho lưu, mà bắt đổi thường xuyên, còn kí hiệu đặc biệt nữa",positive,useful
"kiểu này mua riêng cái đt cài 1 cái app nó thôi 🤣",positive,appreciation
"Dạ, em nghèo :)))",positive,appreciation
"đọc comment thôi cũng thấy đủ chiêu rồi",positive,appreciation
"Thế mới thấy cần bảo mật kỹ",positive,useful
"Ngân hàng nên có xác minh nhiều lớp hơn",positive,useful
"dùng app ngân hàng nhớ log out liền",positive,useful
"Đừng để người khác mượn đt nha mọi người",positive,useful
"mỗi lần đăng nhập là mỗi lần hồi hộp",positive,appreciation
"tốt nhất là chuyển khoản xong xóa app luôn",positive,appreciation
"sợ thật sự, thời buổi này ghê thiệt",positive,appreciation
"phải có cách nào bảo mật tối đa hơn chứ",positive,useful
"sao không có cảnh báo rõ ràng hơn từ ngân hàng",positive,useful
"nên dùng OTP chứ đừng lưu mật khẩu trên máy",positive,useful
"chỉ sơ suất chút thôi là mất hết tiền",positive,appreciation
"thời buổi gì mà ai cũng rình mò được nhau vậy",positive,appreciation
"giữ điện thoại như giữ vàng nha mấy bạn",positive,useful
"mọi người nên cảnh giác và chia sẻ thêm thông tin",positive,useful
"mấy bạn có kinh nghiệm thì chỉ thêm cho tụi mình nha",positive,useful
"tui bắt đầu thấy lo rồi á",positive,appreciation
"cảm ơn video, rất bổ ích",positive,gratitude
"có thêm kiến thức để tự bảo vệ mình",positive,useful
"clip hay quá, ai cũng nên xem",positive,appreciation
"mỗi ngày học thêm 1 điều mới",positive,useful
"trước giờ toàn chủ quan thôi",positive,appreciation
"nội dung này đáng được chia sẻ rộng rãi",positive,useful
"mọi người nên xem để tránh bị lừa nha",positive,useful
"tui lưu lại để chỉ người thân luôn",positive,useful
"có ai từng gặp trường hợp tương tự chưa?",positive,appreciation
"chia sẻ thêm cách phòng tránh đi mọi người",positive,useful
"clip làm rõ ràng dễ hiểu ghê",positive,compliment
"tui đánh giá cao video này",positive,compliment
"rất cần những nội dung như vậy",positive,appreciation
"bài học nhớ đời luôn",positive,appreciation
"đáng sợ ghê á trời",positive,appreciation
"đừng chủ quan với bảo mật thông tin nha",positive,useful
"ai có tips bảo mật gì thì chia sẻ đi ạ",positive,useful
"cảm ơn vì đã cảnh báo kịp thời",positive,gratitude
"Óc chó vừa thôi bạn ơi",toxic,insult
"Thứ như bạn chỉ làm ô nhiễm môi trường mạng",toxic,insult
"Đúng kiểu vô duyên không ai bằng",toxic,insult
"Thấy mặt là không ưa nổi rồi",toxic,insult
"Nói chuyện ngu mà cứ thích tỏ ra thông minh",toxic,insult
"Loại này chắc bố mẹ thất vọng lắm",toxic,insult
"Nhìn phát ngứa mắt ghê",toxic,insult
"Mày nghĩ mày hay ho lắm à?",toxic,insult
"Làm người mà vô dụng hết phần thiên hạ",toxic,insult
"Đã xấu người lại còn xấu cả nết",toxic,insult
"Cái thứ rảnh rỗi đi gây sự với người khác",toxic,insult
"Ai mà chơi nổi với thứ như này",toxic,insult
"Nghe mày nói thôi là biết không có não rồi",toxic,insult
"Loại này thì cả đời không khá được",toxic,insult
"Đúng kiểu ăn không ngồi rồi đi phá người khác",toxic,insult
"Vô duyên bẩm sinh hay do luyện tập vậy bạn?",toxic,insult
"Mồm miệng không sạch sẽ tí nào",toxic,insult
"Đầu óc có vấn đề hay sao?",toxic,insult
"Chắc phải uống thuốc thần kinh gấp",toxic,insult
"Nhìn mặt thôi đã thấy ghét rồi",toxic,insult
"Phát ngôn như thứ thất học",toxic,insult
"Không biết điều thì im giùm cái",toxic,insult
"Cái thứ rác rưởi thích gây chú ý",toxic,insult
"Đã vô dụng còn thích làm trò hề",toxic,insult
"Đừng làm bẩn mắt người khác nữa",toxic,insult
"Chắc thiếu tình thương hay sao mà vậy",toxic,insult
"Cái mặt này nhìn phát muốn đấm",toxic,insult
"Im lặng để người khác đỡ khó chịu dùm",toxic,insult
"Càng nói càng thể hiện mình vô học",toxic,insult
"Cái thứ thất bại của xã hội",toxic,insult
"Thấy bạn nói thôi đã muốn nôn rồi",toxic,insult
"Nghe bạn nói thấy IQ giảm luôn",toxic,insult
"Không hiểu sao vẫn có người chịu nổi bạn",toxic,insult
"Thứ ăn hại xã hội là đây",toxic,insult
"Càng ngày càng thấy bạn kém cỏi",toxic,insult
"Loại này chỉ biết đi gây phiền cho người khác",toxic,insult
"Phát ngôn như không có não",toxic,insult
"Không ai cần nghe bạn nói đâu",toxic,insult
"Mày nên đi chữa bệnh tâm lý đi",toxic,insult
"Sống kiểu bạn chắc chẳng ai ưa nổi",toxic,insult
"Loại này thì xã hội không cần đâu",toxic,insult
"Có não mà không dùng thì vứt đi",toxic,insult
"Nhìn bạn thôi đã thấy cuộc đời bất công",toxic,insult
"Đừng mở miệng nói thêm câu nào nữa",toxic,insult
"Mày đúng là không đáng để người ta quan tâm",toxic,insult
"Cái loại gây ô nhiễm không gian mạng",toxic,insult
"Người như mày nên biến mất khỏi internet",toxic,insult
"Ai nói chuyện được với thứ ngu si này",toxic,insult
"Làm người mà sống phí vậy bạn",toxic,insult
"Bạn đúng là đồ bỏ đi",toxic,insult
"Thứ cặn bã xã hội",toxic,insult
"Bớt sân si lại cho cuộc đời dễ thở",toxic,insult
"Loại này nên tránh xa ra càng tốt",toxic,insult
"Sống kiểu này chỉ tổ làm phiền thiên hạ",toxic,insult
"Nhìn là biết không có tương lai rồi",toxic,insult
"Thấy bạn sống mà tội nghiệp thật sự",toxic,insult
"Im lặng đi không ai cần bạn lên tiếng",toxic,insult
"Bạn là ví dụ cho sự thất bại",toxic,insult
"Có mặt bạn trên đời đúng là dư thừa",toxic,insult
"Đi chữa não giùm đi",toxic,insult
"Cái thứ không ai ưa nổi",toxic,insult
"Xấu tính như vậy ai mà chơi nổi",toxic,insult
"Nhìn bạn sống chỉ muốn né gấp",toxic,insult
"Đừng cố gắng tỏ ra thông minh nữa",toxic,insult
"Chỉ biết đi gây sự với thiên hạ",toxic,insult
"Làm ơn đừng xuất hiện trên mạng nữa",toxic,insult
"Đã dốt còn thích thể hiện",toxic,insult
"Loại này tốt nhất nên im lặng",toxic,insult
"Sống như bạn thật phí cuộc đời",toxic,insult
"Chắc cha mẹ cũng thấy nhục nhã",toxic,insult
"Phát ngôn nghe chói tai thật",toxic,insult
"Mày đúng là hết thuốc chữa rồi",toxic,insult
"Xấu cả người lẫn nết luôn",toxic,insult
"Ai mà giao du với loại này được",toxic,insult
"Bạn sinh ra đúng là lỗi của tạo hoá",toxic,insult
"Không ai muốn nói chuyện với bạn đâu",toxic,insult
"Nhìn thôi đã muốn bỏ chạy rồi",toxic,insult
"Thứ này chắc sống không ai chơi chung",toxic,insult
"Video tệ nhất từng xem luôn đó",toxic,insult
"Nội dung nhạt nhẽo mà cũng đòi làm YouTuber",toxic,insult
"Nhìn mặt dốt chưa từng thấy",toxic,insult
"Làm màu câu view rẻ tiền quá",toxic,insult
"Làm YouTube mà chẳng ra cái gì",toxic,insult
"Xàm quá, phí mấy phút cuộc đời",toxic,insult
"Bớt giả trân đi bạn ơi",toxic,insult
"Giọng nói nghe phát chán luôn",toxic,insult
"Xem clip thấy tệ vô cùng",toxic,insult
"Cái này mà cũng lên trending hả?",toxic,insult
"Thấy clip này chỉ muốn dislike thôi",toxic,insult
"Nói chuyện chẳng có gì hay ho",toxic,insult
"Phí dung lượng mạng quá",toxic,insult
"Làm clip chỉ để câu donate à?",toxic,insult
"Chả hiểu sao có người đăng ký kênh này",toxic,insult
"Chuyên đi ăn cắp content của người khác",toxic,insult
"Chán chẳng buồn bình luận",toxic,insult
"Nên xoá kênh đi cho sạch YouTube",toxic,insult
"Có clip nào chất lượng đâu mà khoe",toxic,insult
"Review mà chẳng có tâm gì cả",toxic,insult
"Làm gì cũng thấy giả tạo",toxic,insult
"Nhìn mặt là thấy giả trân rồi",toxic,insult
"Không có tí sáng tạo nào luôn",toxic,insult
"Bớt diễn lại đi bạn",toxic,insult
"Nói nhảm nhí không à",toxic,insult
"Đã xấu lại còn lên hình làm gì",toxic,insult
"Kênh này chỉ toàn nhảm nhí",toxic,insult
"Làm content như này là xúc phạm người xem",toxic,insult
"Chuyên môn kém mà cứ thích thể hiện",toxic,insult
"Nội dung độc hại quá",toxic,insult
"Đừng up mấy cái clip kiểu này nữa",toxic,insult
"Phí thời gian xem video này",toxic,insult
"Chỉ giỏi làm màu làm mè",toxic,insult
"Nghe nhức cả đầu",toxic,insult
"Càng xem càng bực mình",toxic,insult
"Chán không tả được",toxic,insult
"Đúng là content rác",toxic,insult
"Làm YouTube kiểu này nên nghỉ đi",toxic,insult
"Nghe xong muốn tắt luôn điện thoại",toxic,insult
"Xem mà muốn unfollow luôn",toxic,insult
"Clip vô bổ vãi",toxic,insult
"Chỉ giỏi drama chứ không có gì hay",toxic,insult
"Vlog mà như hài nhảm vậy",toxic,insult
"Lên sóng chỉ tổ xấu hổ",toxic,insult
"Cứ tưởng nổi tiếng lắm",toxic,insult
"Coi mà ức chế luôn á",toxic,insult
"Toàn spam quảng cáo, nản!",toxic,insult
"Comment này chắc bị xoá vì nói thật",toxic,insult
"Bớt sân si đi, làm clip cho tử tế vào",toxic,insult
"Không hiểu sao còn ai xem",toxic,insult
"Hàng lởm mà bán giá trên trời",toxic,insult
"Shop tư vấn như kiểu không cần khách",toxic,insult
"Đồ thì rẻ tiền mà quảng cáo như thật",toxic,insult
"Bán hàng như lừa đảo ấy",toxic,insult
"Giao hàng chậm như rùa bò",toxic,insult
"Nhân viên thái độ cực kỳ tệ",toxic,insult
"Mua 1 lần chừa đến già luôn",toxic,insult
"Đồ dởm mà cũng quảng cáo ầm ĩ",toxic,insult
"Đặt hàng thì gửi linh tinh",toxic,insult
"Hàng lỗi mà không cho đổi trả",toxic,insult
"Sản phẩm tệ kinh khủng",toxic,insult
"Đóng gói ẩu tả, hàng về bể hết",toxic,insult
"Trả lời tin nhắn như muốn đuổi khách",toxic,insult
"Đồ thì hỏng, giao lại còn thiếu",toxic,insult
"Đặt hàng trăm lần rồi mà lần nào cũng lỗi",toxic,insult
"Bán hàng kiểu này sớm phá sản thôi",toxic,insult
"Sản phẩm khác hoàn toàn mô tả",toxic,insult
"Mua về chỉ muốn vứt đi",toxic,insult
"Shop treo đầu dê bán thịt chó",toxic,insult
"Bán hàng không có tâm",toxic,insult
"Shop này nên đóng cửa đi là vừa",toxic,insult
"Quá thất vọng về chất lượng phục vụ",toxic,insult
"Đặt size S giao size XL",toxic,insult
"Hàng bị bẩn, rách mà dám giao cho khách",toxic,insult
"Sản phẩm không đáng đồng tiền",toxic,insult
"Shop block khách sau khi nhận phản ánh",toxic,insult
"Quảng cáo 1 đằng giao 1 nẻo",toxic,insult
"Nhận được hàng mà muốn khóc luôn",toxic,insult
"Đổi trả mất cả tháng trời",toxic,insult
"Đồ không khác gì đồ secondhand",toxic,insult
"Hàng xài được 1 ngày thì hỏng",toxic,insult
"Shop này chỉ giỏi lừa người mới mua lần đầu",toxic,insult
"Hàng fake bán giá hàng auth",toxic,insult
"Shop hứa như mía lùi, làm chẳng ra gì",toxic,insult
"Bán hàng mà chẳng biết xấu hổ",toxic,insult
"Không thèm đánh giá 1 sao vì phí công",toxic,insult
"Mất tiền oan vì tin quảng cáo",toxic,insult
"Hỗ trợ khách như đùa",toxic,insult
"Sau này có cho cũng không dám đặt lại",toxic,insult
"Nhận hàng như bị ăn cú lừa",toxic,insult
"Shop lươn lẹo, không biết giữ chữ tín",toxic,insult
"Đánh giá tốt toàn seeder thôi",toxic,insult
"Đồ rẻ mà chất lượng cũng rẻ theo",toxic,insult
"Shop hứa giao nhanh mà chờ mòn cổ",toxic,insult
"Giao thiếu phụ kiện mà không giải quyết",toxic,insult
"Đơn giản là quá thất vọng",toxic,insult
"Hỏi thì trả lời như ban phát",toxic,insult
"Shop chỉ quan tâm doanh số, không quan tâm khách",toxic,insult
"Sản phẩm lỗi trả bảo hành như đánh đố",toxic,insult
"Chăm sóc khách hàng như không",toxic,insult
"Shop bán hàng nhái mà giá như hàng thật",toxic,insult
"Đặt hàng xong như mất tích luôn",toxic,insult
"Nhân viên tư vấn như robot không não",toxic,insult
"Hàng về không giống ảnh tí nào",toxic,insult
"Bảo hành hư tìm đâu ra shop",toxic,insult
"Đóng gói như ném vào thùng rác",toxic,insult
"Chất lượng tệ hại không tả nổi",toxic,insult
"Shop lừa đảo không khác gì tội phạm",toxic,insult
"Giao hàng chậm như thế kỷ trước",toxic,insult
"Hỏi gì cũng trả lời qua loa",toxic,insult
"Mua 1 được nửa, thiếu hoài",toxic,insult
"Shop nói dối như lật mặt tráng hạ",toxic,insult
"Hàng tệ mà còn khoe trên trời",toxic,insult
"Đặt hàng như đi ăn xin",toxic,insult
"Nhận hàng muốn ném luôn",toxic,insult
"Shop block khách thay vì giải quyết",toxic,insult
"Quảng cáo 99% là lừa đảo",toxic,insult
"Hàng fake bán như hàng xịn",toxic,insult
"Đổi trả như đi làm quan",toxic,insult
"Sản phẩm không ra gì nhưng giá cắt cổ",toxic,insult
"Shop chỉ biết hút máu khách hàng",toxic,insult
"Tư vấn như không muốn bán",toxic,insult
"Hàng lỗi mà bảo khách dùng sai",toxic,insult
"Giao hàng sai màu sai size hoài",toxic,insult
"Shop không có uy tín gì cả",toxic,insult
"Đặt mua online như đánh bạc",toxic,insult
"Nhân viên thái độ như thù địch",toxic,insult
"Hàng rẻ tiền mà chất lượng còn rẻ hơn",toxic,insult
"Khuyến mãi lừa đảo 100%",toxic,insult
"Shop này mở ra để làm hại khách",toxic,insult
"Mua hàng như mua phiền toái",toxic,insult
"Đóng gói bằng giấy báo cũ",toxic,insult
"Hứa trời hứa đất mà làm không ra gì",toxic,insult
"Sản phẩm tệ nhất từng thấy",toxic,insult
"Shop lấy tiền khách rồi im luôn",toxic,insult
"Giao hàng COD mà thiếu tiền thừa",toxic,insult
"Hỏi thông tin mà trả lời như đuổi khách",toxic,insult
"Đặt hàng online nhận được đồ bãi",toxic,insult
"Shop nói không với lương tâm",toxic,insult
"Hàng không qua được kiểm định nào",toxic,insult
"Bán hàng mà không biết hàng gì",toxic,insult
"Khách phàn nàn thì chặn luôn",toxic,insult
"Đánh giá 1 sao mà còn thấy cao",toxic,insult
"Shop này chuyên lừa gạt",toxic,insult
"Hàng về muốn đốt cho sạch",toxic,insult
"Dịch vụ tệ hại không lời nào tả",toxic,insult
"Đặt hàng như mời họa vào người",toxic,insult
"Shop chỉ biết hưởng lợi từ khách",toxic,insult
"Giao hàng như ném đá qua cửa",toxic,insult
"Hàng nhái mà còn bảo chính hãng",toxic,insult
"Shop lươn lẹo không chịu nhận lỗi",toxic,insult
"Đổi trả phải xin xỏ như ăn xin",toxic,insult
"Hàng kém chất lượng kinh hoàng",toxic,insult
"Shop chỉ giỏi móc túi khách hàng",toxic,insult
"Nhận hàng như nhận phế liệu",toxic,insult
"Bán hàng mà không có tâm lương",toxic,insult
"Khách hàng với shop như thù với oán",toxic,insult
"Đặt size M giao size con kiến",toxic,insult
"Shop nói dối từ đầu đến cuối",toxic,insult
"Hàng tệ mà giá như hàng hiệu",toxic,insult
"Giao hàng muộn mà còn làm mặt lạnh",toxic,insult
"Shop block khách thay vì xin lỗi",toxic,insult
"Sản phẩm không đáng một xu",toxic,insult
"Bảo hành như đùa với khách",toxic,insult
"Shop chỉ quan tâm lúc thanh toán",toxic,insult
"Hàng về như rác thải công nghiệp",toxic,insult
"Đặt hàng xong như đi tù",toxic,insult
"Shop lừa đảo cấp thiên tài",toxic,insult
"Nhân viên phục vụ như robot hỏng",toxic,insult
"Hàng fake bán giá như hàng auth",toxic,insult
"Giao nhầm hàng mà bảo khách sai",toxic,insult
"Shop này nên đóng cửa ngay",toxic,insult
"Chất lượng như đồ chơi trẻ con",toxic,insult
"Tư vấn khách như đuổi ruồi",toxic,insult
"Hàng bị rách mà dám giao cho khách",toxic,insult
"Shop không biết điều là gì",toxic,insult
"Mua hàng như mua bực mình",toxic,insult
"Đóng gói như vứt vào bao rác",toxic,insult
"Hứa giao nhanh mà chờ đến già",toxic,insult
"Shop chỉ biết lấy tiền chạy",toxic,insult
"Hàng tệ nhất trong vũ trụ",toxic,insult
"Dịch vụ khách hàng như không tồn tại",toxic,insult
"Đặt hàng online như đánh may rủi",toxic,insult
"Shop lừa đảo thế mà còn ngang nhiên",toxic,insult
"Nhận hàng như nhận đồ phế thải",toxic,insult
"Bán hàng mà không có chút lương tâm",toxic,insult
"Giao hàng sai mà còn cãi tại",toxic,insult
"Shop block khách như phản ứng tự nhiên",toxic,insult
"Hàng nhái 100% mà bảo chính hãng",toxic,insult
"Đổi trả như xin ơn huệ",toxic,insult
"Chất lượng tệ hại khôn tả",toxic,insult
"Shop chỉ biết móc hầu bao khách",toxic,insult
"Hàng về như nhận cú lừa",toxic,insult
"Tư vấn khách như không muốn làm",toxic,insult
"Shop nói dối mà không biết đỏ mặt",toxic,insult
"Hàng lỗi mà đổ lỗi cho khách",toxic,insult
"Giao hàng chậm như thời đồ đá",toxic,insult
"Shop chỉ quan tâm tiền bạc thôi",toxic,insult
"Nhận hàng muốn khóc thét",toxic,insult
"Bảo hành như đùa với trẻ con",toxic,insult
"Shop lừa đảo mà còn làm ngơ",toxic,insult
"Hàng tệ mà giá như vàng ròng",toxic,insult
"Dịch vụ như không dành cho con người",toxic,insult
"Đặt hàng như rước họa vào nhà",toxic,insult
"Shop chỉ biết hút máu khách hàng",toxic,insult
"Giao hàng như ném đá hide tay",toxic,insult
"Streamer ngu như heo mà cũng có fan",toxic,insult
"Chơi game như tàn tật vậy mà cũng dám stream",toxic,insult
"Tài khoản sub nhưng xem như tra tấn",toxic,insult
"Stream mà lag như rùa bò",toxic,insult
"Nói chuyện như lắp bắp không ra gì",toxic,insult
"Streamer fake voice nghe phát ói",toxic,insult
"Chơi game tệ mà còn dạy người khác",toxic,insult
"Donation mà không cảm ơn gì hết",toxic,insult
"Streamer này chỉ biết câu view",toxic,insult
"Nội dung nhàm chán muốn tắt stream",toxic,insult
"Chỉ biết làm trò để lôi kéo viewer",toxic,insult
"Stream mà cứ như đang khóc lóc",toxic,insult
"Tương tác với chat như robot hỏng",toxic,insult
"Streamer fake cảm xúc kinh khủng",toxic,insult
"Chơi game mà toxic với đồng đội",toxic,insult
"Stream quality tệ như thời đồ đá",toxic,insult
"Nói chuyện như không có não",toxic,insult
"Cho bố mày cái địa chỉ",toxic,insult
"Loại đầu tôm",toxic,insult
"Streamer này nên nghỉ stream đi",toxic,insult
"Xem stream này phí thời gian",toxic,insult
"Chỉ biết nói tục như thường lệ",toxic,insult
"Streamer làm màu suốt ngày",toxic,insult
"Chat toxic mà không biết ban",toxic,insult
"Stream mà âm thanh như cào sắt",toxic,insult
"Viewer donate mà streamer coi thường",toxic,insult
"Chơi game như người tàn tật",toxic,insult
"Streamer này chỉ biết câu tiền",toxic,insult
"Nội dung 18+ mà không báo trước",toxic,insult
"Stream như đang diễn kịch câm",toxic,insult
"Tương tác với fan như đuổi ruồi",toxic,insult
"Streamer fake reaction từ đầu đến cuối",toxic,insult
"Chơi game mà rage như điên",toxic,insult
"Stream mà mic như nuốt đá",toxic,insult
"Donation goal mà không thực hiện",toxic,insult
"Streamer này chỉ biết nói láo",toxic,insult
"Viewer hỏi gì cũng làm ngơ",toxic,insult
"Stream nội dung như rác rưởi",toxic,insult
"Chỉ biết copy nội dung người khác",toxic,insult
"Streamer drama queen suốt ngày",toxic,insult
"Chat question mà không bao giờ trả lời",toxic,insult
"Stream mà cứ như bán hàng online",toxic,insult
"Chơi game tệ mà còn trách game",toxic,insult
"Streamer này toxic với mọi người",toxic,insult
"Nội dung nhạy cảm mà không filter",toxic,insult
"Stream mà webcam như khoai tây",toxic,insult
"Donation mà đọc tên như đuổi khách",toxic,insult
"Streamer chỉ biết kêu ca suốt ngày",toxic,insult
"Viewer loyal mà coi như rác",toxic,insult
"Stream timing như người ngoài hành tinh",toxic,insult
"Chỉ biết stream khi có drama",toxic,insult
"Streamer fake personality kinh khủng",toxic,insult
"Content create như copy paste",toxic,insult
"Stream mà attitude như ông chủ",toxic,insult
"Chơi game mà blame team suốt",toxic,insult
"Streamer này nên đi học lại cách nói chuyện",toxic,insult
"Stream quality tệ mà còn kêu viewer nâng cấp",toxic,insult
"Donation sound như tra tấn tai",toxic,insult
"Streamer chỉ biết flexing suốt ngày",toxic,insult
"Chat mod abuse power kinh khủng",toxic,insult
"Stream mà schedule như con gió",toxic,insult
"Nội dung boring muốn ngủ gật",toxic,insult
"Streamer này chỉ biết làm trò",toxic,insult
"Viewer question mà answer như tắc họng",toxic,insult
"Stream setup như thời đồ đá",toxic,insult
"Chỉ biết stream game trending thôi",toxic,insult
"Streamer fake accent nghe khó chịu",toxic,insult
"Donation mà treat như tiền lẻ",toxic,insult
"Stream mà attitude như diva",toxic,insult
"Chơi game mà toxic hơn cả villain",toxic,insult
"Streamer này không đáng subscribe",toxic,insult
"Content repetitive như máy móc",toxic,insult
"Stream mà background noise như chợ búa",toxic,insult
"Viewer support mà không acknowledge",toxic,insult
"Streamer chỉ biết complain về mọi thứ",toxic,insult
"Chat interaction như nói với tường",toxic,insult
"Stream mà lighting như hầm mộ",toxic,insult
"Chỉ biết stream khi cần tiền",toxic,insult
"Streamer fake enthusiasm suốt ngày",toxic,insult
"Donation target mà không minh bạch",toxic,insult
"Stream content như không có preparation",toxic,insult
"Chơi game mà skill như newbie",toxic,insult
"Streamer này toxic với cả community",toxic,insult
"Viewer feedback mà ignore hoàn toàn",toxic,insult
"Stream mà multi-task như không tập trung",toxic,insult
"Chỉ biết drama với streamer khác",toxic,insult
"Streamer fake story để câu view",toxic,insult
"Chat rules mà không enforce",toxic,insult
"Stream mà energy như pin yếu",toxic,insult
"Donation reading như robot đọc báo",toxic,insult
"Streamer chỉ biết flex gear expensive",toxic,insult
"Content create như không có passion",toxic,insult
"Stream mà constantly begging for subs",toxic,insult
"Chơi game mà backseat gaming từ chat",toxic,insult
"Streamer này manipulate viewer emotions",toxic,insult
"Viewer count thấp mà attitude cao",toxic,insult
"Stream mà technical issues suốt ngày",toxic,insult
"Chỉ biết copy trend từ streamer khác",toxic,insult
"Streamer fake humble để câu sympathy",toxic,insult
"Donation mà không fulfill promises",toxic,insult
"Stream content như không có soul",toxic,insult
"Chat toxic mà streamer encourage",toxic,insult
"Stream mà constantly checking phone",toxic,insult
"Chỉ biết stream game popular để câu view",toxic,insult
"Streamer này exploit parasocial relationships",toxic,insult
"Viewer dedication mà take for granted",toxic,insult
"Stream mà constantly making excuses",toxic,insult
"Donation mà spend như không care",toxic,insult
"Ảnh fake filter quá đỗi",toxic,insult
"Pose như tượng đài vậy",toxic,insult
"Photoshop nhiều quá mất hẳn gương mặt",toxic,insult
"Selfie mà như người khác",toxic,insult
"Ảnh nào cũng một kiểu chán lắm",toxic,insult
"Thả thính mà không ai care",toxic,insult
"Caption dài như sách mà vô nghĩa",toxic,insult
"Outfit xấu mà tưởng mình fashionista",toxic,insult
"Post ảnh ăn hoài như review thức ăn",toxic,insult
"Tự sướng suốt ngày chán thật",toxic,insult
"Flexing hàng hiệu fake",toxic,insult
"Story ngày nào cũng selfie",toxic,insult
"Ảnh couple nhìn fake quá",toxic,insult
"Post nhiều mà like ít thảm hại",toxic,insult
"Hashtag spam như điên",toxic,insult
"Follow nhiều mà follower ít",toxic,insult
"Ảnh travel mà như đi chợ",toxic,insult
"Makeup như mặt nạ",toxic,insult
"Body shaming người khác trong comment",toxic,insult
"Ảnh gym mà body không thay đổi",toxic,insult
"Post quote như triết gia mà đời sống tệ",toxic,insult
"Ảnh food styling mà nhìn như đồ ăn hỏng",toxic,insult
"Story highlight chỉ toàn selfie",toxic,insult
"Bio viết như CEO mà thực tế thất nghiệp",toxic,insult
"Ảnh OOTD mà outfit xấu kinh hoàng",toxic,insult
"Tag location sai để làm màu",toxic,insult
"Comment toxic trên post người khác",toxic,insult
"Ảnh concert mà chụp mờ nhòe",toxic,insult
"Post workout mà form tập sai",toxic,insult
"Ảnh skincare mà da nhìn vẫn tệ",toxic,insult
"Story hỏi Q&A mà không ai hỏi",toxic,insult
"Ảnh pet mà nuôi không chu đáo",toxic,insult
"Post motivation mà bản thân lazy",toxic,insult
"Ảnh makeup tutorial mà skill kém",toxic,insult
"Tag bạn bè spam vào post",toxic,insult
"Ảnh check-in mà không được mời",toxic,insult
"Post ảnh throwback hoài như sống trong quá khứ",toxic,insult
"Comment xin follow back như ăn mày",toxic,insult
"Ảnh mirror selfie mà gương bẩn",toxic,insult
"Story poll mà không ai vote",toxic,insult
"Post ảnh book mà chưa chắc đã đọc",toxic,insult
"Ảnh coffee mà như nước rửa bát",toxic,insult
"Tag brand mà không được sponsor",toxic,insult
"Post ảnh workout mà body fake",toxic,insult
"Story music mà nhạc như rác",toxic,insult
"Ảnh landscape mà chụp như anh nghiệp dư",toxic,insult
"Comment drama dưới post người khác",toxic,insult
"Post ảnh healthy food mà ăn junk food",toxic,insult
"Ảnh outfit repeat hoài không biết chán",toxic,insult
"Story question mà trả lời như robot",toxic,insult
"Post ảnh study mà điểm số tệ",toxic,insult
"Ảnh car selfie mà xe không phải của mình",toxic,insult
"Tag product mà review fake",toxic,insult
"Post ảnh party mà một mình",toxic,insult
"Story countdown mà không ai care",toxic,insult
"Ảnh beach mà pose như tượng đài",toxic,insult
"Comment thả heart spam khắp nơi",toxic,insult
"Post ảnh cooking mà món ăn nhìn thảm họa",toxic,insult
"Ảnh shopping haul mà đồ nhái",toxic,insult
"Story close friends mà add bừa",toxic,insult
"Post ảnh date mà đi một mình",toxic,insult
"Ảnh nail art mà như trẻ con vẽ",toxic,insult
"Comment xin like lại post",toxic,insult
"Post ảnh homework mà làm sai",toxic,insult
"Ảnh hair style mà như tai nạn",toxic,insult
"Story quiz mà câu hỏi ngu",toxic,insult
"Post ảnh gaming setup mà chơi như noob",toxic,insult
"Ảnh morning routine mà ngủ đến trưa",toxic,insult
"Comment copy paste từ Google",toxic,insult
"Post ảnh skincare routine mà da breakout",toxic,insult
"Ảnh room tour mà phòng như bãi rác",toxic,insult
"Story template mà điền thông tin fake",toxic,insult
"Post ảnh achievement mà photoshop",toxic,insult
"Ảnh group photo mà chỉ tag mình",toxic,insult
"Comment toxic về weight của người khác",toxic,insult
"Post ảnh diet mà ăn như heo",toxic,insult
"Ảnh graduation mà chưa tốt nghiệp",toxic,insult
"Story highlight mà content lặp lại",toxic,insult
"Post ảnh family mà không được phép",toxic,insult
"Ảnh new haircut mà như cắt bằng cưa",toxic,insult
"Comment drama về ex relationship",toxic,insult
"Post ảnh vacation mà ở nhà",toxic,insult
"Ảnh makeup no makeup mà full face",toxic,insult
"Story behind the scenes mà staged",toxic,insult
"Post ảnh book recommendation mà chưa đọc",toxic,insult
"Ảnh aesthetic mà messy thật sự",toxic,insult
"Comment body shaming openly",toxic,insult
"Post ảnh healthy lifestyle mà sống không healthy",toxic,insult
"Ảnh couple goals mà relationship toxic",toxic,insult
"Story ask me anything mà không trả lời",toxic,insult
"Post ảnh minimalist mà hoard stuff",toxic,insult
"Ảnh natural beauty mà filter heavy",toxic,insult
"Comment về appearance người khác mean",toxic,insult
"Post ảnh productivity mà procrastinate",toxic,insult
"Ảnh friendship goals mà friends fake",toxic,insult
"Story daily routine mà không consistent",toxic,insult
"Post ảnh inspirational mà toxic behavior",toxic,insult
"Ảnh self care mà mental health bad",toxic,insult
"Comment slut shame người khác",toxic,insult
"Post ảnh success mà fail thật sự",toxic,insult
"Ảnh positive vibes mà spread negativity",toxic,insult
"Story mood board mà mood always bad",toxic,insult
"Post ảnh grateful mà complain always",toxic,insult
"Ảnh confidence mà insecure obvious",toxic,insult
"Comment racism subtly",toxic,insult
"Post ảnh growth mà stagnant",toxic,insult
"Ảnh authentic self mà fake personality",toxic,insult
"Story favorite things mà taste questionable",toxic,insult
"Post ảnh humble mà bragging constantly",toxic,insult
"Chơi như noob mà rank cao",toxic,insult
"Feeder suốt trận mà còn blame team",toxic,insult
"Pick tướng mà không biết chơi",toxic,insult
"Build item như người mới tập chơi",toxic,insult
"Tank mà không biết protect ADC",toxic,insult
"Support mà chỉ biết ăn minion",toxic,insult
"Mid laner mà farm kém hơn cả jungle",toxic,insult
"ADC mà damage như tickle",toxic,insult
"Jungle mà không biết gank",toxic,insult
"Chết hoài mà không chịu build phòng thủ",toxic,insult
"Feed rồi còn toxic nữa",toxic,insult
"Rank fake chắc mua account",toxic,insult
"Chơi 5 năm mà vẫn như newbie",toxic,insult
"KDA tệ mà còn flame người khác",toxic,insult
"Last hit như người khuyết tật",toxic,insult
"Map awareness = 0",toxic,insult
"Teamfight mà chạy trước",toxic,insult
"Chơi ranked mà troll",toxic,insult
"Ban pick không biết meta",toxic,insult
"First blood cho enemy rồi AFK",toxic,insult
"Chọn tướng rồi không biết skill",toxic,insult
"Support mà không ward",toxic,insult
"Jungle không biết objective",toxic,insult
"Mid không roam hỗ trợ",toxic,insult
"ADC positioning như đứng ăn đòn",toxic,insult
"Tank engage như tự tử",toxic,insult
"Mage combo skill như random",toxic,insult
"Assassin mà không biết cut ADC",toxic,insult
"Marksman mà damage output thấp hèn",toxic,insult
"Warrior mà không dám đánh",toxic,insult
"Chơi rank mà như chơi AI",toxic,insult
"Micro quá tệ không thể cứu",toxic,insult
"Macro game như không có não",toxic,insult
"Timing skill như lag não",toxic,insult
"Vision control không biết là gì",toxic,insult
"Lane phase thua crush",toxic,insult
"Late game throw như chuyên nghiệp",toxic,insult
"Early game advantage mà không biết kết thúc",toxic,insult
"Draft pick như troll team",toxic,insult
"Counter pick mà vẫn thua lane",toxic,insult
"Farm 200 CS trong 30 phút",toxic,insult
"Gank mà chỉ feed thêm kill",toxic,insult
"Peel cho ADC như không tồn tại",toxic,insult
"Poke damage như gãi ngứa",toxic,insult
"All-in mà damage không đủ giết",toxic,insult
"Kiting như đứng im",toxic,insult
"Orb walking như robot hỏng",toxic,insult
"Animation cancel không biết",toxic,insult
"Skill shot accuracy 10%",toxic,insult
"Reaction time như cụ già",toxic,insult
"Mechanical skill như trẻ con",toxic,insult
"Game sense như không có",toxic,insult
"Decision making tệ khủng khiếp",toxic,insult
"Communication toxic suốt trận",toxic,insult
"Ping spam như điên",toxic,insult
"Chat toxic thay vì focus game",toxic,insult
"Blame jungler cho mọi thứ",toxic,insult
"AFK sau khi first blood",toxic,insult
"Surrender vote ngay phút 10",toxic,insult
"Rage quit khi thua teamfight",toxic,insult
"Flame team trong all chat",toxic,insult
"Report threat suốt ngày",toxic,insult
"Inting khi không được position",toxic,insult
"Steal jungle của team",toxic,insult
"KS rồi flame ADC",toxic,insult
"Solo carry wannabe mà feed",toxic,insult
"Ego quá lớn so với skill",toxic,insult
"Blame lag mà net bình thường",toxic,insult
"Excuse maker chuyên nghiệp",toxic,insult
"Never admit mistake",toxic,insult
"Always others' fault",toxic,insult
"Keyboard warrior in chat",toxic,insult
"Tilt easy như trẻ con",toxic,insult
"Mental weak không chịu được pressure",toxic,insult
"Give up khi bị gank 2 lần",toxic,insult
"Negative attitude từ đầu game",toxic,insult
"Toxic khi team không follow call",toxic,insult
"Flame support khi ADC positioning bad",toxic,insult
"Blame team khi solo invade enemy jungle",toxic,insult
"Expect carry khi pick support",toxic,insult
"No teamwork chỉ biết solo",toxic,insult
"Selfish player không care team",toxic,insult
"Greedy for resources",toxic,insult
"Never sacrifice for team",toxic,insult
"Main character syndrome",toxic,insult
"Chơi như không biết có đồng đội",toxic,insult
"Positioning như muốn chết",toxic,insult
"Engage timing như random",toxic,insult
"Disengage khi team đang win fight",toxic,insult
"Focus wrong target trong teamfight",toxic,insult
"Waste ultimate skill như vứt đi",toxic,insult
"Mana management như không biết",toxic,insult
"Cooldown tracking = 0",toxic,insult
"Item timing không biết gì",toxic,insult
"Power spike awareness không có",toxic,insult
"Win condition không hiểu",toxic,insult
"Lose condition cũng không biết",toxic,insult
"Draft strategy như đùa",toxic,insult
"Champion mastery fake",toxic,insult
"One trick pony mà trick tệ",toxic,insult
"Meta slave mà chơi sai meta",toxic,insult
"Tier list worshipper mà skill C tier",toxic,insult
"Pro player wannabe mà bronze skill",toxic,insult
"Streamer copycat mà execution failed",toxic,insult
"Reaction mà cứ như tự diễn, nhạt nhẽo thật",toxic,insult
"Xem mấy reaction này phí thời gian ghê",toxic,insult
"Làm video không có nội dung, chỉ ngồi xem ké",toxic,insult
"Toàn giả trân, chẳng có cảm xúc gì thật",toxic,insult
"Reaction kiểu này thì ai chả làm được",toxic,insult
"Mặt cứ đơ đơ, phản ứng lố bịch",toxic,insult
"Nói như vẹt, xem mà phát chán",toxic,insult
"Chẳng hiểu sao mấy clip này lại có view",toxic,insult
"Không hiểu sao vẫn có người đăng ký kênh này",toxic,insult
"Cứ bày đặt reaction, nội dung nhạt như nước ốc",toxic,insult
"Có gì đâu mà cũng reaction cho cố vào",toxic,insult
"Chỉ biết ngồi xem rồi cười cợt, vô bổ",toxic,insult
"Không đầu tư, video nhìn rẻ tiền quá",toxic,insult
"Toàn ăn theo người khác, chẳng sáng tạo gì",toxic,insult
"Nói chuyện dở, chẳng ai muốn nghe",toxic,insult
"Reaction mà như đọc kịch bản, giả quá",toxic,insult
"Làm reaction kiểu này sớm muộn cũng flop",toxic,insult
"Nội dung nhảm nhí, toàn lặp lại ý cũ",toxic,insult
"Chẳng có gì hấp dẫn, buồn ngủ muốn chết",toxic,insult
"Đừng cố làm màu, ai cũng biết là giả thôi",toxic,insult
"Xem xong chỉ muốn report kênh này luôn",toxic,insult
"Clip rác thật sự, chẳng mang lại giá trị gì",toxic,insult
"Làm video lười biếng, không chịu sáng tạo",toxic,insult
"Chỉ giỏi copy rồi nói nhảm",toxic,insult
"Xem reaction xong mất luôn cảm hứng",toxic,insult
"Làm như vậy mà cũng đòi làm YouTuber",toxic,insult
"Không muốn xem thêm clip nào nữa từ kênh này",toxic,insult
"Reaction cho có, chẳng có tâm gì hết",toxic,insult
"Cười giả trân nhìn phát ngứa mắt",toxic,insult
"Coi thấy bực mình, phí cả MB mạng",toxic,insult
"sao may dam khoe cai mat xau xi do tren fb vay?",toxic,insult
"cai clip nay nham nhi vay ma cung post len fb a?",toxic,insult
"may nghi may la ai ma di day doi nguoi khac the?",toxic,insult
"cai dau oc may co van de gi ma viet status ngu the?",toxic,insult
"co ai noi cai giong noi nghe muoi mat do hay ho gi dau?",toxic,insult
"may lay dau ra tu tin de khoe cai body te the?",toxic,insult
"sao may khong biet xau ho ma cu thich khoe tren fb?",toxic,insult
"may nghi viet status vo duyen vay la hai huoc a?",toxic,insult
"may da soi guong thay cai mat minh tham hai chua?",toxic,insult
"cai noi dung re tien nay ma cung co nguoi like ha?",toxic,insult
"may co nghi cai anh do nhin ghe mat khong?",toxic,insult
"sao may cu thich di comment nham nhi tren fb the?",toxic,insult
"cai style an mac do ma may cung dam len fb a?",toxic,insult
"may co biet cai status nay nhin ngu ngoc the nao khong?",toxic,insult
"cai mat may nhin la biet khong co gi hay ho roi!",toxic,insult
"may nghi post cai video do len fb la ngau lam a?",toxic,insult
"sao may khong tu nhin lai minh truoc khi viet status?",toxic,insult
"cai giong hat do ma may cung dam livestream ha?",toxic,insult
"may co biet minh dang lam tro tren fb khong?",toxic,insult
"cai anh dai dien do nhin ma muon block ngay!",toxic,insult
"may nghi may noi gi cung dung tren fb nay a?",toxic,insult
"sao may cu thich di drama voi nguoi khac the?",toxic,insult
"cai cach may comment nhin la biet vo hoc roi!",toxic,insult
"may co nghi cai status nay nham nhi the nao khong?",toxic,insult
"cai mat may ma cung dam khoe tren fb story a?",toxic,insult
"may nghi post may cai hashtag do la chat a?",toxic,insult
"sao may khong biet minh dang noi nham gi vay?",toxic,insult
"cai video do ma may cung tu hao post len fb a?",toxic,insult
"may co biet minh nhin te the tren fb khong?",toxic,insult
"cai cach may viet status nhin la biet thieu muoi!",toxic,insult
"may nghi may la hotface ma di comment khap noi a?",toxic,insult
"sao may cu thich di cong kich nguoi khac tren fb?",toxic,insult
"cai anh do nhin ma muon unlike fanpage ngay!",toxic,insult
"may co biet cai cach noi chuyen nay nghe ghe khong?",toxic,insult
"cai status nay ma may cung dam viet len fb a?",toxic,insult
"may nghi may la celeb ma cu khoe tren fb the?",toxic,insult
"sao may khong nhin lai minh truoc khi di comment?",toxic,insult
"cai clip livestream do nhin ma buon cuoi thiet!",toxic,insult
"may co biet cai anh do nhin re tien the nao khong?",toxic,insult
"cai cach may viet status nhin la biet vo van hoa!",toxic,insult
"may nghi post cai do len fb la ai cung thich a?",toxic,insult
"sao may cu thich di noi xau nguoi khac tren fb?",toxic,insult
"cai mat may nhin la biet khong co tuong lai roi!",toxic,insult
"may co nghi cai status nay nhin ngu ngoc ra sao khong?",toxic,insult
"cai video do ma may cung dam share len fb a?",toxic,insult
"may nghi may noi gi cung hay tren fb nay a?",toxic,insult
"sao may khong biet minh dang lam tro tren fb?",toxic,insult
"cai anh do nhin ma muon report ngay va luon!",toxic,insult
"may co biet cai cach an mac do nhin te the nao khong?",toxic,insult
"cai status nay ma may cung tu hao viet len a?",toxic,insult
"may nghi may la hot trend ma cu khoe tren fb the?",toxic,insult
"sao may khong nhin lai cach viet status cua minh?",toxic,insult
"cai livestream do nhin ma chi muon tat ngay!",toxic,insult
"may co biet cai anh do nhin xau xi the nao khong?",toxic,insult
"cai cach may comment nhin la biet thieu i ot roi!",toxic,insult
"may nghi post cai clip do len fb la ngau lam a?",toxic,insult
"sao may cu thich di drama tren fb the?",toxic,insult
"cai status do nhin ma chi muon unfollow ngay!",toxic,insult
"may co biet cai giong noi do nghe muoi mat khong?",toxic,insult
"cai anh do ma may cung dam lam anh dai dien a?",toxic,insult
"may nghi may viet status vay la hay ho lam a?",toxic,insult
"sao may khong biet minh dang noi nham nhan gi?",toxic,insult
"cai video do ma may cung dam livestream tren fb a?",toxic,insult
"may co biet minh nhin te the tren fb nay khong?",toxic,insult
"cai cach may viet status nhin la biet khong co hoc!",toxic,insult
"may nghi may la ai ma di cong kich nguoi khac the?",toxic,insult
"sao may cu thich khoe cai mat xau xi do tren fb?",toxic,insult
"cai clip nay nhin ma chi muon bo qua ngay!",toxic,insult
"may co biet cai status nay nham nhi ra sao khong?",toxic,insult
"cai cach may noi chuyen tren fb nhin la biet vo duyen!",toxic,insult
"may nghi post cai anh do len fb la ai cung khen a?",toxic,insult
"sao may khong nhin lai minh truoc khi post status?",toxic,insult
"cai livestream do ma may cung dam len fb a?",toxic,insult
"may co biet cai cach an mac do nhin re tien khong?",toxic,insult
"cai status nay ma may cung tu hao share len a?",toxic,insult
"may nghi may la hotface ma cu comment khap noi a?",toxic,insult
"sao may cu thich di noi xau nguoi khac tren fb vay?",toxic,insult
"cai anh do nhin ma chi muon block ngay va luon!",toxic,insult
"may co biet cai giong hat do nghe ghe the nao khong?",toxic,insult
"cai status do ma may cung dam viet len fb a?",toxic,insult
"may nghi may la celeb ma cu khoe tren fb story the?",toxic,insult
"sao may khong biet minh dang lam tro tren fb vay?",toxic,insult
"cai clip do nhin ma chi muon report ngay!",toxic,insult
"may co biet cai cach viet status do nhin ngu the nao?",toxic,insult
"cai anh do ma may cung dam khoe tren fb a?",toxic,insult
"may nghi post cai do len fb la ngau lam a?",toxic,insult
"sao may cu thich di drama voi nguoi khac tren fb?",toxic,insult
"cai status nay nhin la biet khong co chat xam gi!",toxic,insult
"may co biet cai livestream do nhin te the nao khong?",toxic,insult
"cai cach may comment tren fb nhin la biet vo hoc!",toxic,insult
"may nghi may noi gi cung dung tren fb nay a?",toxic,insult
"sao may khong nhin lai cach an mac cua minh truoc?",toxic,insult
"cai video do ma may cung dam share len fb a?",toxic,insult
"may co biet cai status do nhin nham nhi ra sao khong?",toxic,insult
"cai cach may viet status nhin la biet thieu muoi!",toxic,insult
"may nghi may la hot trend ma cu khoe tren fb the?",toxic,insult
"sao may cu thich di cong kich nguoi khac tren fb?",toxic,insult
"cai anh do nhin ma chi muon unlike ngay va luon!",toxic,insult
"may nghi cai mat do ai thich nhin tren fb ha?",toxic,insult
"sao may dam post cai video te hai do len fb?",toxic,insult
"cai cach may noi chuyen tren fb nghe ghe qua ha?",toxic,insult
"may co biet cai status nay nhin re tien the nao?",toxic,insult
"may nghi khoe cai style do la chat lam a?",toxic,insult
"sao may cu thich di comment vo van hoa tren fb?",toxic,insult
"cai anh do ma may cung dam lam avatar fb a?",toxic,insult
"may co nghi cai clip do nhin ngu ngoc ra sao?",toxic,insult
"may nghi minh la hotface ma cu viet status the?",toxic,insult
"sao may khong biet xau ho khi khoe tren fb?",toxic,insult
"cai cach may livestream nhin la biet vo duyen!",toxic,insult
"may co biet cai anh do nhin xau xi ra sao khong?",toxic,insult
"may nghi post cai do len fb la ai cung quan tam a?",toxic,insult
"sao may cu thich di noi xau nguoi khac tren fb?",toxic,insult
"cai status do ma may cung dam share len fb a?",toxic,insult
"may co biet cai giong noi do nghe muoi mat khong?",toxic,insult
"cai cach may viet comment nhin la biet thieu i ot!",toxic,insult
"may nghi may la ai ma di cong kich nguoi khac?",toxic,insult
"sao may dam khoe cai body te hai do tren fb?",toxic,insult
"cai clip nay nhin ma chi muon bo qua ngay!",toxic,insult
"may co biet cai status nay nham nhi the nao?",toxic,insult
"cai cach may an mac nhin la biet que mua roi!",toxic,insult
"may nghi post cai anh do len fb la ngau lam a?",toxic,insult
"sao may khong nhin lai minh truoc khi comment?",toxic,insult
"cai livestream do ma may cung dam len fb a?",toxic,insult
"may co biet cai cach noi chuyen do te the nao?",toxic,insult
"cai status nay ma may cung tu hao viet len a?",toxic,insult
"may nghi may la celeb ma cu khoe tren fb story?",toxic,insult
"sao may khong biet minh dang lam tro tren fb?",toxic,insult
"cai video do nhin ma chi muon report ngay!",toxic,insult
"may co biet cai cach viet status do ngu the nao?",toxic,insult
"cai anh do ma may cung dam khoe tren fb a?",toxic,insult
"may nghi post cai do len fb la hay ho lam a?",toxic,insult
"sao may cu thich di drama voi nguoi khac tren fb?",toxic,insult
"cai status nay nhin la biet khong co chat gi!",toxic,insult
"may co biet cai livestream do nhin te ra sao?",toxic,insult
"cai cach may comment tren fb nhin la biet vo hoc!",toxic,insult
"may nghi may noi gi cung dung tren fb nay a?",toxic,insult
"sao may khong nhin lai cach an mac cua minh?",toxic,insult
"cai video do ma may cung dam share len fb a?",toxic,insult
"may co biet cai status do nhin nham ra sao khong?",toxic,insult
"cai cach may viet status nhin la biet thieu muoi!",toxic,insult
"may nghi may la hot trend ma cu khoe tren fb?",toxic,insult
"sao may cu thich di cong kich nguoi khac tren fb?",toxic,insult
"cai anh do nhin ma chi muon unlike ngay luon!",toxic,insult
"may co biet cai giong hat do nghe ghe ra sao?",toxic,insult
"cai status do ma may cung dam viet len fb a?",toxic,insult
"may nghi may la celeb ma cu khoe tren fb the?",toxic,insult
"sao may khong biet minh dang noi nham gi vay?",toxic,insult
"cai clip do ma may cung dam livestream tren fb a?",toxic,insult
"may co biet minh nhin te the tren fb nay khong?",toxic,insult
"cai cach may viet status nhin la biet khong hoc!",toxic,insult
"may nghi may la ai ma di noi xau nguoi khac the?",toxic,insult
"sao may cu khoe cai mat xau xi do tren fb vay?",toxic,insult
"cai clip nay nhin ma chi muon tat ngay luon!",toxic,insult
"may co biet cai status nay nhin ngu the nao?",toxic,insult
"cai cach may noi chuyen tren fb nhin la vo duyen!",toxic,insult
"may nghi post cai anh do len fb la ai cung thich?",toxic,insult
"sao may khong nhin lai minh truoc khi post status?",toxic,insult
"cai livestream do ma may cung dam len fb a?",toxic,insult
"may co biet cai cach an mac do nhin re tien?",toxic,insult
"cai status nay ma may cung tu hao share len a?",toxic,insult
"may nghi may la hotface ma cu comment khap noi?",toxic,insult
"sao may cu thich di noi xau nguoi khac tren fb?",toxic,insult
"cai anh do nhin ma chi muon block ngay luon!",toxic,insult
"may co biet cai giong noi do nghe te the nao?",toxic,insult
"cai status do ma may cung dam viet len fb a?",toxic,insult
"may nghi may la celeb ma cu khoe tren fb story?",toxic,insult
"sao may khong biet minh dang lam tro tren fb?",toxic,insult
"cai clip do nhin ma chi muon report ngay luon!",toxic,insult
"may co biet cai cach viet status do nhin ngu ra sao?",toxic,insult
"cai anh do ma may cung dam lam anh dai dien a?",toxic,insult
"may nghi post cai do len fb la ngau lam a?",toxic,insult
"sao may cu thich di drama tren fb voi nguoi khac?",toxic,insult
"cai status nay nhin la biet khong co chat xam!",toxic,insult
"may co biet cai livestream do nhin te the nao?",toxic,insult
"cai cach may comment tren fb nhin la biet vo hoc!",toxic,insult
"may nghi may noi gi cung dung tren fb nay ha?",toxic,insult
"sao may khong nhin lai cach an mac cua minh truoc?",toxic,insult
"cai video do ma may cung dam share len fb a?",toxic,insult
"may co biet cai status do nhin nham nhi ra sao?",toxic,insult
"cai cach may viet status nhin la biet thieu i ot!",toxic,insult
"may nghi may la hot trend ma cu khoe tren fb the?",toxic,insult
"sao may cu thich di cong kich nguoi khac tren fb?",toxic,insult
"cai anh do nhin ma chi muon unlike fanpage ngay!",toxic,insult
"may co biet cai giong hat do nghe muoi mat khong?",toxic,insult
"cai status do ma may cung dam viet len fb ha?",toxic,insult
"may nghi may la celeb ma cu khoe tren fb story a?",toxic,insult
"sao may khong biet minh dang noi nham nhan gi?",toxic,insult
"cai clip do ma may cung dam livestream tren fb ha?",toxic,insult
"may co biet minh nhin te the tren fb nay ra sao?",toxic,insult
"cai cach may viet status nhin la biet khong co hoc!",toxic,insult
"may nghi may la ai ma di noi xau nguoi khac the?",toxic,insult
"sao may cu khoe cai mat xau xi do tren fb ha?",toxic,insult
"cai clip nay nhin ma chi muon bo qua ngay luon!",toxic,insult
"may co biet cai status nay nhin ngu ngoc the nao?",toxic,insult
"cai cach may noi chuyen tren fb nhin la vo van hoa!",toxic,insult
"may nghi post cai anh do len fb la ai cung khen ha?",toxic,insult
"Nhìn như con lợn ấy mà cũng lên sóng",toxic,bodyshaming
"Béo vậy mà cũng tự tin livestream",toxic,bodyshaming
"Cái mặt tròn như cái mâm luôn",toxic,bodyshaming
"Chân ngắn thế mà cũng đua đòi mặc váy",toxic,bodyshaming
"Da đen như cột nhà cháy mà bày đặt review mỹ phẩm",toxic,bodyshaming
"Gầy như cái que, nhìn chán thật",toxic,bodyshaming
"Răng hô mà cũng thích lên hình cơ à",toxic,bodyshaming
"Người thì lùn, mặc gì cũng không đẹp nổi",toxic,bodyshaming
"Mặt nổi đầy mụn mà vẫn thích make up",toxic,bodyshaming
"Bụng như cái trống mà mặc áo crop top",toxic,bodyshaming
"Nhìn phát là thấy xấu rồi, đừng cố nữa",toxic,bodyshaming
"Tóc thì bết dính, nhìn gớm thật",toxic,bodyshaming
"Tai to mặt lớn như voi luôn",toxic,bodyshaming
"Mũi tẹt thế mà cũng thích chụp ảnh selfie",toxic,bodyshaming
"Cằm nọng mỡ mà cứ quay góc nghiêng",toxic,bodyshaming
"Mặt như bánh đa vừng vậy",toxic,bodyshaming
"Nhìn như con gấu vụng về",toxic,bodyshaming
"Cổ ngắn ngủn, nhìn ngố quá",toxic,bodyshaming
"Chân cong như vòng kiềng",toxic,bodyshaming
"Cười hở lợi xấu dã man",toxic,bodyshaming
"Nhìn bạn đi ăn chắc gãy cả ghế",toxic,bodyshaming
"Đầu tóc thì như tổ quạ",toxic,bodyshaming
"Vai u thịt bắp, nhìn không ưa nổi",toxic,bodyshaming
"Mắt lác mà cũng thích quay video",toxic,bodyshaming
"Gương mặt vô hồn, như người mất ngủ",toxic,bodyshaming
"Đùi to như cột đình vậy còn thích khoe",toxic,bodyshaming
"Da sạm như thế còn dám livestream",toxic,bodyshaming
"Răng vàng khè mà dám quay cận mặt",toxic,bodyshaming
"Người đâu vừa lùn vừa béo",toxic,bodyshaming
"Cười hở hết cả lợi, nhìn phát ngán",toxic,bodyshaming
"sao may dam khoe cai body beo nhu heo do tren fb?",toxic,insult
"cai mat may map vay ma cung tu tin post anh a?",toxic,insult
"may co biet cai chan ngan tui do nhin te the nao?",toxic,insult
"may nghi body lo xuong do la dep lam a?",toxic,insult
"sao may cu post anh voi cai bung phinh do vay?",toxic,insult
"cai body do ma may cung dam mac do bo len fb?",toxic,insult
"may co biet cai mat mun do nhin ghe the nao khong?",toxic,insult
"may nghi cai voc dang xap xe do la hot trend a?",toxic,insult
"sao may khong biet xau ho voi cai body do tren fb?",toxic,insult
"cai anh do nhin cai body may ma muon block ngay!",toxic,insult
"may co nghi cai eo to nhu cai thung do dep khong?",toxic,insult
"sao may dam khoe cai mat day mun do tren fb?",toxic,insult
"cai body do ma may cung tu tin livestream a?",toxic,insult
"may nghi cai chan cong queo do la quyen ru a?",toxic,insult
"sao may cu khoe cai body te hai do tren fb vay?",toxic,insult
"cai mat may nhin map the ma cung dam post story?",toxic,insult
"may co biet cai bung mo do nhin xau xi ra sao?",toxic,insult
"may nghi body beo nhu banh bao do la dep a?",toxic,insult
"sao may dam mac quan bo voi cai chan ngan do?",toxic,insult
"cai body do nhin ma chi muon unfollow ngay!",toxic,insult
"may co biet cai mat do nhin te the nao tren fb?",toxic,insult
"may nghi cai voc dang lo xuong do la chat lam a?",toxic,insult
"sao may cu khoe cai body xau xi do tren fb?",toxic,insult
"cai anh do nhin cai bung may ma muon tat ngay!",toxic,insult
"may co biet cai chan map do nhin ghe ra sao?",toxic,insult
"may nghi body te nhu vay ma ai thich nhin a?",toxic,insult
"sao may dam post anh voi cai mat beo nhu banh a?",toxic,insult
"cai body do ma may cung dam khoe tren fb story?",toxic,insult
"may co biet cai eo to nhu cai lu do xau the nao?",toxic,insult
"may nghi cai chan ngan tui do la hot tren fb a?",toxic,insult
"sao may cu mac do bo voi cai body te hai do?",toxic,insult
"cai mat may map vay ma cung dam livestream a?",toxic,insult
"may co biet cai body do nhin re tien the nao?",toxic,insult
"may nghi khoe cai bung mo do la ngau lam a?",toxic,insult
"sao may dam post cai anh body xap xe do len fb?",toxic,insult
"cai chan may cong the ma cung tu tin khoe a?",toxic,insult
"may co biet cai mat mun do nhin muoi mat khong?",toxic,insult
"may nghi cai body beo nhu heo do la dep a?",toxic,insult
"sao may cu khoe cai voc dang lo xuong do tren fb?",toxic,insult
"cai body do nhin ma chi muon report ngay luon!",toxic,insult
"may co biet cai bung to nhu cai thung do te sao?",toxic,insult
"may nghi cai mat beo do la de thuong tren fb a?",toxic,insult
"sao may dam mac bikini voi cai body te the do?",toxic,insult
"cai chan ngan tui do ma may cung dam khoe a?",toxic,insult
"may co biet cai body do nhin xau xi ra sao?",toxic,insult
"may nghi khoe cai mat day mun do la hot a?",toxic,insult
"sao may cu post anh voi cai voc dang te hai do?",toxic,insult
"cai body do ma may cung dam lam anh dai dien a?",toxic,insult
"may co biet cai eo map do nhin ghe the nao?",toxic,insult
"may nghi cai body lo xuong do la quyen ru a?",toxic,insult
"sao may dam khoe cai chan cong queo do tren fb?",toxic,insult
"cai mat may beo the ma cung tu tin post anh a?",toxic,insult
"may co biet cai body do nhin te ra sao tren fb?",toxic,insult
"may nghi khoe cai bung mo do la dep lam a?",toxic,insult
"sao may cu mac do bo voi cai voc dang xau do?",toxic,insult
"cai chan may ngan the ma cung dam livestream a?",toxic,insult
"may co biet cai mat do nhin re tien the nao?",toxic,insult
"may nghi cai body beo nhu heo do la hot trend a?",toxic,insult
"sao may dam post cai anh body te hai do len fb?",toxic,insult
"cai bung may to the ma cung tu tin khoe a?",toxic,insult
"may co biet cai chan cong do nhin muoi mat khong?",toxic,insult
"may nghi cai mat map do la de thuong tren fb a?",toxic,insult
"sao may cu khoe cai body xap xe do tren fb?",toxic,insult
"cai body do nhin ma chi muon block ngay luon!",toxic,insult
"may co biet cai eo to nhu cai lu do te sao?",toxic,insult
"may nghi khoe cai chan ngan do la ngau lam a?",toxic,insult
"sao may dam mac quan bo voi cai body te the do?",toxic,insult
"cai mat may mun the ma cung dam post story a?",toxic,insult
"may co biet cai body do nhin xau xi the nao?",toxic,insult
"may nghi cai voc dang lo xuong do la dep a?",toxic,insult
"sao may cu khoe cai bung mo do tren fb vay?",toxic,insult
"cai chan may cong queo ma cung dam khoe a?",toxic,insult
"may co biet cai mat beo do nhin te ra sao?",toxic,insult
"may nghi khoe cai body te hai do la hot a?",toxic,insult
"sao may dam post anh voi cai eo map do len fb?",toxic,insult
"cai body do ma may cung dam livestream tren fb?",toxic,insult
"may co biet cai chan ngan tui do nhin ghe sao?",toxic,insult
"may nghi cai mat day mun do la quyen ru a?",toxic,insult
"sao may cu khoe cai voc dang xau xi do tren fb?",toxic,insult
"cai bung may to the ma cung tu tin post anh a?",toxic,insult
"may co biet cai body do nhin re tien ra sao?",toxic,insult
"may nghi khoe cai chan cong do la dep lam a?",toxic,insult
"sao may dam mac bikini voi cai body te hai do?",toxic,insult
"cai mat may map the ma cung dam khoe story a?",toxic,insult
"may co biet cai voc dang do nhin te the nao?",toxic,insult
"may nghi cai bung mo do la hot trend tren fb a?",toxic,insult
"sao may cu post anh voi cai chan ngan do vay?",toxic,insult
"cai body do ma may cung dam lam anh dai dien?",toxic,insult
"may co biet cai mat mun do nhin muoi mat sao?",toxic,insult
"may nghi khoe cai eo to nhu thung do la dep a?",toxic,insult
"sao may dam khoe cai body lo xuong do tren fb?",toxic,insult
"cai chan may cong the ma cung tu tin livestream?",toxic,insult
"may co biet cai body do nhin xau xi ra sao?",toxic,insult
"may nghi cai mat beo do la de thuong tren fb ha?",toxic,insult
"sao may cu khoe cai voc dang te hai do tren fb?",toxic,insult
"cai bung may mo the ma cung dam post anh a?",toxic,insult
"may co biet cai chan ngan do nhin te the nao?",toxic,insult
"may nghi khoe cai body xap xe do la ngau a?",toxic,insult
"sao may dam mac do bo voi cai mat map do len fb?",toxic,insult
"Thân hình như cây cột mỡ luôn ấy",toxic,bodyshaming
"Da mặt mụn mà cũng dám quay close up",toxic,bodyshaming
"Mặt như cái mâm mà cũng làm beauty blogger",toxic,bodyshaming
"Nhìn cứ như chưa bao giờ biết đến kem chống nắng",toxic,bodyshaming
"Chân voi mà cứ thích khoe chân dài",toxic,bodyshaming
"Nhìn đi đứng nặng nề thấy thương",toxic,bodyshaming
"Người đâu vừa mập vừa lùn, khó coi quá",toxic,bodyshaming
"Tóc thưa thế mà cứ hay xõa",toxic,bodyshaming
"Người gì vai to như lực sĩ",toxic,bodyshaming
"Da xỉn màu, nhìn thiếu sức sống ghê",toxic,bodyshaming
"Răng khểnh lộn xộn nhìn kém duyên",toxic,bodyshaming
"Mặt lúc nào cũng bóng nhẫy như chảo dầu",toxic,bodyshaming
"Bụng phệ mà cứ thích diện đồ bó sát",toxic,bodyshaming
"Tai vểnh như tai chuột vậy mà cũng thích đeo khuyên",toxic,bodyshaming
"Gương mặt lệch mà cứ thích chụp selfie",toxic,bodyshaming
"Đùi to như cái cột nhà, ngại chưa",toxic,bodyshaming
"Cằm đôi mà vẫn tự tin khoe góc nghiêng",toxic,bodyshaming
"Lưng gù mà cứ làm dáng thướt tha",toxic,bodyshaming
"Đi đứng như vịt bầu",toxic,bodyshaming
"Nhìn bạn có khi tưởng đang cosplay gấu bông",toxic,bodyshaming
"Mắt bé tí hin mà cũng gắn lens",toxic,bodyshaming
"Người gì vừa đen vừa xấu lại còn khoe da",toxic,bodyshaming
"Thấy cái bụng là muốn né xa 10 mét",toxic,bodyshaming
"Người đâu gò má cao sát chân mày",toxic,bodyshaming
"Nhìn bàn tay thô như đàn ông",toxic,bodyshaming
"Người gì vừa nhiều mỡ vừa lười tập thể dục",toxic,bodyshaming
"Nhìn chân tay lủng lẳng yếu xìu",toxic,bodyshaming
"Mặt dài như mặt ngựa vậy mà tự tin ghê",toxic,bodyshaming
"Mắt híp không thấy đường mà cứ trang điểm đậm",toxic,bodyshaming
"Nhìn bạn ăn chắc là không biết no",toxic,bodyshaming
"Cười mà thấy răng như hàng rào",toxic,bodyshaming
"Giọng đã chua lại còn mặt xấu",toxic,bodyshaming
"Nhìn bạn mà muốn giảm cân luôn đó",toxic,bodyshaming
"Da sần sùi như vỏ cam",toxic,bodyshaming
"Chưa thấy ai tự tin với ngoại hình như bạn",toxic,bodyshaming
"Mặt mốc mà cứ thích đánh nền dày",toxic,bodyshaming
"Đi đâu cũng thấy bạn xấu nổi bật",toxic,bodyshaming
"Body như cây kem bị chảy nắng",toxic,bodyshaming
"Người gầy như sắp biến mất đến nơi",toxic,bodyshaming
"Đầu to hơn cả người",toxic,bodyshaming
"Clip dài bao nhiêu phút vậy?",neutral,question
"Đây là sản phẩm mới ra mắt đúng không?",neutral,question
"Video quay ở đâu vậy bạn?",neutral,question
"Hôm nay trời đẹp ghê",neutral,statement
"Tôi vừa xem xong, cảm ơn thông tin",neutral,appreciation
"Sản phẩm này còn hàng không?",neutral,question
"Đã nhận được hàng, cảm ơn shop",neutral,statement
"Bạn có thể giải thích thêm không?",neutral,question
"Hẹn gặp lại vào video sau",neutral,statement
"Bài này có nhạc nền gì vậy mọi người?",neutral,question
"Tôi không ý kiến gì về việc này",neutral,statement
"Chỉ là quan điểm cá nhân thôi nhé",neutral,statement
"Bạn có thể gửi link sản phẩm không?",neutral,question
"Đoạn này hơi nhanh, tôi xem chưa kịp",neutral,statement
"Sắp tới có sự kiện gì không mọi người?",neutral,question
"Bạn đang dùng điện thoại gì quay vậy?",neutral,question
"Sản phẩm nhìn cũng ổn đó",neutral,statement
"Video này không có gì đặc biệt",neutral,statement
"Nhạc nền là bài gì thế?",neutral,question
"Bạn mua ở đâu vậy?",neutral,question
"Tôi vừa xem xong",neutral,statement
"Cũng được",neutral,statement
"Chờ video mới",neutral,statement
"Tôi cũng nghĩ vậy",neutral,agreement
"Bạn nói đúng",neutral,agreement
"Chỉ là góp ý thôi",neutral,statement
"Đang tìm hiểu thêm về sản phẩm này",neutral,statement
"Tôi chưa rõ lắm",neutral,statement
"Chưa dùng nên không biết",neutral,statement
"Bài này cũng bình thường thôi",neutral,statement
"Đã xem",neutral,statement
"Tôi thấy ổn",neutral,statement
"Nhận hàng đúng thời gian",neutral,statement
"Vẫn đang theo dõi",neutral,statement
"Chờ thông tin tiếp theo",neutral,statement
"Không liên quan lắm",neutral,statement
"Để xem sao",neutral,statement
"Chỉ là chia sẻ thôi",neutral,statement
"Đang chờ hồi đáp",neutral,statement
"Bạn giải thích rõ hơn được không?",neutral,question
"Bạn quay video này bằng điện thoại gì vậy?",neutral,question
"Đây là phiên bản mới nhất à?",neutral,question
"Đã ai thử chưa nhỉ?",neutral,question
"Sản phẩm này dùng ổn không mọi người?",neutral,question
"Shop có hỗ trợ bảo hành không?",neutral,question
"Bạn mua ở đâu vậy?",neutral,question
"Bao lâu thì nhận được hàng nhỉ?",neutral,question
"Bạn có thể review kỹ hơn không?",neutral,request
"Tôi chưa rõ lắm về tính năng này",neutral,statement
"Sản phẩm này phù hợp với ai?",neutral,question
"Tôi vừa nhận được hàng",neutral,statement
"Giá hiện tại là bao nhiêu vậy bạn?",neutral,question
"Có thể đổi trả không shop?",neutral,question
"Cách sử dụng như thế nào vậy?",neutral,question
"Bạn quay ở đâu vậy?",neutral,question
"Video này có phụ đề không nhỉ?",neutral,question
"Nhạc nền là bài gì vậy?",neutral,question
"Sản phẩm còn màu nào khác không?",neutral,question
"Tôi sẽ xem thêm thông tin",neutral,statement
"Clip này đăng lúc nào vậy?",neutral,question
"Bạn up video mới chưa?",neutral,question
"Sản phẩm này có khuyến mãi gì không?",neutral,question
"Có ai gặp tình trạng giống tôi không?",neutral,question
"Chế độ bảo hành bao lâu vậy shop?",neutral,question
"Bạn chia sẻ link sản phẩm giúp mình nhé",neutral,request
"Giờ vẫn còn hàng không bạn?",neutral,question
"Video này dài bao nhiêu phút vậy?",neutral,question
"Bạn cài đặt thế nào vậy?",neutral,question
"Review chi tiết hơn đi bạn",neutral,request
"Có thể cho mình xin thông tin không?",neutral,request
"Sản phẩm này làm gì được vậy?",neutral,question
"Đã nhận hàng, cảm ơn shop",neutral,statement
"Tôi sẽ thử xem sao",neutral,statement
"Bạn đang dùng dòng điện thoại gì?",neutral,question
"Video này có chỉnh sửa không?",neutral,question
"Bạn đăng video vào thứ mấy vậy?",neutral,question
"Cần thêm hướng dẫn sử dụng",neutral,request
"Bạn có thể nói rõ hơn không?",neutral,request
"Clip này có tiếng không bạn?",neutral,question
"Bài nhạc này tên gì vậy?",neutral,question
"Thời gian ship khoảng bao lâu?",neutral,question
"Bạn đang ở đâu vậy?",neutral,question
"Có hướng dẫn chi tiết không bạn?",neutral,question
"Bạn đã thử chưa?",neutral,question
"Có ai biết giá không?",neutral,question
"Bạn có thể giải thích giúp mình không?",neutral,request
"Chế độ đổi trả thế nào vậy?",neutral,question
"Có thể order không bạn?",neutral,question
"Bạn quay bằng máy gì vậy?",neutral,question
"Bao lâu thì hết pin vậy bạn?",neutral,question
"Bạn chia sẻ kinh nghiệm đi",neutral,request
"Sản phẩm này dùng cho ai?",neutral,question
"Đây là bản gốc hay sao?",neutral,question
"Bạn có video hướng dẫn không?",neutral,request
"Bạn có định làm thêm video không?",neutral,question
"Có nhận ship tỉnh không shop?",neutral,question
"Clip này tự quay hay lấy nguồn?",neutral,question
"Bạn có thể cập nhật thêm không?",neutral,request
"Bạn up video vào thứ mấy vậy?",neutral,question
"Cần thêm thông tin sản phẩm",neutral,request
"Bạn đã nhận hàng chưa?",neutral,question
"Sản phẩm còn bảo hành không bạn?",neutral,question
"Bạn có livestream không vậy?",neutral,question
"Bạn chia sẻ thêm hình ảnh được không?",neutral,request
"Bạn review dòng nào vậy?",neutral,question
"Cần thông tin khuyến mãi",neutral,request
"Bạn quay vào thời gian nào vậy?",neutral,question
"Sản phẩm này làm được gì nữa không?",neutral,question
"Bạn dùng thử chưa?",neutral,question
"Có thể đổi màu không bạn?",neutral,question
"Bạn đang dùng bản cập nhật nào?",neutral,question
"Có thể hỗ trợ mình không?",neutral,request
"Sản phẩm này mới ra à?",neutral,question
"Bạn thấy ổn không?",neutral,question
"Thời gian giao hàng khoảng bao lâu?",neutral,question
"Bạn có thể gửi link giúp mình không?",neutral,request
"Sản phẩm này có phù hợp với người lớn tuổi không?",neutral,question
"Bạn đánh giá thế nào về độ bền?",neutral,question
"Cần thêm thông tin kỹ thuật",neutral,request
"Bạn biết shop nào uy tín không?",neutral,question
"Bạn đã từng mua ở đây chưa?",neutral,question
"Clip này quay bằng app gì vậy?",neutral,question
"Bạn thấy chất lượng ổn không?",neutral,question
"Bạn chia sẻ thông tin bảo hành đi",neutral,request
"Sản phẩm này có nhiều màu không bạn?",neutral,question
"Bạn đăng video vào lúc mấy giờ?",neutral,question
"Bạn có thể ghi chú thêm cho mình không?",neutral,request
"Cần thêm phản hồi từ người dùng",neutral,request
"Bạn giới thiệu dòng sản phẩm này đi",neutral,request
"Bạn có bản dùng thử không?",neutral,question
"Clip này mất bao lâu để quay vậy?",neutral,question
"Bạn từng gặp lỗi này chưa?",neutral,question
"Có cách khắc phục không bạn?",neutral,question
"Bạn cập nhật tính năng mới chưa?",neutral,question
"Sản phẩm này dễ sử dụng không bạn?",neutral,question
"Bạn đã dùng lâu chưa?",neutral,question
"Bạn thấy dịch vụ sao?",neutral,question
"Bạn quay clip này mất bao lâu?",neutral,question
"Sản phẩm này cần lưu ý gì khi sử dụng?",neutral,question
"Bạn gửi file hướng dẫn giúp mình nhé",neutral,request
"Bạn thấy hiệu quả không?",neutral,question
"Sản phẩm có dễ vệ sinh không bạn?",neutral,question
"Bạn có file đính kèm không?",neutral,request
"Có ai dùng rồi review giúp với?",neutral,request
"Bạn có lịch đăng video không?",neutral,question
"Bạn thử sản phẩm nào nữa chưa?",neutral,question
"Có thể mở hộp sản phẩm không bạn?",neutral,request
"Bạn có thể chỉ rõ nguồn gốc không?",neutral,request
"Bạn đánh giá chất lượng thế nào?",neutral,question
"Cần tham khảo thêm ý kiến người khác",neutral,statement
"Bạn có ảnh chụp thực tế không?",neutral,request
"Bạn chia sẻ cảm nhận thêm đi",neutral,request
"Bạn nhận xét gì về pin?",neutral,question
"Bạn thấy phần mềm ổn không?",neutral,question
"Có ai đã từng dùng qua sản phẩm này không?",neutral,question
"Bạn gửi thêm thông tin tham khảo giúp mình",neutral,request
"Bạn thấy giao diện thế nào?",neutral,question
"Sản phẩm này giá thế nào bạn?",neutral,question
"Bạn có thể giải đáp thắc mắc giúp mình không?",neutral,request
"Cần thêm đánh giá từ người mua trước",neutral,statement
"Bạn update phiên bản mới chưa?",neutral,question
"Có ai biết chính xác thông tin này không?",neutral,question
"Bạn đánh giá thế nào về độ bền sản phẩm?",neutral,question
"Sản phẩm này bảo trì dễ không bạn?",neutral,question
"Bạn có mã giảm giá không?",neutral,question
"Bạn đã từng sử dụng sản phẩm cùng loại chưa?",neutral,question
"Có hướng dẫn lắp đặt không bạn?",neutral,request
"Bạn mua ở đâu giá rẻ vậy?",neutral,question
"Bạn thử nhiều loại chưa?",neutral,question
"Có thể đóng gói kỹ không bạn?",neutral,request
"Bạn chia sẻ mẹo dùng sản phẩm đi",neutral,request
"Bạn có clip review chi tiết không?",neutral,request
"Sản phẩm này có bảo hành chính hãng không?",neutral,question
"Bạn có thể gửi thông số kỹ thuật không?",neutral,request
"Có ai gặp trường hợp như mình không?",neutral,question
"Bạn có thể hỗ trợ khách hàng không?",neutral,request
"Cần video hướng dẫn lắp đặt",neutral,request
"Bạn thấy phần mềm có ổn không?",neutral,question
"Bạn đã mua sản phẩm này mấy lần rồi?",neutral,question
"Bạn thấy màu nào đẹp nhất?",neutral,question
"Bạn đánh giá tổng quan giúp mình với",neutral,request
"Sản phẩm này dễ tìm mua không bạn?",neutral,question
"Bạn review hộp sản phẩm đi",neutral,request
"Bạn thấy video này có hữu ích không?",neutral,question
"Bạn chia sẻ thêm về cách bảo quản nhé",neutral,request
"Sản phẩm có hỗ trợ trả góp không bạn?",neutral,question
"Bạn từng dùng dịch vụ bảo hành chưa?",neutral,question
"Bạn chia sẻ tips sử dụng sản phẩm đi",neutral,request
"Bạn đã dùng sản phẩm lâu chưa?",neutral,question
"Bạn thấy cách đóng gói thế nào?",neutral,question
"Bạn gửi kèm hướng dẫn sử dụng nhé",neutral,request
"Bạn đã từng bị lỗi này chưa?",neutral,question
"Sản phẩm này cần chú ý điều gì không bạn?",neutral,question
"Bạn có thể gửi hóa đơn không?",neutral,request
"Cần xác nhận lại thông tin giao hàng",neutral,request
"Bạn nhận xét gì về thiết kế sản phẩm?",neutral,question
"Sản phẩm này dễ lắp ráp không bạn?",neutral,question
"Bạn gửi feedback của bạn đi",neutral,request
"Bạn thấy hình ảnh sản phẩm sát thực tế không?",neutral,question
"Bạn update firmware chưa?",neutral,question
"Bạn đánh giá độ bền sản phẩm như thế nào?",neutral,question
"Cần thêm trải nghiệm thực tế từ người dùng",neutral,statement
"Bạn gửi link group hỗ trợ đi",neutral,request
"Sản phẩm này có phụ kiện gì đi kèm?",neutral,question
"Bạn đã thử test pin chưa?",neutral,question
"Bạn nhận xét về camera đi",neutral,request
"Bạn từng dùng sản phẩm nào cùng loại chưa?",neutral,question
"Bạn thấy dịch vụ hậu mãi thế nào?",neutral,question
"Bạn update phần mềm mới chưa?",neutral,question
"Sản phẩm này có nhiều tuỳ chọn không bạn?",neutral,question
"Bạn chia sẻ thêm cảm nhận cá nhân nhé",neutral,request
"Bạn có thể review thêm các tính năng phụ không?",neutral,request
"Bạn đã xem hết video chưa?",neutral,question
"Bạn nhận xét về âm thanh đi",neutral,request
"Cần thêm góc quay thực tế",neutral,request
"Bạn đã update phiên bản mới nhất chưa?",neutral,question
"Bạn từng bảo hành sản phẩm chưa?",neutral,question
"Sản phẩm có tương thích với hệ điều hành nào?",neutral,question
"Bạn có thể hướng dẫn cài đặt không?",neutral,request
"Bạn có review so sánh với sản phẩm khác không?",neutral,request
"Bạn thử kiểm tra lại giúp mình nhé",neutral,request
"Bạn thấy giá như vậy ổn không?",neutral,question
"Bạn thấy chất lượng hoàn thiện thế nào?",neutral,question
"Bạn gửi thêm hình ảnh thực tế nhé",neutral,request
"Sản phẩm này phù hợp cho học sinh không bạn?",neutral,question
"Bạn có thể tư vấn thêm cho mình không?",neutral,request
"Bạn có thể gửi bảng màu không?",neutral,request
"Bạn có thể làm video hướng dẫn chi tiết không?",neutral,request
"Tôi đang quan tâm đến sản phẩm này",neutral,statement
"Bạn có thể tư vấn kỹ hơn không?",neutral,request
"Chưa rõ nguồn gốc sản phẩm",neutral,statement
"Bạn có thể gửi lại link giúp mình?",neutral,request
"Tôi đang so sánh với một vài mẫu khác",neutral,statement
"Bạn review rõ hơn về chất liệu đi",neutral,request
"Nhờ bạn giới thiệu thêm lựa chọn",neutral,request
"Tôi cũng từng mua hàng tại đây",neutral,statement
"Bạn thấy dịch vụ giao hàng thế nào?",neutral,question
"Cần thêm hình ảnh thực tế",neutral,request
"Bạn sử dụng được bao lâu rồi?",neutral,question
"Thích cách bạn trình bày thông tin",neutral,statement
"Tôi đã xem hết video",neutral,statement
"Bạn mua sản phẩm này ở đâu?",neutral,question
"Bạn update link mua hàng mới giúp mình",neutral,request
"Tôi chưa biết cách bảo quản sản phẩm",neutral,statement
"Bạn thử các màu khác chưa?",neutral,question
"Bạn quay video ở đâu vậy?",neutral,question
"Bạn cảm nhận chất lượng pin ra sao?",neutral,question
"Bạn có hướng dẫn tháo lắp không?",neutral,request
"Bạn review thêm về chức năng nữa đi",neutral,request
"Tôi chưa từng dùng dòng sản phẩm này",neutral,statement
"Bạn thấy phần mềm chạy ổn không?",neutral,question
"Bạn có thể review hộp sản phẩm không?",neutral,request
"Tôi sẽ thử xem chất lượng ra sao",neutral,statement
"Có cần cập nhật phần mềm thường xuyên không?",neutral,question
"Bạn gửi giúp bảng giá nhé",neutral,request
"Bạn từng bảo hành chưa?",neutral,question
"Bạn thấy thiết kế mới có đẹp hơn không?",neutral,question
"Bạn có file pdf hướng dẫn không?",neutral,request
"Tôi nhận hàng đúng lịch",neutral,statement
"Bạn có thể chia sẻ link nhóm hỗ trợ không?",neutral,request
"Bạn đã thử so sánh với hàng chính hãng chưa?",neutral,question
"Bạn nhận xét gì về tốc độ xử lý?",neutral,question
"Bạn thấy mức giá hợp lý không?",neutral,question
"Bạn có thể gợi ý địa chỉ uy tín không?",neutral,request
"Cần đánh giá thêm về độ bền sản phẩm",neutral,request
"Bạn có video unbox sản phẩm không?",neutral,request
"Bạn thấy trải nghiệm người dùng thế nào?",neutral,question
"Cần thêm nhận xét từ khách đã dùng",neutral,request
"Bạn update ứng dụng thường xuyên chứ?",neutral,question
"Bạn có thể hướng dẫn đăng ký bảo hành không?",neutral,request
"Tôi cũng mới mua gần đây",neutral,statement
"Bạn thấy chính sách đổi trả có dễ không?",neutral,question
"Bạn chia sẻ kinh nghiệm lắp đặt đi",neutral,request
"Bạn thấy chế độ bảo hành tốt không?",neutral,question
"Cần so sánh các phiên bản cũ và mới",neutral,request
"Bạn gửi link tham khảo thêm giúp mình",neutral,request
"Tôi sẽ đợi thêm phản hồi trước khi mua",neutral,statement
"Bạn thấy hiệu suất sản phẩm ra sao?",neutral,question
"Bạn có gặp lỗi khi sử dụng không?",neutral,question
"Bạn thấy pin dùng được lâu không?",neutral,question
"Cần thêm video test thực tế",neutral,request
"Bạn đã mua nhiều lần ở shop này chưa?",neutral,question
"Bạn có thể demo sản phẩm không?",neutral,request
"Bạn thấy âm thanh có rõ không?",neutral,question
"Tôi cũng thích sản phẩm này",neutral,statement
"Bạn có mã giảm giá không vậy?",neutral,question
"Bạn thấy cách đóng gói hàng có tốt không?",neutral,question
"Tôi sẽ chờ đánh giá chi tiết từ bạn",neutral,statement
"Bạn chia sẻ kinh nghiệm sử dụng lâu dài đi",neutral,request
"Bạn đã từng đổi trả sản phẩm chưa?",neutral,question
"Bạn cảm nhận về mẫu mới thế nào?",neutral,question
"Cần thông tin thêm về phụ kiện đi kèm",neutral,request
"Bạn có thể trả lời inbox giúp mình không?",neutral,request
"Bạn thấy màu nào hợp nhất?",neutral,question
"Tôi sẽ cân nhắc sau khi xem clip",neutral,statement
"Bạn chia sẻ thêm về thời gian giao hàng",neutral,request
"Bạn đã đặt mua lại lần nào chưa?",neutral,question
"Bạn nhận xét gì về chất lượng đóng gói?",neutral,question
"Cần thêm ý kiến khách hàng thực tế",neutral,request
"Bạn thấy thao tác sử dụng có đơn giản không?",neutral,question
"Tôi cũng đang phân vân chọn mua",neutral,statement
"Bạn gửi video so sánh sản phẩm giúp mình",neutral,request
"Bạn có link group chia sẻ kinh nghiệm không?",neutral,request
"Bạn thấy sản phẩm dễ bảo trì không?",neutral,question
"Bạn nhận xét gì về kiểu dáng sản phẩm?",neutral,question
"Cần thêm feedback từ người dùng khác",neutral,request
"Bạn thử test nhiều chức năng chưa?",neutral,question
"Bạn đánh giá sao về tổng thể sản phẩm?",neutral,question
"Tôi đã xem qua các bình luận khác",neutral,statement
"Bạn thấy độ bền sản phẩm này thế nào?",neutral,question
"Bạn chia sẻ chi tiết về chế độ bảo hành",neutral,request
"Bạn có thể upload thêm hình ảnh không?",neutral,request
"Tôi cũng định mua dòng này",neutral,statement
"Bạn thấy giá sản phẩm phù hợp chưa?",neutral,question
"Bạn gửi file đính kèm giúp mình nhé",neutral,request
"Bạn thấy giao diện sử dụng dễ không?",neutral,question
"Bạn đã gặp lỗi trong quá trình dùng chưa?",neutral,question
"Tôi vừa mới đăng ký bảo hành",neutral,statement
"Bạn chia sẻ kinh nghiệm test sản phẩm đi",neutral,request
"Bạn thấy dịch vụ hỗ trợ tốt không?",neutral,question
"Bạn có thể gửi file báo giá không?",neutral,request
"Bạn đã từng tư vấn khách về sản phẩm này chưa?",neutral,question
"Bạn thấy giao hàng có đúng hẹn không?",neutral,question
"Bạn update sản phẩm thường xuyên không?",neutral,question
"Bạn cảm nhận gì về pin dự phòng?",neutral,question
"Bạn có thể hướng dẫn cài app không?",neutral,request
"Bạn chia sẻ video hướng dẫn đi",neutral,request
"Tôi vẫn đang chờ phản hồi từ shop",neutral,statement
"Xem mà thất vọng thật sự",negative,disappointment
"Tôi không hài lòng với sản phẩm này",negative,disappointment
"Dịch vụ chậm quá, đợi mãi không thấy",negative,complaint
"Giao hàng sai, phải đợi đổi lại rất lâu",negative,complaint
"Chất lượng không như mong đợi",negative,disappointment
"Đọc bình luận thấy lo quá",negative,concern
"Nhạc nền nghe không phù hợp lắm",negative,criticism
"Phản hồi tin nhắn quá chậm",negative,complaint
"Hình ảnh khác xa thực tế",negative,disappointment
"Tôi tưởng tốt hơn cơ",negative,disappointment
"Video cắt ghép hơi nhiều",negative,criticism
"Sản phẩm dễ hỏng, dùng được vài ngày",negative,disappointment
"Đóng gói không cẩn thận",negative,complaint
"Tôi không thích giao diện mới",negative,criticism
"Chất lượng hình ảnh mờ quá",negative,disappointment
"Clip dài quá, xem hơi chán",negative,criticism
"Đặt mua mà bị giao thiếu phụ kiện",negative,complaint
"Sản phẩm bị lỗi nhỏ",negative,complaint
"Cảm thấy không đáng tiền",negative,disappointment
"Khó sử dụng, không thân thiện",negative,criticism
"Video nói nhanh quá, không theo kịp",negative,criticism
"Bạn giải thích hơi khó hiểu",negative,criticism
"Tôi chưa hài lòng với thái độ phục vụ",negative,complaint
"Sản phẩm màu bị lệch so với ảnh",negative,disappointment
"Không thấy như quảng cáo",negative,disappointment
"Đóng gói sơ sài, hàng bị móp",negative,complaint
"Không rõ nguồn gốc sản phẩm",negative,concern
"Thời gian giao hàng quá lâu",negative,complaint
"Giá hơi cao so với chất lượng",negative,criticism
"Khó liên hệ hỗ trợ khách hàng",negative,complaint
"Thông tin chưa rõ ràng",negative,criticism
"Sản phẩm dễ bám bụi, khó vệ sinh",negative,criticism
"Đã thử nhưng không hiệu quả",negative,disappointment
"Không phù hợp với nhu cầu của tôi",negative,disappointment
"Âm thanh bị rè, không như mong đợi",negative,disappointment
"Đặt hàng mà không có xác nhận",negative,complaint
"Clip này nhiều quảng cáo quá",negative,criticism
"Phản hồi không chuyên nghiệp",negative,complaint
"Sản phẩm cũ, không phải mới 100%",negative,complaint
"Chưa nhận được hàng dù đã đặt lâu",negative,complaint
"Giao diện khó nhìn, màu không đẹp",negative,criticism
"Không khuyến khích mua sản phẩm này",negative,criticism
"Sản phẩm hết hàng, không báo trước",negative,complaint
"Đã gặp lỗi ngay lần đầu sử dụng",negative,complaint
"Tôi không thấy điểm nổi bật gì",negative,criticism
"Chế độ bảo hành chưa rõ ràng",negative,concern
"Không có hướng dẫn sử dụng chi tiết",negative,criticism
"Giá tăng mà chất lượng không đổi",negative,criticism
"Phản hồi thiếu nhiệt tình",negative,complaint
"Không như kỳ vọng, hơi thất vọng",negative,disappointment
"Sản phẩm dùng nhanh hỏng",negative,disappointment
"Không đáng tiền",negative,disappointment
"Chất lượng không tốt như quảng cáo",negative,disappointment
"Đặt hàng mà không nhận được quà tặng",negative,complaint
"Giao hàng về bị thiếu phụ kiện",negative,complaint
"Thái độ nhân viên chưa tốt",negative,complaint
"Sản phẩm dễ trầy xước",negative,criticism
"Giao diện app khó sử dụng quá",negative,criticism
"Khó liên hệ tổng đài chăm sóc",negative,complaint
"Nhận hàng bị móp méo",negative,complaint
"Video xem hơi chán",negative,criticism
"Không nhận được hướng dẫn sử dụng",negative,complaint
"Đặt size S mà giao size M",negative,complaint
"Không còn hàng đúng mẫu tôi cần",negative,disappointment
"Sản phẩm nhìn ngoài không đẹp như trên hình",negative,disappointment
"Khuyến mãi nhưng giá vẫn cao",negative,criticism
"Hàng về chậm hơn dự kiến",negative,complaint
"Âm thanh rè, nghe không rõ",negative,disappointment
"Video dài dòng quá",negative,criticism
"Không phù hợp với nhu cầu",negative,disappointment
"Sản phẩm không giống mô tả",negative,disappointment
"Không hài lòng với kết quả nhận được",negative,disappointment
"Thái độ trả lời tin nhắn lạnh nhạt",negative,complaint
"Đặt hàng mà phải hủy vì hết hàng",negative,complaint
"Bảo hành lâu quá, chưa nhận được phản hồi",negative,complaint
"Sản phẩm kém bền",negative,disappointment
"Không có sự khác biệt so với bản cũ",negative,criticism
"Video mờ, chất lượng thấp",negative,criticism
"Mua rồi mới biết không đổi trả được",negative,complaint
"Không hỗ trợ kỹ thuật như cam kết",negative,complaint
"Giao hàng sai địa chỉ",negative,complaint
"Cảm giác sử dụng không thoải mái",negative,disappointment
"Sản phẩm bị lỗi từ khi nhận",negative,complaint
"Không hỗ trợ thanh toán khi nhận hàng",negative,complaint
"Chưa hài lòng về thiết kế",negative,criticism
"Không rõ thông tin sản phẩm",negative,criticism
"Sản phẩm có nhiều vết xước nhỏ",negative,complaint
"Tư vấn không đúng nhu cầu",negative,complaint
"Không khuyến khích mọi người mua",negative,criticism
"Không hài lòng với tốc độ ship",negative,complaint
"Chưa thấy có gì đặc biệt",negative,criticism
"Đóng gói sơ sài",negative,complaint
"Sản phẩm hết hàng liên tục",negative,complaint
"Hỗ trợ khách hàng chưa tốt",negative,complaint
"Mua về mà không dùng được",negative,disappointment
"Video âm thanh nhỏ quá",negative,criticism
"Không thấy hiệu quả như quảng cáo",negative,disappointment
"Khó khăn trong đổi trả",negative,complaint
"Bị lỗi phần mềm khi cài đặt",negative,complaint
"Phần mềm chạy chậm, hay treo máy",negative,criticism
"Sản phẩm không tương thích với thiết bị",negative,complaint
"Hỗ trợ bảo hành lâu quá",negative,complaint
"Chất lượng dịch vụ chưa ổn định",negative,criticism
"Sản phẩm không có tem bảo hành",negative,concern
"Không có phản hồi sau khi báo lỗi",negative,complaint
"Nhận được hàng lỗi phải gửi lại",negative,complaint
"Sản phẩm có mùi khó chịu",negative,complaint
"Không có phiếu bảo hành đi kèm",negative,complaint
"Sản phẩm dùng nhanh hết pin",negative,disappointment
"Chưa có bản cập nhật mới",negative,criticism
"Chức năng chưa đủ như mong muốn",negative,criticism
"Không có hướng dẫn bằng tiếng Việt",negative,complaint
"Sản phẩm nhận được không phải hàng mới",negative,complaint
"Khó lắp đặt, không dễ dùng",negative,criticism
"Không liên hệ được tổng đài",negative,complaint
"Không nhận được mã giảm giá như quảng cáo",negative,complaint
"Hình ảnh sản phẩm không sát thực tế",negative,disappointment
"Sản phẩm hoạt động không ổn định",negative,criticism
"Chưa nhận được hóa đơn mua hàng",negative,complaint
"Sản phẩm giao thiếu phụ kiện",negative,complaint
"Nhân viên giao hàng không liên hệ trước",negative,complaint
"Không thấy nút tắt/bật sản phẩm",negative,criticism
"Sản phẩm đóng gói không chắc chắn",negative,complaint
"Không nhận được hàng đúng hẹn",negative,complaint
"Sản phẩm không bền",negative,disappointment
"Không có giấy hướng dẫn lắp ráp",negative,complaint
"Video chất lượng kém",negative,criticism
"Không hài lòng với lần mua này",negative,disappointment
"Sản phẩm hay bị treo, đơ máy",negative,criticism
"Giao hàng muộn hơn dự kiến",negative,complaint
"Sản phẩm bị thiếu phụ kiện đi kèm",negative,complaint
"Không tương thích với hệ điều hành",negative,complaint
"Đã báo lỗi nhưng chưa được hỗ trợ",negative,complaint
"Không có thông báo khi có bản cập nhật",negative,criticism
"Video cắt ghép không chuyên nghiệp",negative,criticism
"Không hài lòng về cách tư vấn",negative,complaint
"Sản phẩm không ổn định khi sử dụng lâu",negative,criticism
"Không còn niềm tin với shop",negative,disappointment
"Chưa cảm nhận được ưu điểm nổi bật",negative,criticism
"Không hài lòng về chính sách bảo hành",negative,complaint
"Sản phẩm không đúng màu đặt",negative,complaint
"Sản phẩm không hỗ trợ tiếng Việt",negative,criticism
"Khó đăng ký bảo hành",negative,complaint
"Không thấy phụ kiện kèm theo",negative,complaint
"Video review không khách quan",negative,criticism
"Chưa thấy điểm khác biệt với sản phẩm cũ",negative,criticism
"Sản phẩm dễ trầy xước khi sử dụng",negative,criticism
"Không hài lòng về quy trình đổi trả",negative,complaint
"Không nhận được phản hồi sau khi góp ý",negative,complaint
"Chưa có trải nghiệm tốt với dịch vụ",negative,disappointment
"Sản phẩm nhận được thiếu tem mác",negative,complaint
"Trend này cũ quá rồi, không còn gì mới",negative,criticism
"Video này giống hệt clip hôm qua",negative,criticism
"Nội dung nhạt, xem không thấy gì đặc biệt",negative,criticism
"Clip lặp lại ý tưởng mãi, chán quá",negative,criticism
"Xem 10 lần cũng chỉ có thế này thôi à",negative,criticism
"Không hiểu sao lên được FYP luôn",negative,criticism
"Video cắt ghép chưa mượt, hơi khó xem",negative,criticism
"Chả thấy hài gì cả",negative,criticism
"Clip ngắn quá, chưa kịp hiểu gì",negative,criticism
"Không rõ thông điệp muốn truyền tải",negative,criticism
"Nội dung này thấy nhiều rồi, không mới",negative,criticism
"Không liên quan gì đến tiêu đề",negative,criticism
"Chất lượng hình ảnh mờ quá",negative,criticism
"Đầu tư còn ít quá, xem không đã",negative,criticism
"Làm clip cho có lệ vậy thôi",negative,criticism
"Không thích nhạc nền, nghe hơi ồn",negative,criticism
"Không xem nổi hết clip",negative,disappointment
"Xem xong chẳng nhớ gì",negative,disappointment
"Clip này chẳng khác gì trăm clip khác",negative,criticism
"Không bắt trend nổi nữa rồi",negative,criticism
"Bình thường quá, không đặc sắc",negative,criticism
"Chỉ thấy quảng cáo chứ không có nội dung",negative,criticism
"Hiệu ứng nhìn rối mắt quá",negative,criticism
"Chỉnh sửa chưa mượt mà, hơi gượng",negative,criticism
"Không thấy gì hài hước như mọi người nói",negative,criticism
"Comment cho có chứ video chán thật",negative,criticism
"Xem xong chẳng muốn like",negative,disappointment
"Chờ mãi chẳng có gì hay ho",negative,disappointment
"Chỉ lặp đi lặp lại một chủ đề",negative,criticism
"Không phải gu mình",negative,disappointment
"Chưa đủ ấn tượng để follow",negative,disappointment
"Không hiểu đoạn kết muốn nói gì",negative,criticism
"Clip quá ngắn, chưa cảm nhận được gì",negative,criticism
"Không đầu tư nội dung lắm",negative,criticism
"Nhạc nền che hết lời thoại rồi",negative,criticism
"Chờ đoạn cao trào mà không có",negative,disappointment
"Không thích hiệu ứng này lắm",negative,criticism
"Clip như quay vội, không chỉnh chu",negative,criticism
"Không có gì đặc biệt để lại ấn tượng",negative,disappointment
"Bối cảnh lặp lại nhiều quá",negative,criticism
"Không thấy hài gì cả",negative,criticism
"Nội dung này mình đã xem ở nơi khác rồi",negative,criticism
"Không thấy hợp trend này",negative,criticism
"Đang xem giữa chừng mà hết clip",negative,criticism
"Không có gì nổi bật hơn so với các clip khác",negative,disappointment
"Clip không có sự sáng tạo",negative,criticism
"Nội dung chưa rõ ràng lắm",negative,criticism
"Chỉnh filter hơi lố",negative,criticism
"Không hiểu đoạn intro để làm gì",negative,criticism
"Nội dung xem chẳng hiểu gì cả",negative,criticism
"Chán quá, clip nào cũng như nhau",negative,disappointment
"Làm mãi một kiểu, không có gì mới",negative,criticism
"Xem hết clip vẫn không thấy hay",negative,disappointment
"Chẳng có điểm gì đặc biệt cả",negative,criticism
"Chất lượng video quá kém",negative,criticism
"Quay clip mà rung quá trời",negative,criticism
"Nội dung hơi nhạt, khó theo dõi",negative,criticism
"Coi mà chả hiểu muốn truyền đạt gì",negative,criticism
"Làm lại video khác được không",negative,criticism
"Thấy clip dài dòng quá",negative,criticism
"Hiệu ứng nhìn rối mắt thật",negative,criticism
"Chỉnh sửa clip không tự nhiên",negative,criticism
"Không thấy hài chút nào luôn",negative,disappointment
"Xem xong muốn lướt qua luôn",negative,disappointment
"Thất vọng về chất lượng video",negative,disappointment
"Nhạc không ăn nhập gì với clip",negative,criticism
"Làm clip hơi lười biếng",negative,criticism
"Không hiểu sao video này nổi",negative,criticism
"Chỉ xem được vài giây là chán",negative,disappointment
"Quảng cáo hơi lộ liễu",negative,criticism
"Chẳng có gì hấp dẫn cả",negative,criticism
"Chủ đề không phù hợp lắm",negative,criticism
"Xem nhiều clip rồi vẫn không thích",negative,disappointment
"Không có nội dung rõ ràng",negative,criticism
"Chất lượng hình ảnh mờ quá",negative,criticism
"Không thấy vui như mọi người nói",negative,disappointment
"Chỉnh hiệu ứng hơi quá tay",negative,criticism
"Xem hết vẫn không thấy gì đặc biệt",negative,criticism
"Nội dung đơn giản quá",negative,criticism
"Không có gì đáng chú ý",negative,criticism
"Xem clip không hiểu thông điệp là gì",negative,criticism
"Quá ngắn, xem chưa kịp hiểu",negative,criticism
"Không biết sao lại lên trending",negative,criticism
"Nội dung này không hợp với tôi",negative,disappointment
"Không thấy hài hước gì hết",negative,criticism
"Lặp lại nhiều lần quá rồi",negative,criticism
"Clip quá bình thường, không ấn tượng",negative,disappointment
"Nhạc nền hơi khó nghe",negative,criticism
"Cắt ghép video chưa tốt",negative,criticism
"Không hợp gu tôi lắm",negative,disappointment
"Làm video chưa đầu tư",negative,criticism
"Xem một lần không muốn xem lại nữa",negative,disappointment
"Video ngắn quá không hiểu nổi",negative,criticism
"Không thấy có sự đầu tư",negative,criticism
"Chỉnh sửa chưa đẹp",negative,criticism
"Không thấy hào hứng gì cả",negative,disappointment
"Không rõ nội dung clip",negative,criticism
"Xem video chán thật sự",negative,disappointment
"Không thích hiệu ứng này",negative,criticism
"Đoạn nhạc không ăn khớp clip",negative,criticism
"Không có điểm nhấn gì cả",negative,criticism
"Video này chưa đủ hấp dẫn",negative,criticism
"Làm video kiểu này nhàm quá rồi",negative,criticism
"Clip quá ngắn không đủ hiểu",negative,criticism
"Nội dung nhàm chán",negative,criticism
"Chỉnh filter hơi mạnh tay",negative,criticism
"Không bắt kịp trend rồi",negative,criticism
"Video nhìn thiếu chuyên nghiệp",negative,criticism
"Không thấy có gì đặc biệt ở đây",negative,criticism
"Xem mà buồn ngủ luôn",negative,disappointment
"Chất lượng âm thanh thấp quá",negative,criticism
"Không có chút sáng tạo nào cả",negative,criticism
"Nội dung cứ lặp lại hoài",negative,criticism
"Xem vài giây là chán",negative,disappointment
"Quá nhàm chán, không có điểm nhấn",negative,criticism
"Không hiểu ý nghĩa video là gì",negative,criticism
"Coi xong vẫn không rõ ý đồ",negative,criticism
"Video chưa đạt chất lượng tốt",negative,criticism
"Thấy hơi thất vọng",negative,disappointment
"Nội dung không rõ ràng",negative,criticism
"Không thấy thú vị chút nào",negative,disappointment
"Làm nội dung cũ hoài vậy?",negative,criticism
"Không thấy giá trị gì sau khi xem",negative,criticism
"Chỉnh sửa video không mượt",negative,criticism
"Nội dung nhạt như nước lã",negative,criticism
"Coi xong thấy phí thời gian",negative,disappointment
"Chất lượng hình ảnh thấp quá",negative,criticism
"Clip quá nhạt, không xem được hết",negative,disappointment
"Nội dung không hợp với tôi",negative,disappointment
"Không thích kiểu video này",negative,disappointment
"Chưa thấy gì đặc biệt để nhớ",negative,criticism
"Nhạc nền hơi ồn ào",negative,criticism
"Nội dung không hấp dẫn",negative,criticism
"Chất lượng video chưa tốt lắm",negative,criticism
"Không thấy điểm mới lạ gì cả",negative,criticism
"Xem hết clip mà vẫn chán",negative,disappointment
"Làm clip hơi thiếu đầu tư",negative,criticism
"Nội dung không thu hút người xem",negative,criticism
"Không rõ ý tưởng clip này",negative,criticism
"Cảm giác hơi nhàm chán",negative,disappointment
"Chỉnh filter không hợp lý lắm",negative,criticism
"Xem clip mà không hiểu nổi ý nghĩa",negative,criticism
"Không có thông điệp rõ ràng",negative,criticism
"Chỉnh sửa hiệu ứng chưa tốt",negative,criticism
"Nội dung cứ như copy lại",negative,criticism
"Không rõ điểm nổi bật là gì",negative,criticism
"Nội dung quá nhạt",negative,criticism
"Video hơi ngắn, chưa truyền tải đủ",negative,criticism
"Không thấy gì đặc biệt sau khi xem",negative,criticism
"Nội dung clip hơi khó hiểu",negative,criticism
"Clip không có điểm nhấn",negative,criticism
"Xem clip xong không có cảm xúc",negative,disappointment
"Không thích cách làm video này",negative,disappointment
"Video hơi dài dòng",negative,criticism
"Nội dung lặp lại quá nhiều",negative,criticism
"Xem xong chẳng nhớ được gì",negative,disappointment
"Không thích nhạc nền này",negative,criticism
"Không thấy hay như mọi người nói",negative,criticism
"Chất lượng hình ảnh không tốt",negative,criticism
"Coi xong thấy thất vọng",negative,disappointment
"Nội dung hơi bị nhàm",negative,criticism
"Video không đủ sức hút",negative,criticism
"Không cảm nhận được ý nghĩa video",negative,criticism
"Xem clip này hơi phí thời gian",negative,disappointment
"Không hài lòng với nội dung này",negative,disappointment
"Không có gì đáng để xem hết",negative,criticism
"Nội dung chưa được đầu tư tốt",negative,criticism
"Coi clip hơi chán",negative,disappointment
"Nội dung không gây ấn tượng",negative,criticism
"Không rõ nội dung truyền tải",negative,criticism
"Video không có giá trị gì đặc biệt",negative,criticism
"Xem clip mà thấy không vui",negative,disappointment
"Game lag quá, chơi khó chịu thật",negative,complaint
"Chơi game mà ping cao liên tục",negative,complaint
"Server bảo trì hoài, mất cả hứng",negative,complaint
"Game này đồ họa xấu quá",negative,criticism
"Chơi mãi vẫn gặp lỗi giật lag",negative,complaint
"Update mới làm game tệ hơn hẳn",negative,criticism
"Không thích bản cập nhật lần này",negative,disappointment
"Nhân vật cân bằng kém quá",negative,criticism
"Chơi game này chán thật sự",negative,disappointment
"Tìm trận lâu quá, chờ mãi không được chơi",negative,complaint
"Matchmaking không công bằng chút nào",negative,criticism
"Game có quá nhiều bug luôn",negative,complaint
"Hệ thống combat quá đơn điệu",negative,criticism
"Chơi mãi không lên rank nổi",negative,disappointment
"Không thấy vui như quảng cáo",negative,disappointment
"Game này mất cân bằng kinh khủng",negative,criticism
"Update xong chơi chán hơn trước",negative,criticism
"Skin nhân vật xấu quá trời",negative,criticism
"Không thích cơ chế mới trong game",negative,criticism
"Nạp tiền vào game thấy phí thật",negative,disappointment
"Game crash liên tục",negative,complaint
"Hỗ trợ khách hàng kém lắm",negative,complaint
"Chơi game này cứ phải nạp tiền liên tục",negative,criticism
"Không thích cộng đồng game này lắm",negative,disappointment
"Đồ họa nhìn lỗi thời rồi",negative,criticism
"Game load lâu quá",negative,complaint
"Không thích bản đồ mới chút nào",negative,criticism
"Game không ổn định, dễ bị disconnect",negative,complaint
"Hệ thống nhiệm vụ quá nhàm chán",negative,criticism
"Không hài lòng với cách điều hành game",negative,complaint
"Chơi vài ván là chán ngay",negative,disappointment
"Các event trong game quá đơn điệu",negative,criticism
"Thất vọng với update lần này",negative,disappointment
"Game chơi mãi không thấy thú vị",negative,disappointment
"Không thích giao diện mới của game",negative,criticism
"Game này pay-to-win rõ ràng luôn",negative,criticism
"Chơi game mà cứ gặp hacker hoài",negative,complaint
"Hệ thống rank không công bằng chút nào",negative,criticism
"Game này khó lên cấp quá",negative,disappointment
"Không thích cách cân bằng tướng hiện tại",negative,criticism
"Server thường xuyên bị lag",negative,complaint
"Hệ thống matchmaking thật tệ",negative,criticism
"Chơi game mà thấy ức chế nhiều hơn vui",negative,disappointment
"Game này đồ họa không đẹp như trailer",negative,criticism
"Không hài lòng với cơ chế giao dịch",negative,complaint
"Cảm giác chơi game không đã tay",negative,disappointment
"Nhiều skin nhưng toàn xấu",negative,criticism
"Game load chậm quá, chơi mất hứng",negative,complaint
"Hệ thống chat game bất tiện",negative,criticism
"Không thích cách nhà phát hành vận hành game",negative,criticism
"Hệ thống report vô dụng quá",negative,complaint
"Không thích meta game hiện tại chút nào",negative,criticism
"Game nhiều tính năng thừa thãi",negative,criticism
"Hệ thống chiến đấu không linh hoạt",negative,criticism
"Chơi vài trận đã thấy nhàm rồi",negative,disappointment
"Game này kém xa bản trước đó",negative,criticism
"Có nhiều lỗi quá, chơi khó chịu",negative,complaint
"Nạp tiền vào nhưng không đáng chút nào",negative,disappointment
"Game cứ phải chơi chung với toxic nhiều quá",negative,complaint
"Bản update mới làm mất cân bằng game",negative,criticism
"Không hài lòng với hệ thống phần thưởng",negative,criticism
"Game này hay lỗi đăng nhập",negative,complaint
"Không thấy thú vị như review nói",negative,disappointment
"Game chơi một lúc là chán liền",negative,disappointment
"Cơ chế loot đồ không hợp lý",negative,criticism
"Game tốn quá nhiều thời gian để lên cấp",negative,criticism
"Hệ thống giao tiếp trong game kém quá",negative,criticism
"Chơi game này quá mất thời gian",negative,criticism
"Game thiếu cân bằng nghiêm trọng",negative,criticism
"Không thích cơ chế chiến đấu hiện tại",negative,criticism
"Game crash đúng lúc quan trọng",negative,complaint
"Hệ thống nhiệm vụ lặp đi lặp lại hoài",negative,criticism
"Các bản cập nhật ngày càng tệ",negative,criticism
"Chơi game nhưng không thấy giải trí chút nào",negative,disappointment
"Không hài lòng với hệ thống đồ hoạ mới",negative,criticism
"Có quá nhiều vấn đề chưa được sửa",negative,complaint
"Game không đủ hấp dẫn để giữ chân người chơi",negative,criticism
"Không hài lòng với cách điều chỉnh nhân vật",negative,criticism
"Game này chơi một lần là chán",negative,disappointment
"Không thích chế độ chơi mới",negative,criticism
"Game chơi nhanh nhàm chán quá",negative,disappointment
"Hệ thống mua bán trong game bất tiện",negative,criticism
"Không hài lòng với hệ thống điều khiển",negative,criticism
"Chơi mãi mà không thấy tiến bộ",negative,disappointment
"Không thích kiểu chơi của game này",negative,criticism
"Hệ thống hướng dẫn game quá sơ sài",negative,criticism
"Game quá nhiều quảng cáo gây khó chịu",negative,criticism
"Không hài lòng với cách sắp xếp đội hình",negative,criticism
"Game chơi lâu thấy nhàm dần",negative,disappointment
"Hệ thống kỹ năng của nhân vật quá đơn giản",negative,criticism
"Không thấy vui như giới thiệu",negative,disappointment
"Game này khó điều khiển quá",negative,criticism
"Không thích hệ thống giao diện mới",negative,criticism
"Game quá nặng, máy chạy không nổi",negative,complaint
"Không hài lòng với event lần này",negative,criticism
"Chơi game này không thấy giải trí",negative,disappointment
"Game thường xuyên mất kết nối",negative,complaint
"Hệ thống cập nhật game quá chậm",negative,complaint
"Không thích cơ chế thăng cấp mới",negative,criticism
"video dai qua xem muon ngu",negative,disappointment
"ko hieu dang noi cai gi lun",negative,criticism
"nham vc, clip chang co j hay",negative,criticism
"noi nhanh wa, nghe ko kip",negative,criticism
"edit loi wa troi",negative,criticism
"noi nham nham chang hieu j",negative,criticism
"ko co y nghia gi het",negative,disappointment
"lag may lan, ko xem dc",negative,complaint
"clip lam cho co thoi",negative,criticism
"ko thu vi nhu mo ta",negative,disappointment
"co the lam tot hon nhieu",negative,criticism
"no dung lap di lap lai",negative,criticism
"clip ngan wa, chua kip hieu",negative,criticism
"cmt cho vui chu clip te thiet",negative,criticism
"ko hieu noi y chinh",negative,criticism
"ko co thong diep ro rang",negative,criticism
"chat luong hinh kem",negative,criticism
"xem may lan ma van chang thay thu vi",negative,disappointment
"ko bat kip trend",negative,criticism
"noi chung la khong an tuong",negative,criticism
"noi that la xem xong thay cha co gi",negative,disappointment
"video ko co noi dung",negative,criticism
"phai noi la xem thua time",negative,disappointment
"clip loi am thanh",negative,complaint
"ko lay gi lam thu vi",negative,disappointment
"xem roi xoa luon",negative,disappointment
"ko xung dang fyp",negative,criticism
"edit loang choang",negative,criticism
"noi roi, van ko hay",negative,criticism
"giong keo keo, nghe chan",negative,criticism
"clip nhu duoc cat ghep voi",negative,criticism
"chinh sua loi qua",negative,criticism
"ko giu dc nguoi xem",negative,criticism
"xem 1 phut la muon bo",negative,disappointment
"noi k ro rang",negative,criticism
"noi nhanh nhu gió",negative,criticism
"video doi tuan chang co j",negative,disappointment
"ko co gi moi me",negative,criticism
"xem hoai chang thay hay",negative,disappointment
"ko ai hieu ban dang noi gi",negative,criticism
"clip dai va chang co gi ca",negative,criticism
"co len fyp ma ko hieu vi sao",negative,criticism
"giong noi nghe nhuc dau",negative,criticism
"noi ko ro, nhieu doan bi mo",negative,criticism
"noi lung tung chang hieu gi",negative,criticism
"clip loi tu dau den cuoi",negative,complaint
"noi roi nhin van loi",negative,criticism
"nghe muon tat am thanh",negative,disappointment
"noi nhieu ma chang co gi",negative,criticism
"clip chang co su thu vi",negative,criticism
"noi linh tinh",negative,criticism
"ko co dau tu gi het",negative,criticism
"video chi la su lap lai",negative,criticism
"cam giac clip lam cho co",negative,criticism
"nhac nen am am chan",negative,criticism
"edit cuc ky lau",negative,complaint
"ko dang xem",negative,disappointment
"muon comment nhung chang biet ghi gi",negative,criticism
"noi loi nhieu",negative,criticism
"ko co y tuong",negative,criticism
"clip cu nhu nhau",negative,criticism
"xem roi muon bo theo doi",negative,disappointment
"ko giu duoc khan gia",negative,disappointment
"noi chuyen chang ro",negative,criticism
"noi dai dong, dai dong",negative,criticism
"nhac nen on ao",negative,criticism
"ko thich kieu lam video nay",negative,criticism
"noi ma chang hieu",negative,criticism
"clip chang an khop gi voi nhau",negative,criticism
"noi chuyen ko co dau",negative,criticism
"noi lo xo",negative,criticism
"ko cam xuc",negative,disappointment
"noi chuyen chang ket thuc",negative,criticism
"clip bi cam xuc roi",negative,criticism
"ko xac dinh",negative,criticism
"noi roi chang nho gi",negative,disappointment
"khong co chat luong",negative,criticism
"noi nhu doc rap",negative,criticism
"video lam chieu cho co",negative,criticism
"clip nhu quay voi",negative,criticism
"noi lech chu de",negative,criticism
"ko co y nghia",negative,criticism
"noi nhieu ma chang co noi dung",negative,criticism
"noi loan xa",negative,criticism
"clip lam theo mot kieu cu",negative,criticism
"noi nhu ke chuyen",negative,criticism
"clip bi rung nhieu",negative,complaint
"co phan edit lam roi mat",negative,criticism
"video doi thuong",negative,disappointment
"noi nhieu ko cap nhat",negative,criticism
"clip bi dung giua chang hieu gi",negative,criticism
"video chang co lo trinh gi",negative,criticism
"noi dai chang de lam gi",negative,criticism
"video kho xem",negative,criticism
"noi doi nhieu",negative,criticism
"noi ma khong co lien ket",negative,criticism
"noi lan man",negative,criticism
"khong co su thong nhat",negative,criticism
"video nhu may chup",negative,criticism
"do an man kinh khung",negative,complaint
"ship lau muon xiu do",negative,complaint
"quan nay phuc vu cham qua",negative,complaint
"mon nay an ngai lam",negative,disappointment
"chan vit hoi ghet",negative,criticism
"banh trang cu nhu cao su",negative,criticism
"tra sua loang nhu nuoc loc",negative,criticism
"an xong hoi bung",negative,disappointment
"quan rong ma phuc vu nhu rua",negative,complaint
"cha gio cu qua, chong mui",negative,criticism
"nuoc cham nha lam",negative,criticism
"order 2 mon giao co 1",negative,complaint
"do an khong tuoi",negative,criticism
"qua ngot, kho nuot",negative,criticism
"tra sua nhat nheo",negative,disappointment
"thach dai nhai hoai",negative,criticism
"chao long hoi hoi",negative,criticism
"shipper ko lien lac",negative,complaint
"cafe nhat va chua",negative,criticism
"co ruoi trong mon an",negative,complaint
"banh trang uot het",negative,complaint
"bot nhieu, nhan it",negative,criticism
"an xong bi dau bung",negative,complaint
"ga ran cu nhu chien lai",negative,criticism
"nuoc mam loang loet",negative,criticism
"khong dat ma van giao",negative,complaint
"gia cao so voi chat luong",negative,criticism
"quan on ao, nhieu ruoi",negative,complaint
"banh beo toan bot, khong co tom",negative,criticism
"bo kho dai nhai muon nut",negative,criticism
"an xong khat nuoc vi man",negative,disappointment
"nem nuong nhieu mo qua",negative,criticism
"tra dao cu nhu the ky truoc",negative,criticism
"order ve mo ra thay bi doi mon",negative,complaint
"cha lua thiu, hoi moc",negative,complaint
"nuoc ep toan da",negative,criticism
"tra sua bi dong mang",negative,complaint
"banh can cu, hoi hoi",negative,criticism
"com tam bi chay mem",negative,criticism
"chao ca nhieu xuong qua",negative,complaint
"quan dong ma nhan vien nhu ngu",negative,complaint
"an xong ma chang thay ngon",negative,disappointment
"nuoc cham qua chua",negative,criticism
"banh xeo toan dau",negative,criticism
"ship 40p ma mon an nguoi nguoi",negative,complaint
"tra sua khong co sua",negative,criticism
"bun dau mam tom loang",negative,criticism
"do an khong nhin duoc",negative,criticism
"phuc vu qua la cham",negative,complaint
"quan doi mon lien tuc",negative,complaint
"banh trang tron qua nhieu dau",negative,criticism
"thach trong ly toan da",negative,criticism
"nuoc da tan het, nhat nheo",negative,criticism
"cha gio khong con nong",negative,disappointment
"nuoc sot chua ngon",negative,criticism
"quan khong co may lanh",negative,criticism
"phuc vu mat lanh nhu tien",negative,complaint
"banh flan nhu bot",negative,criticism
"kem bi chay het khi nhan",negative,complaint
"bun bo khong co thit",negative,complaint
"do an ve mo ra thay bi do",negative,complaint
"tra sua ngot gac co",negative,criticism
"an xong ngat vi bot ngot",negative,disappointment
"ship sai dia chi",negative,complaint
"quan an hoi hoi",negative,criticism
"banh uot bi biet",negative,criticism
"cha ca khong con nong",negative,criticism
"com chien bi soi dau",negative,complaint
"sup bi nguoi khi den noi",negative,complaint
"tra sua toan bot",negative,criticism
"do an man muon khoc",negative,disappointment
"gia tren troi ma mon nho xiu",negative,criticism
"do an chay nuoc",negative,criticism
"nem chua chua lau qua",negative,criticism
"banh mi bi khong gion",negative,criticism
"nuoc mia bi chang ngot",negative,criticism
"com rang nhu bot chien",negative,criticism
"nuoc cham qua nhieu toi",negative,criticism
"tra sua nhin khong dep mat",negative,criticism
"che thieu do",negative,complaint
"banh trang bi kho",negative,criticism
"com van con song",negative,complaint
"do an bi do ra het tui",negative,complaint
"nuoc uong chua le",negative,criticism
"cha gio bi dong dau",negative,disappointment
"do an qua loang",negative,criticism
"phuc vu le me",negative,complaint
"do an nhu chua nau chin",negative,criticism
"ship cham 1 tieng",negative,complaint
"mon uot nhem",negative,criticism
"banh bao khong co nhan",negative,criticism
"sup dai, nhai met",negative,criticism
"tra sua bi chua",negative,complaint
"quan dong nghet, khong sach",negative,criticism
"menu nhieu nhung nhieu mon het",negative,complaint
"do uong bi do het ra tui",negative,complaint
"thach dai va bi nhat",negative,criticism
"khong hop khau vi",negative,disappointment
"com van con song, khong an duoc",negative,complaint
"day la mon gi vay?",neutral,question
"ban an gi trong clip vay?",neutral,question
"nhin nhu mon han quoc phai khong?",neutral,question
"mon nay an kem voi gi thi ngon?",neutral,question
"clip nay quay o dau vay?",neutral,question
"nghe am thanh an gion ghe",neutral,statement
"ban tu nau hay dat tu quan vay?",neutral,question
"cai nay la tom chien xu ha?",neutral,question
"clip co tieng an nghe da tai ghe",neutral,statement
"ban quay bang may gi ma net the?",neutral,question
"clip dai bao lau vay?",neutral,question
"mon an trong clip nhieu calo khong?",neutral,question
"nhin do an ma them ghe",neutral,statement
"cai nay la banh trang cuon phai khong?",neutral,question
"ban co the chia se cong thuc duoc khong?",neutral,request
"video nay co sub khong ban?",neutral,question
"clip co thoi luong bao nhieu?",neutral,question
"ban an nhanh that",neutral,statement
"nghe am thanh muot ghe",neutral,statement
"video nay dang buoi toi ha?",neutral,question
"ban co lam them phan 2 khong?",neutral,question
"day la thuong hieu nao vay?",neutral,question
"do an trong clip duoc nau san hay tu lam?",neutral,question
"clip nay quay tu bao gio vay?",neutral,question
"ban dung micro gi ma ro vay?",neutral,question
"do an trong clip co cay khong ban?",neutral,question
"clip nay co phai la challenge an nhanh khong?",neutral,question
"nhin ban an ma cung muon an theo",neutral,statement
"video nay co dung am thanh thuc te khong?",neutral,question
"co ai biet do an nay ten gi khong?",neutral,question
"ban hay lam mukbang the nay ha?",neutral,question
"clip nay up khi nao vay?",neutral,question
"ngon nhin la biet",neutral,statement
"clip nay co dung filter gi khong?",neutral,question
"ban co the chia se link mua khong?",neutral,request
"co ai da thu mon nay chua?",neutral,question
"video quay ngoai troi ha?",neutral,question
"ban dung cam am thanh nao vay?",neutral,question
"mon an nay co kho lam khong?",neutral,question
"ban co lam video nau an khong?",neutral,question
"video nay thuoc chu de gi vay?",neutral,question
"co ai biet ten do uong trong clip nay khong?",neutral,question
"clip nay co dung micro binaural khong?",neutral,question
"co am thanh nghe da ghe",neutral,statement
"clip nay co edit gi khong vay?",neutral,question
"nghe am thanh gion thi thich ghe",neutral,statement
"clip nay thuoc kenh gi vay?",neutral,question
"ban co quay thuc don trong tuan khong?",neutral,question
"mon nay co ban o sieu thi khong?",neutral,question
"nhin la biet mon nay cay roi",neutral,statement
"day la lan thu may ban lam mukbang vay?",neutral,question
"ban thuong an vao gio nao?",neutral,question
"ban an nhieu thuc pham huu co ha?",neutral,question
"ban lam video moi vao thu may?",neutral,question
"video nay co lien quan toi food tour khong?",neutral,question
"day la an mot minh hay cung ai do?",neutral,question
"co ai cung them nhu minh khong?",neutral,question
"day la video am thanh thuc hay ghep?",neutral,question
"do an nay ban tu nau ha?",neutral,question
"co ai biet o dau ban do an nay khong?",neutral,question
"nhin do an dep mat qua",neutral,statement
"day la clip moi nhat cua kenh ha?",neutral,question
"co cong thuc do an nay khong?",neutral,question
"ban quay bang dien thoai hay may quay?",neutral,question
"co ai thu lam mon nay chua?",neutral,question
"ban an nhanh that do",neutral,statement
"clip nay co phai an cay challenge khong?",neutral,question
"nghe roi ma them theo",neutral,statement
"day la do an chay hay man vay?",neutral,question
"co ai biet cong thuc nuoc cham nay khong?",neutral,question
"co video huong dan lam khong?",neutral,request
"clip nay co dung am thanh binaural khong?",neutral,question
"ban quay tu may quay nao vay?",neutral,question
"co ai thay ban nay an nhieu ma khong beo khong?",neutral,question
"do an nay bao nhieu tien mot phan?",neutral,question
"ban hay an kieu nay ha?",neutral,question
"do an nay ban tu lam hay mua ngoai?",neutral,question
"ban quay video vao buoi toi ha?",neutral,question
"ban thuong review do an o dau?",neutral,question
"ban co len ke hoach truoc khi quay khong?",neutral,question
"video nay co dang o 4k khong?",neutral,question
"clip nay dung may quay nao ma ro the?",neutral,question
"ban an nhieu thuc an nuoc ngoai ha?",neutral,question
"day la video quay o nha ha?",neutral,question
"ban co the cho minh dia chi mua do an khong?",neutral,request
"video nay khong co am thanh, chi hinh thoi ha?",neutral,question
"co ai thay ban nay an rat sang khong?",neutral,statement
"clip nay co cat ghep khong vay?",neutral,question
"do an trong clip la gi vay ca nha?",neutral,question
"ban co the lam clip chia se cach che bien khong?",neutral,request
"co ai xem clip nay luc dang do an khong?",neutral,question
"day la video quay ngoai troi ha?",neutral,question
"video nay co phai la livestream khong?",neutral,question
"ban quay lien tuc hay cat ra tung phan?",neutral,question
"video nay duoc quay bao nhieu phut?",neutral,question
"ban co hay an cay khong?",neutral,question
"ban thuong lam clip vao cuoi tuan ha?",neutral,question
"ban quay bang may nao ma chat luong the?",neutral,question
"ban co hay an nhe buoi toi khong?",neutral,question
"do an co nguoi tai tro ha ban?",neutral,question
"ban co ke hoach lam video tiep theo chua?",neutral,question
"ket xe ca tieng dong ho",negative,complaint
"duong nho ma oto dau loang choang",negative,complaint
"xe may chay nguoc chieu nhieu qua",negative,criticism
"duong ngap nhu song, khong chay xe noi",negative,complaint
"bi tac duong ngay giua trua nang",negative,complaint
"den do roi ma van co nguoi vuot",negative,criticism
"xe buyt dung bat ngo, nguy hiem",negative,criticism
"duong lam xong roi van xoc",negative,criticism
"cau vuot di bo ma xe may leo len",negative,criticism
"duong que ho ga khong nap",negative,complaint
"xe container chay lan xe may",negative,criticism
"tai nan lien tuc o doan nay",negative,disappointment
"khong ai nhuong duong cho cuu thuong",negative,criticism
"xe khach dung bat ngo giua duong",negative,complaint
"duong nay toi qua, khong co den",negative,complaint
"chay xe nhu dua tren duong pho",negative,criticism
"bi CSGT thoi vi loi nho nhat",negative,complaint
"duong ho roi, khong sua chua",negative,criticism
"co giao thong gi ma nhu ran cuon",negative,criticism
"duong lam moi xong da xuong cap",negative,criticism
"xe may leo via he",negative,criticism
"ngay nao cung ket xe o nga tu nay",negative,complaint
"duong nay nhieu o ga qua",negative,complaint
"quay dau ngay giua duong",negative,criticism
"xe o to dau choang het loi di",negative,criticism
"cong truong lam duong hoai khong xong",negative,complaint
"duong qua hep cho luong xe lon",negative,criticism
"den xanh chua sang da bam coi",negative,criticism
"khong thay ai dieu tiet giao thong",negative,criticism
"xe tai chay vuot toc do",negative,criticism
"duong da xau lai con bui",negative,complaint
"phuot thu chay chan nhieu nguoi",negative,criticism
"duong nay cu mua la ngap",negative,complaint
"ke vach duong qua mo",negative,criticism
"canh sat giao thong an mac loi",negative,complaint
"xe uber do day duong",negative,criticism
"nga tu nay tai nan thuong xuyen",negative,disappointment
"xe dap chay chan duong o to",negative,criticism
"khong co cam bien den giao thong",negative,criticism
"duong thi hep, nguoi thi dong",negative,criticism
"xe may chay len via he nhu cho khong nguoi",negative,criticism
"duong cao toc van bi ket",negative,complaint
"di chuyen ca tieng chi 3km",negative,complaint
"duong ho ga mo, nguy hiem",negative,criticism
"xe cuu thuong cung bi ket xe",negative,disappointment
"xe cho hang roi rac xuong duong",negative,criticism
"khong co bien bao ro rang",negative,criticism
"cau vuot da xuong cap",negative,criticism
"duong moi lam ma da bong troc",negative,criticism
"nguoi di bo di tren lan xe may",negative,criticism
"xe taxi chay lum xum",negative,criticism
"nguoi di xe may khong doi mu bao hiem",negative,criticism
"via he bi chiem dung hoan toan",negative,criticism
"duong mot chieu nhieu nguoi van chay nguoc",negative,criticism
"xe khach don tra khach bat quy tac",negative,criticism
"duong ray tau khong co rao chan",negative,criticism
"giao thong lon xon, khong co truc tu",negative,criticism
"xe rac bi roi rac tren duong",negative,criticism
"tai xe mo cua bat ngo gay nguy hiem",negative,criticism
"xe cho da cham nguoi",negative,disappointment
"quay dau khong bao xinhan",negative,criticism
"xe di nguoc chieu chi de tiet 5s",negative,criticism
"van con nguoi leo rao chan bang xe",negative,criticism
"giao thong gio cao diem nhu dia nguc",negative,disappointment
"xe ca nhan qua dong, khong kiem soat duoc",negative,criticism
"cam thay met moi moi lan ra duong",negative,disappointment
"xe container chay cat dau",negative,criticism
"dan ong chay xe nguy hiem hon ca phu nu",negative,criticism
"duong bi hang rong chiem cho",negative,complaint
"khong thay cong an luc cao diem",negative,complaint
"via he bi kinh doanh chiem het",negative,criticism
"xe ban tai leo len dai phan cach",negative,criticism
"den do chua het da bam coi",negative,criticism
"xe may lan vao lan o to",negative,criticism
"duong trơn truot rat nguy hiem",negative,criticism
"xe buyt qua dong nguoi",negative,criticism
"canh sat giao thong khong xu ly vi pham ro rang",negative,complaint
"duong dai ma khong co bang huong dan",negative,criticism
"xe bon nuoc di bat thuong",negative,criticism
"duong cong va hep nguy hiem",negative,criticism
"nguoi di bo khong co loi rieng",negative,criticism
"di xe ban dem rat nguy hiem",negative,criticism
"cong trinh lam duong keo dai",negative,complaint
"xe may tranh nhau tung met",negative,criticism
"xe o to mo cua dot ngot",negative,criticism
"duong qua nho cho luu luong nay",negative,criticism
"vach ke duong khong ro",negative,criticism
"duong xuong cap nhung chua sua",negative,criticism
"xe may cho ba nguoi",negative,criticism
"nguoi lon khong doi mu bao hiem",negative,criticism
"tai xe di ngu gat",negative,criticism
"duong nay ngay nao cung ket",negative,complaint
"xe cho rac hoi thoi",negative,complaint
"giao thong rat hon loan",negative,criticism
"xe may chay vao duong cam",negative,criticism
"xe oto cho hang thi dong ma lam on",negative,complaint
"cau vuot bi rach sat",negative,criticism
"duong bi ngap bien mat vach",negative,complaint
"xe may leo vao duong ray tau",negative,criticism
"di bo tren cau ma con lo xe may",negative,criticism
"xe khach thi don tra tu do",negative,criticism
"bi ket xe tu 6h sang",negative,complaint
"xe dap khong den do",negative,criticism
"Nhìn vậy mà cũng lên mạng nói đạo lý",toxic,insult
"Sống giả tạo như này thì ai tin được",toxic,insult
"Nói thì hay, làm thì như hạch",toxic,insult
"Toàn là phốt mà còn bày đặt dạy đời",toxic,insult
"Chơi bẩn quen rồi nên mặt dày thế",toxic,insult
"Chịu không nổi cái kiểu sống hai mặt",toxic,insult
"Lúc khóc thì livestream, lúc cười thì đổ lỗi",toxic,insult
"Người như này gặp ngoài chắc né xa",toxic,insult
"Nói chuyện mà như vả vào mặt người khác",toxic,insult
"Đúng kiểu sống ảo, không thật chút nào",toxic,insult
"Lên mạng kể khổ để câu thương hại à?",toxic,insult
"Drama nào cũng có mặt, giỏi thật",toxic,insult
"Không biết xấu hổ là gì",toxic,insult
"Lúc cần thì im, lúc hết phốt lại nói",toxic,insult
"Giả nai thấy gớm",toxic,insult
"Lên mạng chém gió thôi chứ ngoài đời vô dụng",toxic,insult
"Thể loại này chỉ giỏi hại người",toxic,insult
"Drama cũ chưa xong đã dính cái mới",toxic,insult
"Mặt dày tới mức không cảm nổi",toxic,insult
"Cứ như bị nghiện nổi tiếng ấy",toxic,insult
"Không biết ngượng là gì luôn",toxic,insult
"Thể loại này thì ai dám chơi cùng",toxic,insult
"Thích làm trung tâm của drama",toxic,insult
"Nói chuyện như giảng đạo mà sống thì ngược lại",toxic,insult
"Có tí fame là nghĩ mình là ngôi sao à?",toxic,insult
"Đúng là miệng thì thánh thiện, tay thì tội lỗi",toxic,insult
"Drama nào cũng nhảy vào được, phục luôn",toxic,insult
"Thích thể hiện mà không biết xấu hổ",toxic,insult
"Người ta gọi là thánh giả trân",toxic,insult
"Chỉ giỏi đổ lỗi, không bao giờ nhận sai",toxic,insult
"Người như này chỉ tổ làm xấu cộng đồng",toxic,insult
"Làm màu quen rồi nên diễn cũng trơn tru",toxic,insult
"Không drama là không sống được à?",toxic,insult
"Lúc nào cũng cố đóng vai nạn nhân",toxic,insult
"Giỏi đóng kịch lắm rồi",toxic,insult
"Xem mà muốn ói",toxic,insult
"Nói một đằng làm một nẻo",toxic,insult
"Đúng kiểu thích gây chú ý",toxic,insult
"Tưởng ai hay ho lắm hoá ra cũng vậy",toxic,insult
"Có tiếng mà không có tâm",toxic,insult
"Sống ảo quen rồi nên không dừng được",toxic,insult
"Cứ đóng vai đáng thương là được tha thứ à?",toxic,insult
"Người như này nên tránh xa",toxic,insult
"Chả có gì ngoài mồm mép",toxic,insult
"Chuyên gia lật mặt",toxic,insult
"Lúc cần im thì lại lên tiếng",toxic,insult
"Cứ tưởng mình là cái rốn của vũ trụ",toxic,insult
"Drama đi đâu cũng thấy mặt",toxic,insult
"Người đâu mà trơ trẽn vậy",toxic,insult
"Nghe mà muốn đập điện thoại",toxic,insult
"Tưởng sao hóa ra cũng cùng một giuộc",toxic,insult
"Sống giả tạo nó quen rồi",toxic,insult
"Làm như mình vô tội lắm",toxic,insult
"Tự biên tự diễn giỏi thật",toxic,insult
"Không nói thì ai cũng biết rồi",toxic,insult
"Nghe như tự bốc thơm mình",toxic,insult
"Phốt cũ chưa giải quyết đã có phốt mới",toxic,insult
"Chắc tưởng dân mạng dễ lừa",toxic,insult
"Giả vờ yếu đuối để được bênh vực",toxic,insult
"Không đáng để quan tâm",toxic,insult
"Lúc nào cũng cố làm người tốt",toxic,insult
"Miệng thì nói đạo lý, tay thì làm tào lao",toxic,insult
"Thấy là biết sắp có drama",toxic,insult
"Chuyên gia chơi dơ",toxic,insult
"Drama này mà cũng dính được, tài thật",toxic,insult
"Cứ lôi chuyện cá nhân lên mạng",toxic,insult
"Không biết nhục là gì",toxic,insult
"Lúc yên thì im, lúc bị bóc thì thanh minh",toxic,insult
"Trơ trẽn level max",toxic,insult
"Phốt ngày càng chất lượng",toxic,insult
"Có fame nên nghĩ gì cũng đúng à?",toxic,insult
"Nghệ sĩ gì toàn phốt",toxic,insult
"Biết mình sai mà còn bào chữa",toxic,insult
"Tưởng lên tiếng là được tha?",toxic,insult
"Đạo lý phát mệt",toxic,insult
"Nói như đúng rồi luôn",toxic,insult
"Drama chưa bao giờ thiếu tên",toxic,insult
"Lúc nào cũng đóng vai đáng thương",toxic,insult
"Chuyên gia chơi vai người bị hại",toxic,insult
"Không có lửa làm sao có khói",toxic,insult
"Lúc hot thì chảnh, lúc bị chửi thì than",toxic,insult
"Toàn đóng kịch, ai tin nổi",toxic,insult
"Đừng giả tạo nữa, mệt lắm rồi",toxic,insult
"Phốt ngày càng sáng tạo",toxic,insult
"Lúc nào cũng thấy drama",toxic,insult
"Không liên quan mà vẫn thích nhảy vào",toxic,insult
"Phốt chồng phốt",toxic,insult
"Chỉ giỏi khóc thuê",toxic,insult
"Diễn sâu quá rồi đó",toxic,insult
"Càng nói càng lộ",toxic,insult
"Có cần phải giả tạo vậy không?",toxic,insult
"Đúng kiểu hám fame",toxic,insult
"Lúc bị bóc thì lại than bị hiểu lầm",toxic,insult
"Chỉ khổ mấy người tin lời",toxic,insult
"Drama muôn thuở",toxic,insult
"Diễn đạt đến mức khó tin",toxic,insult
"Tưởng thật hoá ra là diễn",toxic,insult
"Không biết còn chiêu trò gì nữa",toxic,insult
"Xem mà chỉ thấy chán",toxic,insult
"Nghe như đang đóng vai thánh nhân",toxic,insult
"Thích gây chuyện rồi giả vờ bị hại",toxic,insult
"Chỉ giỏi lôi người khác xuống",toxic,insult
"Đúng là người không có tâm",toxic,insult